Age,Department,Study_Hours_Per_Week,Attendance (%),Midterm_Score,Final_Score,Assignments_Avg,Quizzes_Avg,Participation_Score,Projects_Score,Total_Score,Grade
19,Engineering,6.5,81.57,61.54,46.9,55.21,51.05,64.7,75.57,59.59,F
18,Mathematics,8.1,71.88,61.12,80.9,81.66,61.98,73.6,77.02,77.15,A
22,CS,3.1,60.97,61.28,47.48,88.27,54.61,68.6,89.5,65.29,D
18,Business,6.0,81.41,67.85,89.66,74.28,59.01,75.2,93.25,80.31,A
18,Engineering,4.1,81.68,69.82,70.04,71.13,76.53,74.3,63.57,72.96,B
18,Mathematics,2.5,53.91,83.07,77.0,79.0,84.14,85.3,98.23,83.79,A
21,Business,4.3,85.71,59.99,57.18,82.88,81.54,41.3,95.09,69.6,C
22,Engineering,3.6,94.74,50.16,54.29,100.0,62.17,97.0,81.42,70.29,C
20,Mathematics,4.9,63.67,65.47,87.4,63.62,72.41,70.4,78.71,77.08,A
19,Business,9.1,81.99,77.87,46.42,59.77,66.45,65.7,85.81,68.13,D
20,Business,3.5,99.18,38.73,80.83,91.45,66.29,68.6,66.23,70.89,C
18,CS,1.7,92.28,65.42,62.28,70.25,44.77,76.6,84.64,65.99,D
24,CS,4.3,83.07,73.27,38.26,65.3,61.5,100.0,75.8,64.88,D
22,CS,5.5,73.24,69.93,80.37,49.84,79.63,45.7,60.76,70.91,C
23,CS,4.2,93.23,78.07,57.64,77.09,94.49,80.4,85.12,77.29,A
23,CS,3.0,72.28,57.24,79.78,71.01,55.17,68.6,51.83,67.85,D
19,Engineering,4.3,72.5,58.47,66.91,58.63,70.4,71.3,71.77,67.58,D
23,Business,2.9,78.44,81.34,82.14,53.39,72.3,62.0,71.1,74.52,B
24,Mathematics,7.1,71.21,65.72,74.04,75.93,47.19,82.7,100.0,75.64,B
20,CS,5.4,68.2,88.05,66.98,82.94,74.02,78.9,67.3,78.57,A
18,Engineering,4.6,84.74,63.06,59.69,73.26,85.21,91.5,75.04,73.24,B
24,Business,3.5,69.2,74.35,58.84,69.4,69.41,47.1,98.82,69.69,C
22,CS,4.8,76.44,36.1,35.85,93.61,66.16,58.8,68.07,57.03,F
24,Engineering,5.7,100.0,67.4,94.85,76.4,59.29,52.7,85.35,78.94,A
22,Business,7.8,81.32,55.13,45.9,68.8,57.51,83.4,64.02,62.38,F
21,Business,6.9,81.69,60.15,66.91,82.4,62.75,68.3,59.97,70.15,C
22,Engineering,4.5,79.71,95.09,62.64,86.74,74.53,64.5,52.12,75.91,B
22,Business,4.5,80.2,90.17,57.87,48.23,72.67,41.5,83.21,68.25,D
18,CS,5.6,100.0,58.9,79.57,66.94,55.34,53.0,74.6,69.55,C
19,Engineering,7.8,77.35,46.08,66.36,98.22,62.88,76.1,65.85,71.38,C
23,Mathematics,2.9,74.69,54.41,25.66,72.08,40.22,98.2,60.59,52.75,F
24,CS,7.0,77.45,69.75,62.0,84.29,84.12,82.8,77.31,77.32,A
23,Business,4.4,85.11,54.84,50.29,55.52,63.88,57.3,88.57,60.75,F
20,Business,2.5,93.05,55.82,50.98,85.54,88.41,83.1,64.84,68.59,C
24,Business,2.7,93.36,72.07,77.21,90.34,48.26,100.0,82.35,77.95,A
20,CS,8.5,85.75,49.07,66.12,83.68,80.38,100.0,68.63,75.37,B
18,CS,6.6,81.44,65.38,48.04,78.92,82.82,78.5,95.95,72.49,C
22,Mathematics,4.1,66.01,68.14,61.83,84.04,73.0,61.0,60.96,69.98,C
20,Engineering,6.3,66.46,94.95,59.67,84.97,53.49,88.8,86.89,78.38,A
18,Engineering,3.0,88.16,66.85,50.67,51.27,82.66,74.9,66.33,64.28,D
23,Business,3.1,100.0,58.92,54.61,79.93,76.65,82.0,87.63,70.17,C
23,Business,4.8,85.44,57.55,67.93,86.22,76.27,80.6,65.2,73.24,B
18,Engineering,5.5,72.64,76.15,84.9,68.56,63.3,52.3,74.98,75.96,B
20,Business,5.7,62.09,90.19,69.94,68.94,46.33,88.0,55.06,73.47,B
21,CS,4.7,76.77,54.68,43.54,100.0,54.6,82.0,80.15,65.75,D
18,Engineering,5.3,87.94,75.2,49.18,72.28,61.07,57.5,75.11,65.71,D
18,CS,3.5,92.38,29.66,55.55,89.68,81.95,27.1,73.28,60.13,F
21,Engineering,3.6,73.12,62.96,58.92,64.14,75.15,55.9,60.14,64.57,D
19,Mathematics,2.0,72.98,67.04,69.43,65.66,45.48,73.7,72.95,66.57,D
22,CS,3.6,72.27,48.3,80.61,89.39,72.6,75.5,97.11,77.2,A
18,CS,1.8,91.38,68.2,73.5,74.64,100.0,32.6,68.97,72.94,B
20,Engineering,4.6,57.53,41.29,41.88,76.0,99.41,76.4,64.76,63.55,D
24,Business,3.7,82.25,54.49,61.79,66.14,53.5,77.5,65.57,63.54,D
22,Business,2.2,93.82,52.43,63.23,59.72,80.45,49.3,91.8,65.69,D
20,CS,1.6,82.78,99.36,64.71,70.96,87.99,98.4,74.68,81.24,A
22,Engineering,4.8,83.57,59.19,70.1,61.06,75.56,72.2,70.87,70.07,C
19,CS,4.2,72.11,56.24,72.6,79.73,66.42,88.7,92.13,75.13,B
18,CS,6.1,82.19,56.04,67.4,59.83,85.94,73.3,69.8,70.65,C
23,CS,5.2,68.3,69.65,73.81,73.44,100.0,57.8,48.77,75.35,B
18,CS,3.1,74.03,58.59,65.84,46.6,69.4,40.2,71.64,61.6,F
23,Business,7.3,93.06,59.13,58.42,79.02,66.82,83.4,78.96,71.11,C
23,Mathematics,3.8,68.89,62.27,59.84,84.11,66.22,79.0,87.68,71.52,C
21,Engineering,3.5,88.37,51.86,68.63,83.41,60.87,93.2,44.61,68.13,D
19,Mathematics,2.2,62.0,53.29,20.37,76.78,71.0,100.0,80.92,58.13,F
24,CS,2.6,100.0,46.57,72.14,47.68,69.99,35.6,97.6,63.23,F
21,Mathematics,2.7,73.03,65.66,18.98,96.86,66.77,71.8,63.73,58.27,F
22,Mathematics,7.6,75.9,40.99,45.54,71.33,76.13,49.0,99.8,62.66,F
22,Mathematics,1.9,83.58,52.11,28.91,96.33,69.55,48.3,40.61,53.82,F
24,Business,1.1,64.24,57.86,57.23,97.76,73.76,71.8,73.86,69.58,C
24,CS,5.3,100.0,62.73,44.92,48.41,48.85,73.3,84.08,59.0,F
22,Business,3.7,91.36,73.84,73.34,68.99,72.96,79.8,49.36,72.83,B
24,Mathematics,5.7,72.18,78.75,62.16,71.73,67.25,76.9,71.14,72.9,B
19,Business,6.1,81.32,65.69,46.23,92.2,76.27,97.4,88.85,73.95,B
18,Business,6.0,96.33,84.22,100.0,72.16,72.14,77.2,67.41,85.95,A
20,CS,6.3,74.3,92.99,79.5,85.07,80.09,61.5,39.36,80.46,A
20,CS,4.5,84.3,65.54,23.76,83.43,68.79,55.0,68.45,57.66,F
20,Engineering,4.0,97.36,66.68,61.75,85.03,70.07,78.4,77.78,72.74,C
18,CS,5.9,72.39,52.38,83.57,85.37,58.67,60.4,88.44,74.99,B
18,Engineering,4.3,73.2,48.32,91.89,73.1,61.9,90.3,66.02,75.26,B
19,Engineering,4.7,68.4,66.23,76.35,89.24,71.91,51.3,74.83,75.29,B
23,Engineering,5.1,75.45,43.64,47.16,56.78,58.0,81.7,97.83,60.6,F
24,Engineering,2.9,60.93,70.62,66.92,59.37,55.8,77.6,79.59,68.64,C
20,Business,4.6,62.39,76.43,68.7,84.67,54.28,66.3,68.42,72.51,C
19,CS,5.1,80.3,81.24,58.65,64.52,95.6,68.4,74.91,74.74,B
19,CS,6.5,79.8,69.85,57.71,67.53,82.49,85.1,79.18,73.46,B
18,Mathematics,4.1,88.45,84.56,39.08,88.94,60.82,44.4,82.38,65.83,D
20,Engineering,6.8,84.95,62.31,39.49,73.13,78.83,72.4,72.13,64.96,D
20,Business,2.0,79.65,77.86,88.01,81.59,57.75,70.6,68.14,77.75,A
24,Business,4.4,78.08,84.02,56.69,89.59,60.55,39.6,63.02,68.79,C
18,CS,8.4,97.72,60.29,51.77,59.93,50.49,74.7,93.35,65.16,D
19,Business,2.3,76.46,89.65,37.04,74.55,60.32,72.7,68.27,64.52,D
24,Business,4.1,100.0,85.45,83.63,83.15,46.84,58.7,80.18,77.62,A
21,CS,6.4,84.23,57.74,49.53,58.22,82.99,51.0,45.5,60.44,F
18,Engineering,2.9,59.47,57.99,52.34,77.41,86.44,65.2,65.35,66.38,D
19,Mathematics,6.4,77.3,100.0,51.93,63.77,71.57,95.5,61.06,74.74,B
22,Business,0.0,89.37,87.87,90.35,98.57,69.68,100.0,72.96,87.21,A
24,Mathematics,4.3,73.1,65.3,93.99,68.73,38.85,66.7,61.52,72.37,C
23,Business,3.5,69.21,71.02,69.96,80.85,51.28,75.9,46.72,69.02,C
21,CS,3.8,87.45,43.71,50.22,87.77,100.0,72.0,39.57,65.03,D
20,CS,3.2,82.08,88.3,71.95,76.41,80.83,67.2,80.49,79.2,A
23,CS,1.4,94.08,72.43,78.54,76.59,63.53,56.7,74.69,72.9,B
24,Business,5.1,78.84,72.24,100.0,78.08,87.29,44.3,54.56,81.69,A
18,Engineering,5.3,96.28,73.12,92.96,49.54,56.13,45.1,77.08,73.23,B
22,Mathematics,3.3,83.85,57.59,65.69,63.0,74.39,83.0,38.69,65.65,D
20,Engineering,4.3,96.17,70.95,59.62,98.26,70.45,65.4,64.67,72.54,C
20,Engineering,3.7,65.73,66.28,63.66,93.08,57.26,48.5,57.26,67.33,D
18,Mathematics,4.2,66.79,79.05,50.54,62.29,87.83,62.9,85.51,70.43,C
19,Engineering,3.1,82.9,50.92,52.59,73.06,50.76,84.3,81.04,62.62,F
21,Business,3.7,74.04,71.24,34.3,84.66,79.46,68.8,51.18,63.0,F
19,CS,5.0,90.85,70.54,59.29,65.51,82.38,66.7,82.47,71.5,C
18,Mathematics,5.0,90.24,70.29,53.6,75.09,72.42,65.6,86.86,70.01,C
21,Engineering,3.3,87.46,89.93,77.47,69.39,62.67,94.6,72.44,79.39,A
19,Business,3.4,85.29,43.83,57.03,100.0,87.97,89.0,88.44,73.51,B
21,Business,3.4,81.71,86.85,62.83,60.3,92.47,68.7,85.38,76.24,B
19,Business,1.7,63.11,34.63,57.5,87.72,81.87,86.1,53.49,64.42,D
21,Mathematics,4.2,84.57,68.51,57.16,49.45,70.23,84.4,79.97,67.34,D
19,Mathematics,0.5,93.98,77.23,63.32,71.03,79.62,94.9,99.89,76.77,B
24,Engineering,5.0,83.34,69.15,68.18,77.32,68.79,90.0,58.12,73.51,B
18,Engineering,3.6,60.12,64.4,67.68,82.51,51.03,88.5,93.19,73.18,B
20,Mathematics,4.8,91.55,79.34,48.25,61.32,72.28,71.8,79.79,67.94,D
24,Business,5.2,90.14,70.01,74.15,43.0,72.08,61.9,89.56,71.26,C
20,Mathematics,2.8,56.68,55.35,77.13,96.48,68.81,89.6,75.69,76.93,B
23,Mathematics,1.6,93.84,65.33,51.24,68.67,44.13,78.5,59.52,59.96,F
19,Mathematics,4.9,74.54,70.55,59.61,75.43,84.2,60.1,98.55,74.25,B
19,CS,0.9,61.92,71.65,52.4,79.89,65.42,100.0,72.95,69.59,C
24,Business,2.7,100.0,40.38,81.48,69.38,75.43,86.2,91.02,73.31,B
21,CS,3.4,67.37,75.01,78.09,66.78,98.16,46.2,58.52,75.34,B
19,Engineering,2.5,71.21,46.38,50.59,63.5,71.66,100.0,65.57,62.53,F
19,Engineering,4.9,91.3,74.99,73.47,88.41,83.28,67.9,78.65,79.9,A
19,Engineering,6.2,98.51,48.38,79.21,100.0,73.31,66.4,62.07,75.38,B
19,Engineering,3.8,57.97,60.33,64.72,66.46,78.88,67.0,67.3,68.61,C
19,CS,4.2,62.66,75.31,70.86,45.66,89.97,53.4,83.35,72.44,C
21,CS,4.7,94.74,40.29,50.23,75.19,65.6,82.5,75.57,62.4,F
21,CS,1.7,82.86,46.01,65.85,59.32,46.58,90.9,89.29,63.71,D
23,Mathematics,4.5,86.18,56.84,54.62,96.64,42.97,86.1,74.87,67.04,D
24,Engineering,5.6,100.0,76.78,56.23,90.61,65.07,41.6,88.99,71.44,C
23,Mathematics,7.0,78.45,73.55,63.86,87.29,72.88,53.4,74.89,74.22,B
23,Engineering,4.8,86.72,67.63,54.95,75.86,83.13,84.0,66.51,71.31,C
22,Business,2.3,60.63,56.83,33.76,81.89,65.48,71.3,77.3,59.61,F
24,Engineering,0.9,73.56,83.09,71.12,73.84,53.99,54.1,69.3,69.92,C
23,CS,3.8,63.06,50.34,68.13,85.86,76.98,40.1,69.4,67.78,D
19,CS,6.4,63.34,76.41,60.21,96.45,97.13,62.0,73.35,79.12,A
19,Business,3.1,82.43,60.57,90.83,83.41,55.28,93.1,52.6,76.29,B
23,Engineering,2.9,75.41,68.45,53.89,93.1,72.27,47.3,66.63,67.51,D
21,CS,4.8,76.67,58.77,94.12,66.18,64.32,69.9,76.98,76.65,B
19,Engineering,0.7,75.99,41.23,55.93,68.45,64.34,30.3,72.79,55.6,F
22,Engineering,2.5,82.95,86.69,58.69,87.1,88.4,78.5,77.9,78.16,A
21,Mathematics,2.2,86.74,68.23,56.18,40.92,45.04,100.0,61.99,60.69,F
24,CS,2.5,87.24,72.69,61.66,72.28,72.38,61.8,82.03,70.37,C
24,CS,4.1,90.57,82.27,49.06,46.99,76.59,69.5,47.24,63.43,D
24,Mathematics,3.0,69.99,59.82,54.85,45.22,98.52,76.7,97.79,68.93,C
22,Business,5.5,62.36,51.26,40.67,66.75,73.71,26.5,67.78,55.7,F
18,Mathematics,5.2,75.65,59.31,59.07,47.56,68.19,88.3,64.22,64.8,D
19,Business,6.3,71.09,77.08,87.03,70.95,65.54,41.6,55.39,74.85,B
19,Engineering,6.7,100.0,71.49,50.01,56.17,52.86,56.1,76.62,62.28,F
19,Mathematics,4.1,69.51,51.47,90.87,88.92,54.41,79.6,90.86,78.15,A
22,Engineering,1.3,91.99,100.0,72.04,74.33,59.69,73.3,70.7,76.77,B
18,CS,1.4,62.79,49.28,85.98,74.6,60.62,59.7,67.17,69.32,C
21,CS,2.5,86.1,57.87,74.42,66.97,86.01,62.5,51.22,69.47,C
23,Business,3.4,71.01,65.58,55.11,69.64,74.59,69.6,84.64,68.41,D
23,CS,4.3,78.61,73.4,62.79,84.85,73.62,74.9,78.43,74.77,B
19,CS,6.5,83.59,71.93,52.86,67.45,58.74,86.9,75.57,68.67,C
18,CS,6.3,78.49,65.04,57.65,70.3,71.32,70.2,62.92,68.01,D
21,Business,6.3,68.92,46.95,85.26,74.26,62.92,71.0,91.88,74.98,B
20,Business,6.8,100.0,54.62,43.4,75.57,49.26,48.5,59.36,56.85,F
19,Mathematics,5.9,72.78,58.82,59.58,60.06,69.14,82.8,60.44,66.29,D
22,CS,6.5,100.0,67.99,54.98,74.7,80.88,73.8,62.02,70.26,C
22,CS,7.2,89.13,59.23,55.07,85.51,84.32,71.7,60.65,70.68,C
18,CS,4.0,73.07,50.88,71.92,82.9,67.63,66.8,98.89,72.9,B
20,CS,6.0,96.73,82.42,64.7,86.63,74.41,56.5,94.85,78.18,A
19,Engineering,4.7,74.68,73.34,74.94,79.43,68.05,66.1,39.3,72.16,C
18,Mathematics,4.0,75.7,28.63,74.85,58.07,52.33,69.5,72.1,60.9,F
18,CS,6.7,72.1,55.42,61.58,89.41,83.34,59.1,93.55,74.09,B
24,CS,3.4,70.37,78.0,76.14,66.99,51.32,59.6,83.29,72.18,C
24,Engineering,3.7,79.9,82.72,58.39,62.94,87.19,62.3,85.92,73.25,B
19,CS,6.0,71.56,53.5,66.75,89.23,39.57,83.9,72.94,68.73,C
24,Engineering,5.3,75.24,58.26,42.34,100.0,73.62,56.8,64.55,65.18,D
19,CS,6.7,86.38,75.76,60.31,73.77,80.07,60.7,58.63,71.6,C
22,Business,5.7,75.38,82.6,60.99,75.72,57.99,58.0,90.88,72.61,C
24,CS,4.0,86.53,58.51,41.73,81.16,62.98,28.8,72.15,57.94,F
20,Engineering,3.5,88.76,68.68,55.32,55.54,55.3,66.7,86.89,64.07,D
18,Engineering,2.4,83.93,49.93,61.86,59.33,75.85,51.8,69.54,62.16,F
23,Business,2.6,98.62,78.15,68.28,95.41,81.37,25.1,58.45,72.29,C
23,Mathematics,7.0,80.17,88.61,70.27,52.53,39.64,63.5,67.56,69.23,C
18,CS,8.2,97.59,86.63,33.21,64.8,65.27,70.4,67.8,64.72,D
21,CS,5.6,59.23,77.17,73.02,78.18,91.61,43.4,80.95,78.04,A
23,Engineering,3.4,66.85,39.47,70.86,85.28,93.47,73.2,64.79,71.46,C
18,Engineering,4.7,89.63,54.54,42.15,54.43,34.23,90.2,65.55,54.78,F
18,Engineering,4.4,73.23,53.52,37.05,61.6,66.02,91.1,78.77,60.15,F
23,Business,5.2,98.1,69.52,69.14,92.93,73.57,42.2,54.5,71.89,C
21,Mathematics,6.9,63.5,49.35,78.63,56.9,79.67,55.8,77.31,70.71,C
24,CS,4.5,73.82,77.77,61.16,54.15,44.37,66.3,89.85,66.54,D
22,Engineering,4.7,87.54,54.31,64.25,79.78,58.46,86.8,69.82,68.88,C
20,Engineering,5.7,90.8,62.2,70.96,100.0,88.28,94.6,76.09,81.89,A
23,Mathematics,4.8,79.8,66.66,39.98,62.71,77.55,72.0,46.72,60.64,F
21,Business,5.0,77.94,70.44,45.17,68.21,69.57,74.4,50.45,63.29,F
24,Engineering,4.9,94.32,40.92,62.33,66.87,59.23,59.0,81.33,62.28,F
23,CS,7.0,85.74,71.64,64.08,81.84,74.64,97.9,61.8,76.49,B
22,Engineering,4.7,81.99,78.59,75.58,66.53,66.85,90.8,69.2,76.75,B
22,Business,2.5,75.8,87.32,71.99,66.39,51.93,43.7,64.86,68.91,C
21,CS,5.2,84.14,51.74,57.0,93.62,41.91,67.8,79.79,65.14,D
20,Engineering,4.0,57.3,59.45,59.58,59.21,62.34,85.4,62.0,64.74,D
20,CS,6.9,67.2,87.41,39.32,65.29,63.21,82.7,92.2,69.49,C
20,Business,3.1,98.39,45.13,73.22,73.77,71.75,83.2,65.22,69.21,C
18,CS,4.9,62.86,40.8,56.73,56.67,78.79,27.6,89.25,59.63,F
19,Mathematics,4.4,94.26,62.85,82.41,60.62,77.38,62.9,38.15,70.3,C
20,Business,5.3,83.31,55.5,77.76,74.38,61.11,63.8,72.24,71.01,C
20,Business,8.2,76.16,29.55,74.33,68.57,63.48,53.2,92.2,66.66,D
24,CS,4.7,59.74,72.9,84.2,75.95,56.55,67.4,92.4,78.04,A
24,CS,7.0,88.88,66.63,72.25,90.49,63.75,79.6,86.82,78.28,A
24,CS,5.2,82.69,65.79,54.87,61.18,68.69,82.3,88.23,68.75,C
21,Mathematics,1.7,66.44,61.47,88.32,70.06,55.74,80.8,82.35,74.82,B
20,Engineering,6.4,55.16,73.87,85.19,56.19,36.8,97.1,72.93,74.48,B
22,Business,2.2,84.54,69.04,54.16,100.0,76.94,46.8,66.34,69.01,C
23,CS,7.7,97.59,70.89,71.56,86.9,57.37,73.0,87.86,77.22,A
22,Business,4.3,83.03,82.82,48.6,88.95,66.17,92.7,93.11,75.14,B
19,Business,4.7,55.76,73.17,56.86,66.58,72.12,68.4,71.59,68.85,C
23,CS,6.4,74.36,65.97,77.8,56.98,63.4,93.8,55.12,72.68,C
24,Business,6.5,82.37,63.97,74.86,57.0,45.86,98.2,75.92,71.34,C
20,Engineering,2.2,70.48,65.81,59.63,72.22,77.04,79.6,57.55,68.26,D
24,Engineering,6.1,81.0,61.98,56.65,69.45,64.96,74.9,58.34,65.93,D
20,Business,3.6,58.32,60.88,52.87,77.96,52.11,79.4,43.54,61.64,F
19,Business,4.5,91.71,76.62,74.82,59.95,75.36,75.6,72.66,75.14,B
22,CS,2.1,83.16,77.6,80.33,51.28,49.86,84.6,68.53,71.15,C
21,CS,6.9,93.14,76.22,55.81,64.93,90.68,61.9,83.58,73.33,B
24,Business,4.9,74.66,68.18,79.76,84.22,69.39,74.9,66.74,77.22,A
23,Mathematics,4.8,54.82,90.26,65.7,78.37,53.04,82.3,80.59,76.16,B
21,Business,5.1,79.66,60.07,56.3,83.31,79.12,64.5,70.18,69.29,C
21,CS,5.0,78.84,87.75,30.04,81.39,54.26,86.9,85.17,66.62,D
21,Mathematics,4.0,71.5,44.02,70.8,86.2,89.39,67.0,97.77,74.86,B
20,CS,1.8,62.84,92.99,30.91,85.55,68.98,100.0,77.87,69.74,C
21,Engineering,1.2,66.07,63.22,56.08,87.35,71.61,36.9,93.94,67.0,D
18,CS,3.5,99.52,69.44,65.01,96.6,60.6,96.8,70.77,75.48,B
20,CS,6.2,81.18,53.19,34.88,81.83,79.42,48.6,69.06,60.16,F
23,Mathematics,4.1,69.99,75.34,60.98,96.39,67.97,55.6,79.98,73.62,B
22,CS,4.3,68.32,46.36,94.65,97.35,49.71,63.8,79.98,76.25,B
21,CS,3.0,100.0,65.25,77.52,68.77,69.57,57.1,87.74,73.04,B
19,Engineering,4.1,71.16,61.49,71.06,89.53,71.74,56.5,67.64,72.27,C
20,Business,3.9,70.27,87.99,70.73,79.66,69.56,65.8,77.05,77.44,A
23,Engineering,3.9,68.36,66.49,67.32,79.54,84.04,100.0,77.5,77.73,A
18,Business,6.9,67.17,63.93,98.36,79.63,55.12,74.1,73.09,80.68,A
23,Business,5.6,71.21,100.0,56.46,64.32,72.87,83.6,64.86,75.16,B
23,Mathematics,0.9,94.75,42.62,63.43,69.79,65.47,90.4,65.26,63.86,D
20,Engineering,4.0,68.77,61.47,68.1,67.84,72.32,64.7,75.25,69.74,C
20,Engineering,2.6,87.57,75.93,54.49,65.32,92.27,54.7,83.79,70.32,C
18,Engineering,4.9,49.72,60.72,83.88,65.82,52.98,37.8,85.87,69.95,C
21,CS,5.9,79.52,55.87,52.86,77.91,83.75,63.6,75.61,68.15,D
21,CS,5.1,64.07,69.69,78.42,80.91,79.18,73.6,75.17,78.9,A
22,Engineering,4.1,81.4,71.26,76.29,71.5,77.66,63.9,74.96,75.45,B
19,Business,4.0,78.22,68.9,52.87,70.8,64.58,50.7,93.01,66.32,D
21,Mathematics,1.0,76.01,60.33,54.61,79.6,65.98,64.8,59.81,63.25,F
20,Business,5.1,66.4,59.79,79.01,66.08,76.1,79.3,59.16,73.38,B
23,Mathematics,2.6,77.92,85.85,31.32,87.51,85.53,77.1,85.62,70.09,C
20,Mathematics,7.1,69.7,64.24,34.44,43.64,81.2,84.3,60.71,59.96,F
20,Engineering,2.9,84.83,62.65,53.57,81.48,86.14,68.2,72.35,69.25,C
18,Business,5.5,92.33,57.06,66.94,83.4,58.68,70.6,77.26,70.34,C
23,Mathematics,4.0,99.07,76.32,49.88,84.69,53.24,75.9,89.41,69.45,C
21,CS,6.3,86.13,88.76,37.02,72.55,85.28,91.9,66.42,71.51,C
24,CS,2.4,100.0,81.24,77.44,86.95,83.37,52.3,100.0,81.46,A
19,Business,4.1,70.35,86.58,64.7,87.68,85.74,64.0,100.0,81.19,A
23,CS,5.4,100.0,77.14,60.43,74.84,99.94,79.1,85.27,78.91,A
19,Mathematics,3.9,87.97,73.21,75.1,71.42,72.36,80.6,63.16,75.06,B
20,Mathematics,4.6,91.86,68.85,52.23,76.8,42.63,78.6,63.59,63.87,D
22,Mathematics,2.6,82.94,51.86,88.02,56.97,83.29,85.3,87.77,76.42,B
24,CS,6.4,76.34,51.82,68.68,70.44,54.37,72.5,74.99,67.64,D
18,Engineering,5.3,78.78,83.55,69.31,60.46,90.46,80.1,60.64,76.87,B
19,CS,3.7,68.43,66.95,63.25,78.16,78.53,100.0,79.38,75.66,B
19,CS,4.8,66.31,71.38,37.16,57.69,80.52,54.6,66.46,60.66,F
23,CS,9.6,95.8,59.23,88.66,65.0,99.56,75.1,89.56,84.39,A
24,Mathematics,5.0,79.96,84.48,91.36,68.19,59.4,73.2,81.25,81.39,A
24,CS,4.2,69.29,79.47,68.41,81.15,47.12,54.8,98.24,73.06,B
23,Business,4.6,80.89,62.65,69.61,55.57,69.15,70.6,69.12,68.39,D
20,CS,4.1,89.08,74.09,50.58,63.36,62.07,76.4,47.7,63.27,F
19,Business,2.8,68.55,78.31,33.76,66.83,70.08,44.8,77.6,59.97,F
21,Engineering,6.9,84.33,70.01,58.5,78.34,47.71,66.1,72.31,67.75,D
23,Engineering,2.7,71.76,77.83,64.37,65.83,93.36,84.2,53.34,73.86,B
21,Business,2.7,82.72,70.77,56.2,76.05,67.7,84.5,89.71,71.35,C
21,Mathematics,3.7,69.85,74.39,56.29,68.55,64.09,75.0,56.06,66.62,D
22,Engineering,6.1,76.58,81.19,77.0,72.71,70.05,97.2,62.82,79.8,A
23,CS,5.7,72.53,43.15,61.48,77.83,71.28,52.8,87.37,66.31,D
21,Business,4.4,75.52,62.64,53.1,77.52,78.51,33.4,84.34,65.84,D
19,Business,3.3,94.84,62.12,53.35,50.43,63.89,67.7,90.02,63.0,F
19,Business,6.2,73.38,60.6,57.3,79.45,78.91,65.5,94.52,72.17,C
18,CS,4.7,79.73,84.13,60.16,85.82,54.33,37.0,65.9,68.54,C
20,CS,1.7,79.11,52.68,56.44,74.64,95.05,67.3,75.18,68.02,D
21,Engineering,2.9,69.31,68.87,43.79,67.12,74.04,64.5,87.56,64.74,D
21,CS,7.6,77.89,77.18,71.95,79.3,76.94,47.3,77.01,76.69,B
19,Business,6.1,79.11,60.91,54.74,71.75,60.16,36.6,72.97,62.4,F
24,Engineering,5.2,71.02,67.7,76.01,72.14,67.38,100.0,91.87,79.06,A
19,Business,5.1,79.05,53.79,62.96,60.63,75.36,72.4,56.2,65.45,D
24,CS,5.3,75.36,56.39,60.68,80.01,60.38,61.5,93.32,68.67,C
18,Engineering,3.5,60.16,71.72,40.38,91.85,89.38,82.4,99.76,73.61,B
24,CS,4.9,91.71,61.35,71.39,76.45,32.52,64.7,81.94,67.15,D
23,CS,4.6,96.1,52.5,74.54,60.27,66.93,67.3,97.96,70.77,C
20,Mathematics,6.6,94.79,67.44,58.32,76.64,85.2,76.1,66.55,72.82,B
20,Business,3.3,70.28,59.76,67.6,95.25,80.65,57.1,83.89,74.37,B
19,CS,7.4,67.11,44.5,80.3,52.85,76.01,82.7,76.14,71.9,C
18,Mathematics,4.0,75.63,63.68,68.21,89.49,72.62,60.9,89.05,74.51,B
21,Business,3.5,72.13,87.8,61.55,69.46,63.86,34.5,73.76,68.6,C
23,Business,5.2,84.37,77.85,59.12,79.46,90.81,57.6,98.98,77.1,A
24,Engineering,4.3,63.54,84.05,80.16,63.11,65.54,64.9,69.36,75.73,B
21,Mathematics,7.4,76.97,63.48,54.76,82.26,69.56,78.2,57.96,69.21,C
24,Business,6.3,63.33,68.19,66.04,67.69,74.31,80.7,87.99,74.77,B
24,Mathematics,7.7,60.71,67.17,70.27,77.03,50.28,51.3,73.04,69.9,C
18,CS,3.6,66.64,43.96,82.62,93.58,85.47,100.0,77.45,79.98,A
24,CS,4.0,91.03,100.0,49.73,88.24,86.8,96.9,77.16,80.58,A
19,CS,3.0,68.87,64.73,51.23,66.07,77.9,74.0,85.46,67.36,D
20,Business,1.9,72.54,69.3,46.67,86.28,59.92,100.0,58.09,66.55,D
21,Mathematics,6.2,91.67,57.98,70.57,79.5,61.01,94.7,72.37,73.65,B
23,Mathematics,5.3,77.45,54.2,51.72,73.95,74.93,94.6,83.63,69.16,C
19,CS,5.9,81.7,80.84,63.8,78.36,73.66,51.3,70.07,73.2,B
18,Mathematics,2.2,87.39,67.64,94.54,79.1,48.87,63.7,86.36,77.19,A
23,Engineering,3.5,77.73,50.94,54.8,99.85,75.39,100.0,79.18,72.58,C
20,Engineering,0.8,96.19,39.55,47.77,71.78,59.51,40.4,84.32,54.81,F
23,CS,4.4,84.74,48.91,33.0,69.15,62.79,53.1,77.48,54.73,F
22,Mathematics,4.0,81.57,45.98,77.15,89.04,72.17,70.9,65.79,72.19,C
23,Business,3.9,100.0,74.84,59.02,79.06,46.44,19.8,66.94,62.12,F
22,Business,2.0,87.62,64.58,60.84,67.14,76.41,32.1,78.56,64.77,D
21,Business,3.7,83.76,92.59,99.71,76.97,72.12,60.3,71.28,85.8,A
20,Business,3.1,63.46,82.08,54.62,66.35,79.49,40.9,78.39,68.16,D
18,CS,3.1,88.81,54.12,82.3,74.15,73.98,92.9,64.58,75.03,B
18,Engineering,4.8,79.67,60.54,67.01,67.11,47.88,82.2,55.08,65.59,D
18,Engineering,7.1,71.65,48.3,100.0,68.72,57.55,61.5,86.28,76.93,B
19,CS,4.4,87.47,96.51,73.27,69.35,70.76,47.2,57.46,74.97,B
23,Engineering,3.3,84.16,52.45,74.46,59.85,81.07,64.2,55.84,67.62,D
22,CS,2.1,87.71,63.75,61.48,81.07,78.47,68.8,61.16,69.17,C
22,CS,6.4,90.9,69.71,47.33,60.9,41.83,62.3,67.83,59.76,F
24,CS,4.5,78.38,70.83,49.74,65.36,71.65,87.4,87.4,69.37,C
22,Business,3.2,72.63,57.82,62.18,55.95,65.39,44.6,100.0,64.48,D
21,CS,7.6,77.83,63.69,36.27,93.36,74.56,100.0,67.66,69.37,C
19,Business,5.0,81.41,39.82,57.88,77.45,80.85,42.1,90.59,64.84,D
22,Mathematics,5.2,87.1,59.75,36.48,75.88,92.13,60.5,60.92,62.84,F
19,Mathematics,2.2,63.78,69.88,82.9,78.65,62.82,96.5,91.29,79.95,A
19,CS,5.6,79.45,45.48,54.64,89.18,57.75,54.9,73.41,63.16,F
22,Engineering,6.5,84.0,63.09,70.64,73.59,58.8,100.0,82.26,75.14,B
24,Mathematics,3.2,62.77,52.97,31.95,75.41,38.51,85.3,66.68,54.07,F
19,Business,1.9,77.97,61.91,58.67,78.33,75.42,58.2,71.92,67.01,D
23,Mathematics,3.2,83.27,56.99,35.78,62.66,73.96,80.6,79.73,60.26,F
19,Mathematics,6.4,68.9,66.74,36.85,56.6,50.58,90.4,84.26,61.15,F
23,Business,3.2,69.5,71.46,72.33,66.83,80.63,65.0,63.2,72.53,C
24,Engineering,6.4,76.9,71.4,55.16,68.96,78.64,94.7,79.59,73.6,B
24,Mathematics,4.3,84.42,60.61,62.97,72.6,79.47,58.5,79.55,69.78,C
21,Engineering,5.5,75.49,86.46,45.07,85.5,63.51,63.3,92.3,71.47,C
24,Engineering,6.8,74.85,27.09,91.97,64.16,67.29,60.0,79.44,70.07,C
24,CS,6.3,86.41,88.25,48.07,95.69,65.31,78.7,71.08,74.35,B
19,CS,5.9,66.61,70.41,54.04,61.76,75.67,41.9,43.94,62.44,F
19,Business,3.2,73.84,72.24,77.54,66.41,100.0,69.9,92.69,80.53,A
24,Business,4.0,58.47,44.04,48.36,75.9,84.11,100.0,76.41,66.96,D
22,Engineering,7.0,80.31,64.84,62.92,97.98,60.9,37.8,88.91,71.85,C
24,Business,2.7,76.11,59.4,68.35,98.38,59.91,80.0,79.7,73.45,B
23,Business,4.6,78.65,57.81,93.38,63.0,46.72,50.3,96.49,73.01,B
22,CS,2.9,97.55,76.1,43.56,68.06,83.27,70.1,74.33,66.88,D
20,Engineering,4.7,85.21,55.65,49.8,64.13,75.6,73.1,100.0,66.69,D
22,Engineering,7.8,76.04,93.93,57.51,76.61,83.58,100.0,84.32,82.4,A
19,Business,3.6,72.09,70.05,46.09,89.62,76.24,73.8,59.4,67.84,D
23,CS,5.5,74.69,77.25,70.9,74.83,76.56,84.0,89.27,79.51,A
19,Business,1.8,75.46,55.15,62.26,76.34,85.69,83.5,84.69,71.73,C
20,CS,5.5,83.0,30.73,52.22,66.66,82.43,65.0,63.87,59.81,F
19,CS,6.1,59.28,57.32,53.72,81.67,67.54,73.2,94.44,69.78,C
23,Mathematics,8.4,90.73,74.02,47.66,78.61,75.13,58.2,67.46,68.93,C
22,CS,4.2,92.82,43.96,62.02,67.87,63.8,64.9,59.4,61.68,F
20,Business,2.4,72.13,52.01,81.53,77.08,45.39,73.7,76.42,69.44,C
23,Engineering,2.9,82.64,48.6,65.69,82.1,52.37,40.4,61.97,61.28,F
20,CS,6.1,73.29,63.95,82.37,79.29,48.91,65.2,79.25,74.23,B
21,Business,4.5,76.47,60.86,51.22,78.48,37.74,72.5,73.54,61.82,F
22,Engineering,7.1,94.59,55.92,52.46,76.12,84.25,31.8,92.21,66.93,D
23,CS,2.4,93.76,62.64,49.91,70.14,78.05,76.1,79.99,66.54,D
23,CS,3.7,86.23,55.95,77.62,67.5,58.61,95.2,64.5,71.21,C
18,Business,3.0,63.37,76.06,69.42,83.23,55.42,62.6,74.56,72.05,C
19,CS,4.4,90.33,90.25,84.83,70.88,46.05,66.8,61.52,76.07,B
18,Business,6.9,84.05,96.0,76.55,62.6,87.4,69.3,84.97,83.54,A
21,Engineering,5.9,76.54,81.61,72.34,92.76,44.93,80.7,80.38,77.74,A
24,Business,2.3,83.42,56.12,72.52,80.37,69.6,67.7,63.67,69.76,C
19,Mathematics,2.4,79.0,100.0,81.12,79.77,55.77,85.7,82.37,82.67,A
20,Business,4.8,74.73,42.26,80.22,90.18,69.09,79.9,79.82,74.78,B
24,Business,3.7,77.54,71.11,49.92,49.03,71.07,61.4,80.17,63.22,F
22,Business,5.8,85.24,44.65,50.03,75.02,69.53,72.6,72.45,63.03,F
21,CS,4.8,90.96,34.48,69.64,78.17,73.38,33.1,78.62,64.09,D
21,CS,4.5,75.45,61.68,48.45,91.96,41.22,72.2,78.42,64.16,D
20,CS,3.4,93.79,78.9,61.47,86.89,68.95,87.8,68.62,74.94,B
21,Business,3.8,82.22,66.99,47.56,77.46,57.5,59.9,83.79,64.18,D
23,Business,7.2,73.53,51.0,77.85,85.52,66.22,77.8,79.09,75.6,B
21,Engineering,3.7,73.61,70.97,58.58,76.91,64.88,63.8,88.11,70.08,C
22,CS,2.7,63.37,57.8,51.04,75.52,82.57,57.2,65.82,64.24,D
20,Engineering,2.7,82.75,48.98,64.18,59.19,62.45,78.9,68.33,63.37,D
18,Engineering,7.5,92.94,68.54,51.9,75.95,73.5,86.0,43.02,68.35,D
23,Mathematics,3.5,71.48,49.6,54.16,72.16,57.55,74.9,81.72,63.04,F
18,Mathematics,2.7,70.04,72.65,92.64,55.3,68.93,69.8,84.63,77.75,A
18,Business,4.3,90.22,78.15,60.38,84.41,57.94,96.2,95.65,76.43,B
23,Business,2.2,66.13,47.19,66.74,54.86,66.23,62.7,65.66,61.56,F
20,CS,2.3,95.9,62.08,70.13,63.13,66.29,91.2,73.56,70.49,C
24,CS,2.8,95.01,50.65,71.26,62.58,62.42,65.1,81.97,66.37,D
18,Engineering,3.3,73.93,45.2,90.4,92.34,94.71,70.3,71.97,80.09,A
19,Business,4.4,78.42,53.03,65.01,78.85,70.82,90.3,69.93,70.78,C
19,Engineering,2.8,77.46,65.46,67.84,96.27,65.95,64.2,97.92,75.39,B
23,Engineering,4.0,63.19,70.87,56.28,85.16,64.11,100.0,58.27,71.28,C
18,CS,6.1,100.0,63.78,82.87,68.77,69.68,57.9,96.52,76.88,B
19,Business,6.4,99.06,57.7,79.84,69.39,66.9,77.7,72.92,74.2,B
20,Engineering,3.4,99.57,72.43,42.31,88.32,89.05,38.3,88.89,68.2,D
22,Business,4.9,70.47,49.32,74.78,87.0,57.53,63.5,64.84,69.26,C
22,Engineering,5.4,99.19,65.43,79.86,39.99,77.11,57.6,72.66,70.33,C
23,Mathematics,2.6,85.19,75.81,73.91,68.93,81.69,90.2,83.42,78.59,A
20,Business,4.0,80.18,44.4,40.26,74.48,63.48,54.4,80.48,57.14,F
21,CS,3.0,99.18,65.74,54.98,82.08,83.7,72.0,56.73,68.88,C
19,CS,5.9,93.71,59.71,70.01,79.63,55.39,90.0,71.44,72.29,C
22,Engineering,4.7,77.03,76.4,42.49,67.77,72.4,76.2,96.33,68.66,C
20,CS,3.5,77.89,49.41,79.69,77.2,74.44,55.7,65.72,70.43,C
24,CS,4.1,80.93,56.76,72.94,58.31,67.15,70.7,84.48,69.62,C
23,Engineering,1.0,68.81,62.43,76.12,76.2,66.2,100.0,74.43,74.62,B
20,CS,5.7,65.38,60.37,56.41,95.63,76.77,45.0,78.4,70.05,C
24,Business,5.1,84.24,61.63,50.66,58.1,83.0,34.3,67.61,61.43,F
21,CS,4.5,67.9,43.58,61.47,61.56,82.15,58.6,70.94,63.92,D
24,Mathematics,5.8,100.0,79.46,64.61,82.66,65.6,53.1,55.56,71.28,C
18,Business,2.7,88.4,38.73,53.08,65.6,69.83,55.7,46.99,55.6,F
23,Engineering,6.4,64.69,60.8,59.25,80.79,54.43,57.7,55.98,64.79,D
22,Mathematics,4.5,93.99,64.68,76.51,77.0,68.03,58.4,79.0,73.63,B
22,Engineering,2.4,65.4,65.29,29.5,77.2,62.93,53.9,42.0,53.72,F
24,Engineering,4.6,83.23,69.34,52.85,57.06,61.08,76.2,100.0,67.36,D
18,Engineering,4.0,85.68,61.63,80.46,93.9,89.44,65.8,71.28,79.67,A
23,Business,3.6,64.36,71.05,73.72,74.26,81.05,52.0,65.65,73.19,B
19,Engineering,5.0,50.24,76.54,78.85,55.22,57.66,51.2,76.17,71.13,C
18,Engineering,3.9,75.4,66.31,78.52,76.18,52.71,81.4,78.64,74.11,B
20,CS,4.7,83.65,70.85,60.37,99.41,57.66,60.2,79.61,72.17,C
22,Business,6.9,94.54,89.36,79.53,63.61,85.74,85.4,65.59,82.68,A
18,Engineering,4.0,84.87,68.27,33.38,73.56,40.45,66.4,77.31,57.14,F
20,Business,2.4,83.31,71.24,57.55,100.0,67.89,47.4,45.6,67.2,D
21,Engineering,5.7,88.0,74.62,53.84,57.58,79.0,64.5,67.02,67.56,D
18,Business,4.7,65.27,51.62,63.78,69.76,53.52,74.1,73.64,65.07,D
23,Mathematics,3.9,78.56,41.85,63.61,76.77,58.41,80.7,66.8,64.43,D
21,Mathematics,3.5,79.5,48.83,91.62,67.53,58.68,58.3,90.14,72.78,C
19,CS,6.0,92.88,60.11,59.85,89.78,57.2,74.4,79.69,70.43,C
20,Business,8.6,70.06,59.47,54.13,72.54,69.88,55.5,56.47,64.99,D
19,Mathematics,2.7,62.91,45.25,49.93,45.55,92.25,48.7,95.66,60.49,F
19,Mathematics,6.0,91.88,68.91,39.12,81.8,72.79,38.3,83.46,63.88,D
21,CS,2.3,78.69,84.37,74.19,56.93,33.48,23.8,57.78,62.0,F
22,Business,7.3,78.33,59.01,45.68,87.68,78.71,66.9,84.64,69.27,C
19,CS,2.1,91.78,45.05,89.17,72.26,77.5,56.2,61.72,71.07,C
22,CS,2.2,73.38,82.7,40.44,67.21,89.05,54.4,80.17,66.67,D
19,Mathematics,4.6,62.07,55.57,54.1,73.82,47.14,80.5,84.78,64.32,D
23,Mathematics,4.1,77.67,50.41,25.49,70.1,100.0,51.2,49.36,55.35,F
24,CS,3.8,59.12,58.72,79.56,63.36,85.71,67.4,86.72,75.28,B
20,CS,4.9,87.32,70.27,49.71,89.49,57.68,55.1,61.67,65.17,D
23,CS,2.7,98.95,63.68,62.42,72.52,69.95,77.2,74.23,69.33,C
18,Engineering,3.4,91.03,90.97,68.23,66.83,78.89,72.3,77.78,77.23,A
24,Engineering,1.9,100.0,100.0,78.89,75.67,100.0,58.5,61.7,82.99,A
20,Business,3.0,78.88,58.6,54.18,83.33,75.48,97.7,75.15,70.58,C
19,Mathematics,2.0,84.71,62.38,57.27,73.92,68.93,68.2,77.72,66.68,D
18,CS,6.0,99.11,57.64,47.99,80.06,70.76,61.3,81.41,65.82,D
19,Business,3.2,86.83,67.86,78.28,38.86,70.63,93.3,61.97,70.61,C
22,CS,2.1,96.58,68.66,55.76,63.09,57.84,57.2,60.95,61.46,F
24,Business,3.7,87.57,63.1,51.08,71.62,65.09,85.2,71.1,65.93,D
18,CS,6.5,68.53,36.46,88.6,51.08,52.71,58.2,74.15,65.93,D
22,Mathematics,2.5,100.0,54.68,54.86,76.69,75.42,88.6,56.33,65.95,D
20,Business,3.9,76.04,48.06,58.24,73.47,67.88,96.0,58.83,65.72,D
22,CS,3.8,70.33,78.42,60.1,76.11,52.68,70.3,79.41,69.9,C
19,CS,7.3,87.9,76.16,77.07,66.73,74.87,68.2,84.46,78.51,A
23,Engineering,3.6,88.32,79.25,46.76,100.0,64.33,77.2,68.36,70.88,C
20,Business,3.3,92.36,71.23,57.44,78.22,90.39,66.0,78.93,72.91,B
21,Business,6.0,81.62,52.11,32.91,61.7,69.98,44.9,64.6,54.0,F
18,Engineering,7.1,76.52,97.71,77.18,81.87,82.7,85.5,100.0,89.48,A
24,CS,5.6,77.77,82.49,59.26,81.88,83.71,36.0,69.84,72.5,C
21,Engineering,6.6,90.78,72.41,63.38,48.85,98.7,100.0,73.31,76.26,B
23,Engineering,4.3,58.59,66.74,69.11,73.07,77.35,56.0,86.45,73.04,B
23,Engineering,4.7,88.09,47.82,54.49,50.72,81.83,69.8,76.78,62.8,F
21,CS,7.0,98.9,63.7,76.33,80.13,81.86,75.2,68.52,77.81,A
24,Mathematics,1.4,64.44,69.5,29.42,74.56,64.23,53.1,78.98,57.45,F
21,Engineering,5.7,68.56,56.99,85.79,67.27,71.94,39.2,100.0,74.79,B
24,Business,5.5,72.68,73.81,79.39,65.36,46.71,86.0,73.79,74.12,B
19,Business,3.4,74.75,54.53,62.27,81.03,61.38,65.0,71.17,66.27,D
20,CS,5.4,72.72,63.28,59.88,82.43,62.44,66.3,80.23,69.7,C
20,Business,3.4,59.75,68.74,37.88,89.49,71.22,100.0,89.98,69.92,C
22,Mathematics,6.1,67.57,60.88,60.65,80.46,89.41,47.7,57.91,69.46,C
18,CS,2.8,69.32,60.09,47.86,84.68,71.99,80.9,78.9,67.26,D
23,CS,4.1,77.33,68.07,67.52,67.3,54.19,30.6,78.79,65.08,D
20,Business,6.8,72.97,70.35,77.37,69.96,96.35,41.8,66.07,76.41,B
23,CS,3.6,100.0,63.69,45.38,58.04,74.51,74.6,81.15,63.61,D
20,Business,5.9,86.53,68.6,62.35,56.81,88.41,49.7,58.63,67.99,D
18,CS,3.1,99.14,62.77,32.24,46.31,66.1,66.6,80.37,55.33,F
24,Mathematics,4.9,78.14,49.46,83.16,84.94,62.78,77.9,100.0,77.24,A
21,CS,7.9,86.18,76.87,41.26,77.22,75.51,78.5,100.0,72.46,C
18,Engineering,5.8,76.31,65.22,85.62,84.81,75.39,82.6,44.87,78.41,A
23,CS,2.0,88.09,86.73,55.61,73.21,61.23,95.6,78.55,72.61,C
21,Engineering,4.3,85.07,94.25,47.06,69.74,63.99,82.6,82.43,71.68,C
23,Business,3.8,90.37,71.14,70.53,80.71,96.57,82.0,55.98,77.68,A
20,Business,3.1,87.58,76.44,48.93,87.02,43.86,62.8,81.83,65.61,D
22,CS,2.4,100.0,58.77,47.09,70.61,47.14,67.6,82.16,59.72,F
20,CS,9.1,81.11,52.92,50.47,86.4,71.0,61.3,90.1,69.03,C
20,Business,5.8,100.0,62.36,46.75,77.69,77.58,86.9,67.93,68.17,D
22,Business,4.3,90.11,70.52,66.12,66.21,52.86,46.1,79.66,66.53,D
18,CS,3.1,94.15,81.45,75.26,89.76,70.76,73.4,64.97,78.33,A
18,CS,4.6,83.99,53.61,64.39,74.16,40.83,85.8,80.56,66.22,D
23,Business,7.4,82.43,45.03,67.38,82.16,66.29,88.4,75.52,71.58,C
18,CS,4.9,81.99,62.17,83.92,61.78,100.0,42.8,71.45,75.75,B
19,Business,3.5,94.24,69.06,54.55,59.21,75.03,86.3,78.71,68.56,C
22,Business,7.5,92.68,55.25,68.11,58.06,90.33,81.7,58.93,71.55,C
22,Mathematics,3.9,99.13,49.88,41.88,100.0,91.94,55.6,99.94,68.83,C
20,Engineering,7.2,79.35,56.88,38.89,68.42,65.79,60.3,61.57,58.96,F
24,CS,4.4,55.36,92.67,56.77,81.47,60.83,65.4,77.62,73.41,B
19,Business,4.2,81.39,66.31,52.47,91.33,75.89,90.1,74.51,72.65,C
21,CS,5.5,77.64,69.43,74.92,59.03,96.26,66.9,80.3,77.13,A
24,CS,5.7,51.28,50.56,40.09,56.36,72.97,90.0,75.11,60.9,F
21,Business,6.6,95.26,68.12,54.91,77.99,72.81,56.6,97.02,71.38,C
18,Business,5.9,82.92,69.26,54.74,59.31,83.32,67.6,54.03,66.78,D
18,Engineering,6.5,80.95,49.22,69.42,86.27,68.15,88.4,75.97,73.52,B
18,CS,5.7,54.79,78.08,31.56,74.54,73.01,77.2,83.77,66.16,D
24,Engineering,2.0,80.79,80.93,70.78,66.23,72.26,85.0,45.91,72.28,C
22,Mathematics,5.6,76.41,87.71,61.09,79.67,69.29,52.7,68.47,73.13,B
21,Business,5.8,57.88,55.46,49.69,88.64,72.04,56.9,68.82,65.57,D
23,Business,6.4,76.33,62.5,34.5,77.14,56.23,44.8,64.54,56.99,F
24,Mathematics,6.6,93.26,44.31,43.76,85.03,65.38,63.3,82.44,62.43,F
23,Business,4.3,50.37,76.75,61.67,56.42,74.79,73.8,70.4,70.1,C
21,Engineering,1.6,84.18,53.19,49.34,54.71,90.59,100.0,61.75,64.21,D
23,CS,3.6,70.8,78.02,60.27,73.98,88.14,81.1,72.27,75.14,B
18,Business,5.0,71.02,71.42,72.61,89.9,73.99,100.0,95.97,82.75,A
24,Business,5.1,71.56,82.43,70.96,77.71,69.41,73.3,91.76,78.9,A
24,Engineering,8.1,68.06,56.13,67.49,66.54,70.27,60.3,74.11,69.49,C
23,Engineering,4.0,84.12,76.98,82.92,89.26,76.83,35.7,79.91,78.75,A
20,Mathematics,4.5,66.88,68.07,82.72,72.06,45.23,60.7,90.49,73.39,B
20,Business,5.3,65.29,47.93,71.15,83.55,65.38,59.1,44.45,66.28,D
23,Mathematics,4.5,76.92,77.69,82.84,68.29,61.62,81.5,87.71,79.05,A
24,CS,4.5,91.78,65.21,35.19,81.0,64.24,83.9,68.86,62.91,F
19,Engineering,7.2,69.65,58.81,61.39,73.5,82.03,64.0,68.83,70.39,C
22,Business,6.1,78.81,59.18,72.31,93.08,85.47,80.1,71.39,78.51,A
20,Engineering,3.4,70.97,23.57,65.85,69.73,62.59,86.9,65.0,61.21,F
21,Business,5.6,76.58,48.25,71.5,61.22,79.94,64.1,100.0,71.48,C
21,Business,2.2,62.78,47.49,72.8,50.64,54.64,40.8,65.33,58.84,F
19,Business,4.3,90.16,59.67,66.97,84.87,76.58,50.8,73.12,70.78,C
19,CS,4.2,81.51,82.06,48.98,60.4,48.56,84.8,57.82,63.81,D
19,Business,7.1,95.28,77.25,32.98,66.74,66.66,91.8,99.33,68.02,D
23,Engineering,2.0,66.64,80.27,37.72,66.11,50.52,48.2,86.09,59.29,F
23,CS,6.0,89.93,55.15,87.14,59.52,84.26,81.4,51.04,74.98,B
20,Engineering,8.4,80.9,36.06,58.07,66.84,66.65,44.0,84.53,61.71,F
19,Engineering,5.0,81.51,66.45,66.69,73.45,73.93,69.3,77.05,72.54,C
20,CS,2.6,59.69,57.4,71.88,76.41,60.01,88.5,66.5,70.31,C
22,Business,4.1,92.54,73.84,53.96,85.61,82.86,59.8,56.53,69.91,C
21,Mathematics,3.1,71.7,66.64,67.14,43.68,65.96,60.2,91.55,66.64,D
18,Engineering,2.8,88.53,65.89,60.74,66.59,100.0,58.4,38.88,67.52,D
21,Engineering,5.7,74.29,55.66,49.88,82.88,94.59,33.2,75.99,66.49,D
21,Engineering,6.3,79.62,43.1,61.93,72.37,73.91,61.2,62.06,64.62,D
18,Engineering,6.5,94.12,47.04,60.23,75.59,94.8,57.6,72.64,69.31,C
18,Business,7.1,80.95,59.55,65.23,81.89,36.48,49.4,69.2,64.64,D
21,Engineering,1.4,88.61,61.96,61.61,64.73,48.55,84.6,91.5,66.18,D
18,Business,5.3,87.72,56.15,66.85,70.49,55.86,70.6,90.81,69.03,C
23,Engineering,5.2,88.39,74.89,65.19,88.48,74.71,58.0,68.94,74.31,B
23,Business,4.0,72.84,66.94,41.46,72.76,71.66,44.0,91.13,63.0,F
22,CS,5.6,100.0,29.34,46.36,69.3,68.98,81.9,89.52,60.46,F
20,CS,3.0,83.51,59.39,60.76,71.89,67.58,60.1,71.47,65.68,D
20,Mathematics,4.9,85.94,59.1,53.16,78.19,73.12,45.1,60.03,63.43,D
19,CS,1.7,64.36,33.54,100.0,86.83,49.81,96.5,73.15,75.02,B
23,Engineering,2.9,86.41,60.94,44.86,73.02,77.86,57.4,66.79,62.15,F
24,Engineering,6.3,71.36,49.19,53.25,83.99,69.92,38.9,90.29,64.97,D
23,Mathematics,1.3,97.81,58.59,22.1,64.06,67.63,52.9,76.69,51.71,F
24,Business,4.7,88.42,51.76,38.21,73.33,72.67,88.8,84.52,63.4,D
19,Engineering,3.2,87.61,69.36,69.28,69.75,76.78,42.5,42.63,66.75,D
23,CS,1.9,72.69,63.33,59.42,52.49,88.81,48.7,46.96,62.2,F
22,Engineering,4.7,74.28,54.31,59.13,71.78,57.32,54.0,68.58,62.57,F
20,Engineering,4.4,95.34,35.17,66.35,52.05,69.12,44.4,84.35,60.19,F
20,Business,3.9,92.07,76.0,53.91,75.0,62.37,79.4,71.07,68.98,C
22,Business,4.8,100.0,70.36,35.18,68.43,49.85,93.7,83.04,62.44,F
20,CS,0.7,66.29,73.59,33.81,51.39,63.4,63.9,77.8,56.6,F
19,Business,6.5,93.43,74.81,50.1,57.12,72.86,30.3,88.2,64.59,D
24,Engineering,5.8,94.72,84.49,60.89,59.9,76.23,80.5,100.0,76.53,B
22,Business,5.3,93.19,77.87,25.99,89.49,56.6,81.4,70.47,63.12,F
23,Business,3.8,83.12,77.36,70.56,64.23,63.34,72.7,73.05,72.25,C
19,CS,5.1,84.94,44.71,67.55,75.84,57.31,67.0,90.34,67.46,D
21,Mathematics,4.0,66.89,69.44,88.66,53.08,80.51,67.0,60.55,75.28,B
18,Mathematics,7.6,67.71,84.51,68.31,67.26,82.7,60.1,98.31,79.53,A
24,CS,0.5,92.19,75.85,53.06,63.65,59.37,86.3,91.78,67.6,D
23,Mathematics,4.3,80.32,90.71,58.66,64.2,80.16,71.3,84.79,75.15,B
18,Business,3.8,99.0,47.03,83.24,77.54,92.58,75.2,67.0,76.02,B
23,CS,4.2,80.95,85.81,70.45,93.6,82.98,63.7,76.12,80.87,A
21,Business,3.1,89.18,68.22,52.86,80.68,61.9,82.9,89.99,69.73,C
21,Engineering,6.1,75.71,67.07,59.39,86.48,98.7,89.5,83.04,79.31,A
18,CS,4.6,77.47,97.54,53.65,65.39,81.75,59.0,81.24,74.0,B
24,CS,3.9,66.44,88.03,48.12,91.16,73.48,77.3,79.64,74.38,B
20,Business,5.9,91.15,42.77,35.44,85.12,60.08,70.7,54.75,56.46,F
21,Engineering,2.3,83.96,47.3,57.93,76.28,62.59,44.7,68.42,60.13,F
23,Engineering,1.8,96.98,69.22,74.27,69.44,67.34,68.3,70.89,71.46,C
24,Business,4.9,67.08,73.04,100.0,96.93,73.99,60.8,78.03,86.58,A
20,CS,3.3,87.52,38.88,32.0,62.17,40.99,62.6,75.08,48.27,F
19,Business,5.6,73.27,38.34,53.45,85.18,90.09,76.6,57.62,66.22,D
18,Mathematics,4.1,100.0,56.85,46.61,84.45,76.09,87.5,85.6,68.79,C
23,Engineering,5.5,70.93,67.0,56.14,80.9,79.85,59.0,83.77,71.38,C
18,Engineering,5.2,87.69,45.89,63.5,66.19,65.29,91.2,71.23,66.79,D
20,Engineering,6.2,100.0,74.89,76.31,56.0,60.67,86.4,82.43,75.35,B
23,CS,5.4,85.48,54.55,62.35,67.02,76.47,71.5,62.27,67.22,D
23,Engineering,4.9,78.83,68.08,35.25,69.96,87.11,66.8,67.98,63.68,D
24,Business,3.3,90.47,91.18,53.73,62.67,74.52,94.9,93.9,75.46,B
19,Engineering,6.2,75.82,58.14,55.93,52.61,80.81,59.5,85.54,66.02,D
23,Business,3.7,57.58,72.79,52.53,69.68,34.61,64.2,83.49,62.58,F
19,Mathematics,3.1,61.77,91.44,60.52,58.88,59.32,94.3,64.32,71.59,C
20,Engineering,4.1,71.23,85.75,61.42,83.95,100.0,81.6,55.53,78.93,A
20,CS,1.0,81.68,34.68,64.57,86.16,75.23,89.6,84.66,68.44,D
22,Mathematics,3.0,82.57,64.96,79.57,82.81,71.92,70.0,69.07,75.48,B
18,CS,4.5,100.0,45.61,47.52,95.44,42.41,82.7,84.93,63.07,F
22,Engineering,1.1,84.93,77.04,64.02,98.06,82.15,84.9,85.05,79.19,A
19,CS,3.0,88.37,65.97,61.84,67.7,40.62,49.4,83.99,62.83,F
19,Business,0.0,86.57,73.16,59.91,67.92,52.18,93.7,85.91,68.58,C
20,Business,6.7,78.43,60.26,73.84,82.44,76.96,88.9,85.89,78.94,A
20,CS,4.8,87.25,52.5,61.15,72.29,66.05,32.3,91.52,64.38,D
23,Engineering,6.2,84.21,69.7,70.82,97.41,70.37,75.4,88.46,79.84,A
23,Mathematics,2.6,72.65,75.4,51.13,74.63,53.99,80.3,81.56,67.2,D
19,Business,5.3,79.52,62.26,47.64,69.97,90.83,91.5,62.27,68.89,C
21,Business,3.2,80.7,76.57,72.15,63.27,53.46,80.8,81.29,72.28,C
19,Business,3.8,86.8,97.14,72.65,64.54,70.0,66.9,93.96,79.39,A
22,Business,3.9,95.17,72.47,57.38,86.36,81.6,64.9,59.43,71.29,C
18,Business,3.1,87.37,75.89,57.09,74.56,78.7,76.9,81.66,72.7,C
23,Engineering,7.1,60.34,100.0,52.3,100.0,71.66,70.4,98.39,81.87,A
22,CS,3.5,95.66,75.07,74.95,77.82,78.49,61.1,100.0,78.81,A
21,CS,5.2,86.43,86.85,94.37,77.37,100.0,83.1,98.91,93.09,A
18,Business,3.8,69.03,68.36,86.68,61.99,71.56,39.2,85.52,74.08,B
22,CS,5.4,83.21,92.08,59.6,92.08,57.4,64.8,73.2,75.22,B
19,Engineering,2.6,81.92,66.31,49.31,93.49,54.97,73.8,81.82,67.19,D
22,Business,8.1,92.72,53.16,58.76,81.07,26.25,83.9,84.3,65.23,D
19,Business,6.0,74.74,60.08,54.35,68.44,53.45,62.0,66.3,62.43,F
24,Business,4.6,71.33,49.87,65.6,48.42,72.73,67.2,74.74,64.32,D
23,Business,4.8,84.32,74.3,39.55,69.5,57.06,95.4,54.74,63.12,F
22,Business,5.5,72.65,50.15,53.56,86.77,80.88,81.4,73.48,69.48,C
18,Engineering,4.1,78.51,55.3,67.18,67.69,66.51,78.4,95.41,70.78,C
24,Mathematics,3.9,82.55,55.16,49.32,85.41,71.9,76.9,79.07,66.97,D
24,Engineering,6.3,89.68,55.01,51.57,85.46,84.09,72.6,90.7,71.39,C
22,Mathematics,2.8,87.81,47.37,59.75,80.61,45.85,100.0,61.81,63.95,D
23,Business,2.5,97.9,65.64,47.28,73.06,57.19,77.0,70.08,62.81,F
19,Business,5.9,80.57,62.26,32.53,81.71,62.96,85.7,75.3,62.96,F
19,CS,6.5,85.46,58.24,69.2,60.25,70.98,86.3,81.28,72.1,C
19,Engineering,5.5,67.5,46.57,43.95,88.7,78.44,41.0,87.27,63.15,F
19,Engineering,4.0,76.66,42.88,37.05,71.71,66.47,64.5,65.78,55.45,F
24,CS,5.2,74.96,50.05,58.67,53.88,76.57,83.5,95.81,67.71,D
22,CS,3.1,84.84,68.33,40.92,98.31,86.42,69.6,59.82,68.14,D
23,CS,0.0,87.82,79.97,78.12,62.99,59.85,29.4,55.33,66.33,D
24,CS,3.6,100.0,66.36,52.07,78.01,83.82,67.9,44.21,66.18,D
19,CS,7.2,97.77,63.48,31.71,100.0,84.9,76.6,80.87,69.29,C
20,Business,4.1,63.25,79.57,49.71,61.91,67.6,29.6,80.66,63.33,F
18,CS,6.8,80.4,80.74,67.38,67.35,72.7,70.7,89.94,76.83,B
20,Business,6.0,85.71,66.87,78.63,85.08,81.49,54.6,61.24,76.53,B
21,Engineering,4.6,75.89,59.82,55.52,88.33,86.52,76.2,51.85,69.95,C
20,CS,4.5,77.12,62.38,67.82,63.83,70.47,49.9,60.97,66.3,D
18,Business,4.9,95.48,74.56,100.0,56.34,67.99,83.5,65.74,80.94,A
23,CS,5.0,90.35,63.79,72.65,68.45,100.0,56.3,85.26,76.48,B
21,Business,2.3,82.19,61.24,41.95,97.41,70.02,63.8,86.01,66.08,D
21,CS,0.7,86.31,89.39,34.66,72.7,62.91,72.8,64.67,62.71,F
23,Engineering,1.1,40.0,74.18,39.57,72.98,71.07,64.6,80.2,63.34,F
19,Business,7.0,100.0,64.82,87.96,72.28,66.9,56.4,70.6,76.43,B
21,Business,1.2,92.89,73.64,50.79,68.56,57.49,73.5,84.27,65.25,D
23,Engineering,7.5,84.64,47.4,43.81,59.17,72.97,53.4,96.83,61.22,F
24,Business,3.9,80.77,98.4,75.88,68.6,58.95,100.0,100.0,83.53,A
23,Business,4.2,56.24,74.34,80.3,75.31,62.98,73.7,79.63,77.13,A
22,CS,5.3,82.33,53.79,65.76,61.65,81.53,61.6,82.53,69.03,C
23,CS,3.4,70.43,100.0,44.62,77.02,80.57,77.0,76.56,74.08,B
19,Business,7.4,87.17,62.52,71.64,81.98,61.76,42.9,72.73,70.82,C
18,CS,6.2,63.12,59.02,72.32,85.16,70.85,83.6,72.04,75.57,B
22,Business,3.9,67.62,36.19,55.82,86.77,74.07,81.4,53.65,63.57,D
23,Business,5.0,90.89,79.51,67.1,67.92,80.8,95.6,77.69,78.17,A
22,Engineering,4.1,51.88,73.82,78.13,88.5,69.3,13.2,66.16,71.86,C
21,Business,9.8,66.59,73.95,65.49,71.27,85.84,42.6,74.57,74.62,B
19,Mathematics,5.2,85.43,78.19,45.11,89.06,70.78,47.7,90.89,69.61,C
22,Mathematics,2.1,93.31,65.27,67.88,81.17,54.47,70.7,76.66,69.55,C
21,CS,3.8,84.98,100.0,63.5,65.94,78.74,56.3,89.71,77.25,A
24,Engineering,3.6,100.0,45.83,90.76,76.79,58.65,45.4,37.22,66.77,D
24,Business,5.0,78.1,31.5,100.0,76.38,86.65,73.8,96.87,80.32,A
21,CS,7.1,85.11,62.07,49.18,67.74,77.33,100.0,96.11,72.09,C
22,CS,4.7,71.7,72.5,26.9,74.25,91.81,53.8,84.38,63.65,D
21,Business,3.2,88.88,66.85,48.74,74.33,78.07,47.8,67.66,64.0,D
21,CS,4.4,63.05,66.71,67.76,61.9,67.1,95.3,87.71,73.52,B
22,Business,2.0,88.22,66.03,80.52,72.93,61.89,68.0,84.89,73.87,B
24,Mathematics,5.1,94.81,55.6,67.57,71.26,48.91,95.9,86.78,70.23,C
22,CS,1.6,84.02,78.27,84.97,58.43,76.64,54.1,86.57,76.27,B
20,CS,3.7,77.38,67.49,34.6,89.1,79.97,69.0,54.58,63.45,D
22,Mathematics,5.0,56.42,77.04,63.58,100.0,75.74,71.5,47.15,75.21,B
19,CS,4.4,84.59,73.0,61.34,79.11,96.22,76.7,61.23,75.29,B
23,Mathematics,4.1,92.18,60.81,34.25,98.71,66.14,74.8,100.0,66.69,D
21,Business,3.5,80.87,94.53,29.25,73.9,70.45,48.1,85.1,64.4,D
23,Business,5.4,75.95,68.95,47.93,71.69,69.9,84.3,63.83,66.92,D
24,Business,3.7,71.23,54.93,49.19,85.01,65.04,66.9,59.27,62.72,F
22,Business,4.5,83.96,60.45,72.62,69.36,65.17,88.2,96.85,74.81,B
21,CS,4.6,72.89,60.2,30.95,74.45,71.19,45.2,65.49,56.54,F
19,CS,6.9,88.68,61.11,34.7,59.24,70.61,71.9,70.85,59.83,F
18,Business,4.0,100.0,79.3,81.21,56.35,46.9,79.3,73.94,73.03,B
19,Mathematics,3.3,74.81,91.04,62.87,85.74,91.0,42.8,61.01,75.61,B
21,Engineering,4.4,65.21,49.33,48.79,80.66,73.47,74.2,49.32,62.17,F
20,Engineering,3.7,71.98,63.64,54.75,77.41,56.5,56.6,68.13,63.56,D
19,Engineering,3.9,64.17,66.66,53.27,83.2,53.05,68.2,80.23,66.54,D
21,CS,5.0,89.55,53.3,60.5,64.51,82.21,51.6,68.9,65.37,D
19,Engineering,6.0,72.28,73.67,67.41,77.72,62.84,97.7,78.56,76.67,B
24,Mathematics,2.6,83.27,62.92,77.05,61.9,85.53,64.7,97.59,75.34,B
21,Business,4.5,85.55,85.66,68.73,63.72,74.02,75.1,62.64,74.44,B
23,Engineering,3.5,90.32,49.55,77.36,59.98,80.29,54.6,50.72,66.44,D
19,Business,5.9,89.81,50.1,82.27,79.88,51.21,91.7,86.84,75.17,B
19,Mathematics,6.0,78.23,49.01,27.0,69.03,63.25,56.1,81.79,54.53,F
22,Engineering,4.9,92.11,83.53,45.33,87.24,88.68,42.9,73.56,70.79,C
19,Mathematics,0.0,86.28,82.27,49.56,81.24,57.32,82.7,100.0,70.38,C
20,Business,5.1,75.35,61.97,59.38,58.2,74.13,74.5,93.78,69.44,C
20,Business,5.7,82.89,63.72,57.82,71.23,57.77,70.6,100.0,69.35,C
21,Business,5.2,70.64,54.48,62.32,81.42,86.71,56.6,99.71,73.04,B
22,CS,0.3,78.98,60.63,75.45,75.47,74.05,96.1,60.08,72.96,B
21,Engineering,5.0,81.53,71.06,46.8,78.8,70.36,59.3,97.22,68.78,C
19,CS,6.6,58.33,37.91,71.31,89.14,55.43,37.4,64.24,64.12,D
19,Mathematics,4.3,76.94,71.57,64.56,85.27,75.81,50.0,64.81,71.48,C
18,Business,3.1,89.54,62.2,53.87,92.29,57.03,78.7,71.48,67.57,D
21,Engineering,0.0,94.55,53.51,59.55,73.91,100.0,52.8,88.33,68.77,C
24,CS,7.7,81.84,61.89,95.53,61.15,62.1,44.7,69.65,74.81,B
18,Business,4.6,86.24,46.6,72.9,66.73,88.04,33.0,70.37,67.04,D
20,Business,5.0,68.15,69.42,50.56,86.23,66.05,50.0,79.47,67.34,D
18,Engineering,4.3,60.88,96.52,53.08,61.08,71.61,51.4,60.9,68.51,C
21,Business,5.8,94.14,59.48,61.43,68.2,89.78,90.5,80.02,73.97,B
19,Business,2.9,87.61,64.13,80.58,93.13,84.85,76.9,71.05,79.94,A
24,Business,3.2,75.87,56.38,54.06,44.11,48.22,89.0,89.39,60.78,F
20,Engineering,5.7,64.87,61.86,68.0,54.08,91.12,100.0,63.36,73.74,B
23,Business,4.4,85.28,53.05,83.19,78.34,70.66,53.5,84.35,73.9,B
19,CS,3.7,88.51,78.03,50.03,69.21,51.18,59.8,63.31,62.83,F
21,Engineering,1.3,74.22,43.42,45.41,63.02,78.89,55.6,69.73,56.78,F
21,Mathematics,4.1,67.75,58.55,77.36,95.88,71.72,51.8,66.27,73.91,B
19,Engineering,5.4,57.91,58.81,44.28,72.66,84.66,76.6,82.68,67.27,D
20,Engineering,3.0,80.29,56.15,100.0,80.58,63.2,100.0,86.88,82.99,A
20,CS,3.7,85.32,68.33,45.81,59.08,81.34,60.3,49.98,61.35,F
22,Business,3.9,90.55,69.12,41.71,74.5,70.45,64.2,65.46,63.0,F
23,Engineering,8.7,78.26,68.24,87.34,56.32,70.49,79.0,47.11,75.83,B
20,Business,6.3,90.9,66.09,66.45,83.45,67.13,94.0,71.41,75.43,B
23,CS,5.3,93.65,75.37,54.25,81.65,73.53,66.2,68.23,70.72,C
24,Mathematics,3.9,66.19,58.74,57.42,69.71,54.9,79.3,100.0,67.55,D
18,Engineering,1.1,89.72,69.26,62.57,88.09,59.73,99.8,72.46,72.57,C
24,CS,3.3,79.09,47.57,56.81,77.67,62.51,79.6,90.82,66.28,D
21,Mathematics,1.6,65.57,75.09,77.93,76.47,52.11,71.1,56.07,71.2,C
21,CS,1.6,64.04,43.87,34.72,87.99,63.5,100.0,70.13,59.73,F
22,CS,4.9,70.68,63.61,72.72,45.28,91.25,100.0,73.28,74.8,B
19,Business,4.2,97.7,61.68,55.52,100.0,91.81,83.2,72.09,75.39,B
18,CS,6.4,82.11,76.67,84.43,65.35,52.91,78.4,87.2,78.16,A
23,Mathematics,0.9,99.47,82.63,64.42,86.73,95.77,47.4,97.59,78.18,A
23,Engineering,7.2,83.64,52.47,81.32,90.6,77.64,76.8,78.03,79.21,A
23,Mathematics,2.6,93.71,74.9,60.64,69.83,81.37,89.4,69.89,73.08,B
18,Business,6.0,100.0,64.43,60.29,78.99,56.95,85.9,75.73,70.53,C
20,CS,4.0,82.98,70.5,57.27,84.79,69.28,28.4,62.02,65.43,D
18,CS,5.0,90.62,53.83,86.67,91.79,59.89,80.1,75.79,77.61,A
23,CS,2.3,85.3,41.91,39.82,77.31,91.28,62.8,69.47,59.99,F
18,Business,8.3,99.96,83.82,63.77,73.11,49.04,100.0,72.99,75.67,B
23,Mathematics,3.0,97.21,76.01,53.87,72.53,81.89,88.1,65.85,71.42,C
20,Engineering,6.0,89.67,69.0,61.73,98.49,68.87,78.5,57.21,73.99,B
18,Mathematics,6.2,89.34,54.78,66.73,84.26,74.46,100.0,67.28,74.61,B
20,Mathematics,2.7,87.82,67.24,56.21,89.25,75.8,91.6,71.33,72.71,C
18,Business,3.8,84.86,65.83,43.41,81.49,95.31,76.8,47.17,67.01,D
22,CS,4.8,66.18,45.3,66.72,64.33,59.61,67.9,65.93,63.45,D
21,CS,4.6,88.52,58.68,73.56,68.28,92.64,66.1,77.73,74.62,B
23,CS,2.9,69.35,63.77,48.66,58.69,76.07,64.4,68.67,62.32,F
22,Mathematics,5.5,85.03,44.08,75.82,94.67,61.97,88.7,92.96,75.97,B
18,Business,5.5,51.3,74.23,56.15,70.57,55.77,91.5,86.71,71.21,C
24,CS,6.7,72.52,22.31,36.32,67.11,94.34,63.1,100.0,59.24,F
23,CS,7.7,85.67,80.9,27.29,70.78,73.41,41.2,88.69,62.83,F
21,Business,5.7,65.73,60.13,78.92,69.49,39.92,58.6,78.04,68.63,C
23,Business,4.1,86.55,65.54,68.05,72.64,77.86,81.5,61.92,72.49,C
22,CS,2.8,73.26,56.84,68.33,65.58,80.92,79.4,71.77,70.36,C
24,CS,4.1,76.47,63.36,66.41,76.46,43.38,49.9,62.86,63.9,D
18,CS,5.1,95.05,74.35,53.57,72.97,43.29,45.1,100.0,65.44,D
23,Business,7.3,74.97,66.38,51.37,71.7,65.42,84.8,45.18,65.9,D
20,Mathematics,3.6,68.2,46.51,57.6,77.88,63.21,60.2,78.72,63.44,D
23,CS,0.8,67.11,74.55,97.93,82.32,85.39,89.2,60.98,84.86,A
24,Business,2.5,78.24,49.61,41.01,68.2,64.23,57.1,79.44,56.99,F
20,Engineering,3.4,69.43,86.24,70.61,76.33,68.36,72.0,77.84,76.82,B
21,Business,6.0,83.44,41.56,63.06,74.41,87.11,78.8,69.66,69.3,C
21,Engineering,3.9,83.44,60.18,69.51,77.54,68.73,89.9,91.69,74.94,B
20,Engineering,4.0,77.96,52.08,69.1,54.0,77.67,51.7,63.06,64.37,D
24,Mathematics,5.8,71.71,56.36,99.97,57.88,53.41,58.8,79.87,74.72,B
20,Business,4.3,73.68,77.12,85.24,61.21,88.77,67.2,70.3,79.39,A
22,Engineering,4.7,81.03,82.87,58.66,83.66,86.13,46.9,83.52,75.03,B
22,Business,2.2,84.48,82.75,57.41,77.22,61.62,55.7,90.15,70.28,C
24,CS,5.8,81.72,80.16,44.86,94.99,76.28,63.5,42.9,68.72,C
22,CS,3.6,85.48,80.85,36.31,57.81,83.54,75.9,83.85,66.04,D
23,Business,3.3,84.22,94.54,49.21,96.64,88.76,96.1,63.83,79.12,A
18,Business,4.7,58.47,61.82,72.61,71.44,78.99,45.5,73.48,70.96,C
21,CS,4.3,85.26,32.64,69.12,84.13,78.2,62.7,80.46,68.08,D
18,Engineering,5.1,67.66,87.49,64.0,63.42,65.92,72.8,45.5,70.48,C
19,Engineering,4.2,82.84,73.29,52.57,65.98,52.72,99.5,88.42,69.13,C
21,Engineering,2.1,100.0,65.56,43.13,78.19,67.89,59.3,65.26,61.47,F
22,Engineering,5.5,92.55,40.93,84.66,95.15,72.07,78.1,72.1,76.44,B
18,Engineering,1.8,60.95,74.25,61.45,66.4,83.25,64.6,92.41,72.33,C
19,Business,5.1,67.04,63.23,75.92,74.36,63.17,58.5,56.84,70.14,C
23,Engineering,5.4,60.62,72.47,93.31,76.75,72.82,72.5,70.9,81.96,A
23,CS,1.4,79.43,47.83,31.31,94.1,56.95,49.9,57.94,53.1,F
24,CS,5.3,76.64,73.44,50.57,83.9,64.9,82.1,61.04,69.14,C
23,CS,8.0,87.27,56.11,20.63,72.63,66.18,77.6,58.27,55.82,F
20,Engineering,5.0,87.67,71.53,67.3,71.59,76.3,58.1,86.93,73.68,B
18,Mathematics,6.2,100.0,52.76,90.19,58.86,54.24,59.2,58.59,69.45,C
24,Business,5.5,79.46,73.61,83.32,68.02,93.9,81.5,59.44,80.85,A
19,CS,5.1,74.68,53.95,65.9,89.73,64.16,48.5,75.35,68.58,C
20,Engineering,4.7,83.09,94.34,66.68,70.38,76.41,96.2,92.78,82.14,A
19,Business,3.7,76.18,61.25,75.58,89.07,69.37,49.8,58.41,71.36,C
21,CS,5.8,68.27,56.03,76.02,61.46,51.88,67.5,71.89,67.85,D
18,Business,3.1,91.96,42.32,60.64,76.68,79.7,87.5,80.31,68.44,D
21,Business,6.1,77.51,77.37,73.01,76.27,43.54,73.5,77.18,73.47,B
24,Business,5.3,90.68,74.6,46.84,53.96,97.23,43.5,75.69,66.22,D
18,CS,6.3,83.79,73.15,84.62,82.55,87.73,100.0,94.5,88.16,A
23,Engineering,5.9,76.62,92.31,58.95,60.44,77.65,60.2,60.84,71.91,C
20,Business,5.5,72.91,59.54,48.35,74.33,33.41,56.0,70.69,57.99,F
22,Business,2.5,68.35,85.23,85.98,54.1,83.13,97.8,85.31,82.99,A
22,CS,2.9,66.16,48.68,34.59,62.82,74.96,72.1,80.62,57.5,F
18,Business,5.1,93.98,63.94,50.29,67.52,90.92,72.7,84.06,69.87,C
24,CS,2.0,92.44,54.83,61.67,73.97,55.33,73.9,57.43,63.0,F
23,Business,1.0,81.88,68.51,46.54,59.82,80.89,65.8,70.13,62.86,F
19,Business,3.1,83.51,28.29,59.45,89.25,56.04,72.1,59.79,60.03,F
18,Engineering,6.0,85.17,41.81,35.39,58.52,78.27,53.8,78.1,55.69,F
23,Engineering,4.3,73.62,82.27,92.0,100.0,72.39,43.0,65.78,82.94,A
19,Business,6.5,73.78,60.29,59.32,87.83,69.43,39.9,78.55,68.54,C
22,CS,4.7,75.64,53.58,68.98,71.77,59.66,39.7,80.0,65.44,D
21,CS,6.6,87.07,84.2,31.15,61.1,77.66,79.9,90.6,67.35,D
22,Mathematics,5.1,96.67,52.49,48.59,91.41,59.81,60.3,72.89,63.63,D
22,CS,5.6,98.97,71.89,37.73,96.66,48.38,72.1,82.51,65.71,D
18,Business,4.2,58.67,82.67,54.57,71.86,72.44,53.4,62.45,68.24,D
20,CS,2.5,82.51,30.97,71.86,75.17,81.37,88.9,59.83,67.36,D
22,Mathematics,4.4,82.39,44.54,52.81,60.7,57.08,68.4,73.37,58.8,F
24,Mathematics,2.2,84.59,59.64,61.74,69.33,53.42,85.4,78.27,66.33,D
21,Mathematics,4.9,80.3,74.21,96.54,83.56,75.55,79.9,68.63,84.97,A
24,Engineering,4.9,87.05,68.93,34.42,78.27,68.29,100.0,98.49,68.4,D
18,Business,3.3,77.31,74.31,47.31,59.25,52.36,78.6,91.74,64.48,D
20,CS,3.8,100.0,77.5,36.59,84.56,74.28,62.5,66.25,65.08,D
20,CS,4.0,77.96,49.01,81.17,74.45,65.46,90.7,86.64,74.87,B
20,Business,7.6,80.75,74.93,67.23,92.41,72.41,100.0,67.09,80.39,A
18,Business,0.0,100.0,45.53,86.4,74.08,81.2,76.1,90.62,74.99,B
18,Business,2.0,90.21,56.08,74.4,72.88,64.72,84.7,56.22,69.27,C
21,Engineering,3.9,86.27,43.22,42.57,64.04,93.67,57.2,63.69,59.11,F
24,Business,5.9,82.14,31.65,38.61,64.86,66.27,33.1,75.61,51.4,F
19,Engineering,7.1,71.8,69.4,56.72,93.82,56.2,52.7,75.69,69.79,C
19,Mathematics,5.5,87.21,77.55,74.6,68.27,49.71,61.8,56.5,70.17,C
19,Business,3.2,77.11,73.15,60.63,60.73,100.0,66.4,91.42,74.31,B
21,Mathematics,2.8,86.51,63.8,36.88,84.62,55.74,56.2,41.75,56.07,F
19,CS,7.0,64.25,66.69,58.61,70.11,92.35,55.0,46.43,68.93,C
23,CS,5.8,81.54,95.52,40.8,68.13,83.43,70.6,64.12,70.45,C
22,Business,6.9,43.51,54.27,73.14,89.88,67.88,100.0,65.34,76.44,B
22,Business,3.2,85.3,72.11,46.56,89.21,48.99,67.1,62.79,63.71,D
18,Mathematics,3.5,81.62,37.56,62.01,69.38,79.36,71.7,68.97,64.24,D
22,Business,7.5,91.74,66.84,84.83,65.07,79.44,72.9,75.09,79.04,A
19,Business,3.7,100.0,62.13,75.17,77.49,70.18,61.2,81.11,73.21,B
19,Engineering,5.7,73.03,53.03,46.64,68.36,71.54,63.3,47.18,59.48,F
20,Business,5.3,78.66,81.09,46.34,56.5,55.15,68.6,92.14,65.59,D
24,CS,3.9,55.86,45.72,57.18,68.34,77.46,97.9,93.66,69.27,C
21,CS,3.6,73.54,72.78,49.0,87.61,42.09,78.8,92.65,67.66,D
20,Business,5.5,68.45,67.02,62.91,80.48,83.61,66.5,86.57,74.95,B
20,CS,4.6,72.85,58.28,42.02,45.66,67.3,64.9,45.94,54.59,F
22,CS,7.4,96.24,84.53,48.25,77.88,97.38,77.6,63.13,75.44,B
18,CS,3.6,76.88,59.93,63.68,51.38,68.29,98.2,100.0,70.66,C
22,CS,3.9,93.61,40.84,53.64,76.85,72.98,80.7,58.7,62.62,F
18,CS,6.4,98.37,48.25,64.23,99.03,97.19,100.0,80.69,79.62,A
21,Business,5.6,73.05,65.82,51.51,72.67,69.65,23.2,73.75,62.46,F
18,Engineering,0.9,65.12,65.1,45.98,87.73,71.59,85.9,100.0,69.75,C
22,Business,5.5,89.03,84.88,75.3,67.34,73.64,89.5,82.16,80.63,A
23,CS,3.4,84.75,60.42,51.88,49.14,91.7,71.6,56.58,63.29,F
21,Mathematics,4.5,59.82,69.5,79.0,75.7,60.44,59.1,64.46,72.63,C
22,Business,4.4,72.18,57.1,82.14,76.47,62.3,39.5,96.82,72.71,C
22,Mathematics,3.9,87.67,61.09,66.31,68.9,82.99,78.7,58.95,70.61,C
23,CS,5.1,86.99,60.33,58.03,79.09,75.78,29.0,62.54,64.41,D
19,Engineering,2.4,51.7,80.68,52.03,52.56,78.43,100.0,61.89,68.78,C
18,CS,5.2,84.24,82.34,83.18,85.71,71.85,62.0,75.74,81.43,A
23,Business,3.4,52.08,58.37,58.31,81.63,65.73,55.9,53.75,63.94,D
22,Mathematics,4.7,100.0,55.58,56.99,76.52,62.52,41.0,61.11,61.63,F
21,Mathematics,4.4,66.76,59.08,70.68,71.36,80.82,59.0,63.63,70.31,C
18,CS,3.9,100.0,71.02,76.73,92.21,83.39,80.9,65.47,80.15,A
20,Mathematics,6.0,78.34,79.36,33.9,88.13,63.92,66.5,100.0,68.5,C
20,Engineering,6.2,74.47,71.96,67.08,79.62,66.51,88.8,68.58,75.27,B
18,CS,5.4,72.02,40.3,57.95,81.09,70.96,75.8,74.07,65.94,D
18,CS,0.7,88.01,69.38,68.05,76.25,69.61,68.5,53.38,68.71,C
24,Business,7.3,77.13,43.94,80.24,74.38,64.79,27.9,77.64,67.94,D
18,CS,3.0,82.88,65.55,72.98,84.88,81.6,42.8,91.1,74.87,B
19,CS,4.0,90.54,67.32,67.98,80.45,56.11,73.4,72.19,70.9,C
18,Mathematics,5.6,99.92,79.71,78.17,67.5,51.69,77.7,100.0,77.84,A
22,Business,4.4,71.16,44.52,46.66,83.55,78.97,87.6,73.53,65.59,D
18,Engineering,4.9,100.0,74.97,53.59,66.49,70.38,68.2,53.46,66.22,D
23,Mathematics,7.2,92.8,51.11,67.03,85.02,49.65,67.2,78.31,68.68,C
22,CS,3.4,76.1,35.2,61.46,79.77,81.92,68.8,61.54,64.47,D
20,Business,6.9,90.95,79.61,66.02,48.43,80.14,67.9,73.21,72.57,C
18,CS,3.3,92.54,53.66,46.97,83.79,71.14,45.9,73.69,61.67,F
20,Mathematics,3.8,90.53,79.46,79.79,77.01,29.69,60.2,70.57,70.81,C
18,Engineering,4.1,91.01,67.54,22.15,52.34,67.12,88.8,63.97,55.4,F
22,CS,1.9,80.33,45.81,58.11,83.21,87.91,64.4,82.84,67.94,D
19,Engineering,6.0,64.91,67.04,67.59,65.48,70.68,97.9,65.7,73.47,B
22,CS,2.0,96.93,71.5,52.12,64.51,96.51,65.2,68.83,68.49,D
20,Mathematics,7.7,77.12,83.91,77.69,96.68,100.0,48.4,82.05,86.49,A
19,Business,6.2,81.41,77.82,58.93,84.19,65.37,80.8,91.64,76.02,B
23,Engineering,2.3,81.54,75.55,78.95,69.72,60.78,77.7,96.31,76.92,B
19,Business,3.3,63.21,94.55,51.0,61.37,48.42,70.3,78.81,67.24,D
19,Business,5.1,97.98,55.25,54.58,67.15,65.39,70.2,74.67,64.34,D
23,Engineering,5.1,83.71,77.26,58.75,88.46,65.41,51.0,82.67,72.07,C
19,Engineering,0.0,65.86,53.24,62.63,75.77,58.81,68.9,78.64,64.38,D
19,Business,2.0,73.52,84.3,74.72,96.51,87.73,73.2,87.93,84.02,A
21,Mathematics,3.1,60.8,50.7,68.34,77.12,74.51,38.9,79.18,66.74,D
22,Business,3.5,51.51,69.99,95.1,52.58,68.78,87.7,55.69,76.82,B
24,CS,5.7,80.62,46.94,48.77,96.94,59.54,59.9,69.24,63.26,F
23,CS,3.6,79.24,51.27,95.14,77.28,92.25,65.1,90.33,81.57,A
20,Business,3.9,70.36,60.56,81.78,57.09,64.68,53.8,64.82,68.72,C
22,CS,4.5,87.15,49.53,52.98,69.86,81.37,85.4,84.88,67.76,D
20,Business,0.0,78.44,66.55,86.96,96.04,77.14,70.6,74.45,79.88,A
19,Business,5.7,82.9,97.29,51.62,75.26,55.03,100.0,81.28,75.47,B
22,Engineering,6.4,90.89,46.92,76.83,82.74,57.66,69.5,73.4,70.98,C
22,Business,5.4,82.41,40.38,80.61,88.01,79.12,61.1,73.79,73.52,B
21,Business,6.3,94.25,53.65,84.79,77.11,57.15,83.1,71.59,74.93,B
21,Engineering,7.0,89.81,46.87,41.43,58.25,93.6,23.3,53.49,55.76,F
22,Mathematics,3.4,77.88,72.68,51.09,86.7,54.89,53.8,76.0,65.78,D
20,CS,3.2,100.0,44.82,74.26,82.77,55.1,100.0,72.48,70.77,C
18,Business,5.7,76.11,75.85,57.36,81.25,74.02,91.7,100.0,77.69,A
21,Business,5.4,65.59,40.12,61.39,66.94,65.16,62.3,70.73,62.26,F
19,Business,6.4,89.88,77.98,37.59,69.22,59.61,47.7,92.49,63.42,D
20,Engineering,6.7,76.94,64.47,69.24,76.05,72.05,70.0,61.93,72.42,C
22,Mathematics,4.6,63.99,56.3,89.34,60.96,63.3,70.1,68.34,72.84,B
24,CS,4.3,92.19,100.0,30.03,76.51,48.88,55.3,78.07,63.3,F
24,Engineering,3.3,84.77,44.26,83.23,81.39,74.25,59.7,90.18,73.81,B
22,CS,6.2,59.35,64.17,77.73,45.93,50.34,60.4,95.66,69.3,C
22,Mathematics,7.4,91.43,64.34,72.78,67.92,75.72,88.3,75.76,76.35,B
19,Mathematics,4.0,95.06,51.72,76.06,52.58,81.38,55.7,87.48,69.57,C
19,Business,0.1,87.48,95.61,87.59,70.42,100.0,100.0,89.02,89.91,A
23,Engineering,4.9,81.88,62.95,68.41,69.66,52.2,68.6,92.08,69.91,C
20,Engineering,3.3,90.91,63.16,83.06,87.75,54.16,82.4,65.88,75.31,B
21,Business,6.6,70.49,38.75,62.8,74.93,60.91,63.0,56.98,62.26,F
20,CS,4.9,94.32,61.07,66.23,70.97,73.7,59.7,58.81,68.08,D
18,Engineering,5.7,70.45,54.19,44.4,77.31,67.34,58.3,100.0,64.54,D
24,Business,6.7,88.27,78.86,83.1,84.11,72.3,89.1,62.23,82.65,A
20,CS,4.7,74.23,49.16,32.08,65.29,72.51,78.6,88.6,59.2,F
21,CS,3.5,65.6,76.54,59.49,80.13,92.94,87.0,100.0,79.57,A
19,Business,5.1,83.82,54.01,80.26,89.24,46.22,81.3,66.34,72.51,C
18,CS,4.3,76.09,55.29,45.59,85.33,100.0,94.6,58.05,69.95,C
23,CS,4.1,85.14,46.53,68.41,81.22,60.51,73.3,70.52,67.52,D
21,CS,4.6,67.43,68.12,55.07,81.27,81.5,36.2,75.49,68.03,D
21,Business,6.6,75.45,42.16,43.05,91.78,75.14,58.6,90.29,64.57,D
18,CS,5.6,79.1,36.75,62.48,70.43,71.33,71.3,84.09,65.7,D
20,Business,5.1,97.89,81.18,53.21,65.45,59.42,39.3,60.21,63.43,D
18,CS,2.4,86.9,60.93,57.59,86.7,58.45,86.1,62.21,67.27,D
18,CS,1.8,73.69,70.02,49.26,71.09,62.79,68.3,53.33,61.93,F
24,Mathematics,3.4,59.78,67.93,24.95,91.24,76.79,70.9,77.95,62.86,F
21,Business,8.2,78.26,62.5,100.0,80.3,88.37,62.8,66.79,84.86,A
21,Business,5.6,65.86,59.86,64.76,84.87,93.86,82.5,83.81,77.64,A
24,CS,6.8,53.76,62.7,86.89,93.71,58.83,37.6,78.09,76.46,B
19,CS,5.1,70.77,53.96,84.62,75.71,51.48,93.2,68.22,73.95,B
20,Engineering,3.7,90.3,72.85,63.33,60.28,85.68,70.4,79.18,72.27,C
21,Engineering,4.5,87.82,61.16,86.61,97.46,80.63,67.8,59.5,79.91,A
20,Engineering,4.0,57.68,54.9,59.12,81.46,71.49,61.3,85.28,68.32,D
19,Engineering,4.7,92.35,74.41,89.45,75.83,84.5,62.5,83.96,82.76,A
22,Engineering,4.5,63.54,51.34,76.44,77.31,78.11,69.1,55.05,71.18,C
21,CS,3.1,96.92,33.76,69.37,86.89,64.33,87.9,61.74,66.76,D
21,Business,3.4,71.25,42.15,50.12,63.64,59.57,67.3,67.35,57.11,F
21,CS,4.4,85.69,30.4,60.87,63.57,61.79,73.0,96.79,62.32,F
24,Business,3.5,90.83,80.8,99.41,71.89,73.14,81.4,68.67,84.49,A
18,CS,3.5,73.38,59.87,57.92,59.25,35.84,99.0,54.94,60.76,F
24,Mathematics,5.4,86.23,69.15,62.23,53.85,80.05,75.6,80.99,70.94,C
19,Business,8.3,64.0,74.0,45.92,81.56,57.78,57.7,68.61,66.26,D
21,CS,6.9,74.88,58.27,52.42,65.42,60.58,70.6,83.61,65.15,D
21,CS,5.2,75.45,64.08,70.2,66.96,50.51,71.6,76.65,68.92,C
19,Business,4.9,80.03,55.72,71.69,73.63,73.81,65.5,86.35,72.4,C
20,Business,8.7,84.28,86.1,64.33,68.65,64.69,94.2,62.62,76.55,B
19,CS,6.2,94.18,54.66,54.05,67.27,67.37,73.9,64.7,64.3,D
22,CS,4.9,74.79,77.23,69.21,76.32,59.78,100.0,87.8,77.85,A
20,CS,4.3,89.4,55.14,62.29,64.2,73.47,64.7,56.42,64.63,D
21,Engineering,4.3,68.19,79.1,62.62,70.73,73.85,97.2,65.1,74.67,B
18,CS,3.5,86.7,67.88,70.61,66.98,72.18,81.0,76.46,73.13,B
18,CS,2.5,84.16,62.49,81.78,74.7,72.68,38.1,80.69,72.27,C
22,CS,4.4,89.29,35.77,94.44,84.91,50.27,44.7,91.25,71.56,C
22,Mathematics,3.3,78.73,65.58,63.19,85.95,65.51,61.6,70.36,69.64,C
23,Engineering,3.6,72.11,61.93,61.78,72.04,68.29,73.2,85.67,69.66,C
24,Business,3.9,56.31,49.7,58.42,62.92,64.94,70.9,82.73,63.96,D
24,CS,3.8,100.0,45.55,59.96,80.72,80.93,50.5,68.44,65.14,D
23,Business,1.6,52.35,89.17,71.14,79.24,59.09,75.4,70.53,75.32,B
19,Business,3.9,89.84,85.58,22.42,61.05,66.4,51.2,71.65,57.19,F
19,CS,4.3,83.53,79.3,49.83,74.2,55.73,100.0,89.69,71.42,C
21,CS,0.9,92.19,45.55,34.75,75.38,65.81,55.4,79.67,54.67,F
24,Engineering,2.7,78.08,69.46,94.63,48.39,51.49,64.5,87.91,73.85,B
20,Business,3.3,100.0,60.92,51.74,69.4,74.52,33.9,68.49,61.18,F
23,Engineering,5.5,74.58,39.62,70.34,80.12,73.51,73.9,78.72,70.08,C
24,Business,5.9,84.65,96.49,51.41,66.48,75.03,87.2,75.18,75.14,B
22,Business,4.0,44.89,58.42,38.19,100.0,32.99,76.9,50.55,57.83,F
23,Business,3.1,97.64,70.45,95.63,66.08,68.29,75.6,94.66,81.51,A
21,Engineering,1.7,90.47,43.7,71.47,80.27,63.73,57.4,59.56,64.33,D
19,Mathematics,5.7,80.45,51.71,94.19,72.44,62.04,78.4,82.9,77.75,A
18,CS,2.1,62.37,51.46,64.92,92.02,99.89,80.0,70.35,74.64,B
24,Engineering,5.3,92.02,71.97,66.26,55.89,60.01,53.8,55.08,65.2,D
22,Business,6.1,74.16,67.71,55.89,78.75,66.99,39.0,59.46,65.07,D
22,Engineering,5.3,68.07,64.78,56.06,67.07,90.87,46.0,67.63,67.48,D
20,Engineering,5.3,85.44,84.9,56.36,53.89,57.39,40.7,65.44,63.84,D
23,CS,8.1,85.56,52.48,48.38,62.55,59.52,98.4,49.7,62.18,F
22,Business,5.9,88.02,82.14,74.8,77.74,79.81,67.2,70.89,79.26,A
22,Mathematics,5.3,96.26,51.14,64.93,76.07,88.68,43.6,65.93,68.02,D
20,Business,3.5,78.51,60.43,63.88,89.72,78.25,92.8,80.38,75.51,B
21,CS,5.0,70.82,67.88,59.6,85.1,52.25,70.4,69.72,68.57,C
18,Engineering,6.6,89.45,45.32,63.7,71.84,75.5,73.3,80.6,68.96,C
22,Business,5.6,85.45,72.18,43.49,99.79,78.75,83.2,81.74,73.56,B
23,Engineering,5.8,72.0,71.25,81.46,60.47,61.08,72.7,93.32,76.42,B
21,CS,2.5,98.21,47.64,22.11,50.26,64.55,67.8,70.59,48.47,F
19,Mathematics,5.9,80.77,31.33,62.11,75.43,60.39,79.1,60.48,62.18,F
22,Business,4.1,81.09,39.03,85.72,92.15,47.01,70.1,75.65,71.02,C
20,Mathematics,6.9,83.72,73.46,71.55,63.74,63.51,77.4,56.67,72.1,C
24,Engineering,5.6,100.0,53.3,76.24,76.71,54.47,66.9,88.28,71.53,C
24,Business,3.4,65.85,33.41,100.0,56.76,55.25,93.7,84.82,73.04,B
19,CS,5.0,73.21,86.22,83.05,65.57,59.05,44.3,50.19,72.8,B
23,CS,6.8,67.58,69.69,80.41,72.03,69.08,77.4,87.71,79.14,A
19,Mathematics,3.6,69.02,74.99,37.89,100.0,52.61,64.1,93.83,66.85,D
23,Business,4.5,62.54,81.32,73.39,68.51,59.44,86.5,65.67,74.94,B
22,Engineering,3.4,92.4,69.12,26.53,48.32,76.76,53.8,59.98,53.62,F
22,CS,6.4,83.65,61.74,71.1,63.99,81.38,72.9,63.36,72.31,C
21,CS,4.2,76.04,49.84,83.78,88.1,70.7,55.5,99.71,76.54,B
23,Engineering,7.3,100.0,78.55,50.8,55.03,54.99,80.6,61.4,65.3,D
18,Business,2.6,58.33,69.82,41.01,88.05,85.24,47.2,95.4,67.82,D
23,CS,5.2,90.12,94.66,86.39,93.21,84.62,60.4,85.51,88.71,A
24,CS,3.9,73.6,52.72,57.74,63.01,81.59,64.5,66.38,64.59,D
19,Business,5.8,74.12,53.38,79.28,100.0,85.29,46.3,77.41,77.52,A
24,CS,2.5,94.36,59.88,45.98,74.11,75.27,66.0,54.37,61.46,F
21,Mathematics,2.9,95.52,66.78,47.92,57.0,75.68,74.6,69.33,63.48,D
20,Mathematics,4.7,86.67,77.18,55.57,66.36,76.5,60.0,70.92,68.98,C
21,Engineering,6.4,84.46,58.17,49.35,71.11,77.44,63.5,99.24,68.2,D
22,Mathematics,4.3,72.74,62.85,71.15,69.53,77.47,46.8,65.28,69.32,C
18,Business,1.2,60.83,62.43,35.12,74.07,67.99,51.6,76.24,57.71,F
22,CS,4.6,100.0,83.46,39.39,44.04,74.59,99.6,72.63,65.83,D
24,Mathematics,4.7,73.32,41.43,67.03,77.57,67.93,79.2,63.24,66.81,D
23,Business,1.0,69.64,69.66,55.05,79.23,83.57,49.6,79.7,68.3,D
22,Mathematics,3.8,71.89,57.76,85.64,100.0,68.92,55.5,68.5,76.88,B
22,Engineering,4.7,70.69,70.76,76.88,76.65,56.11,90.7,77.8,76.33,B
21,Mathematics,3.7,86.93,52.42,36.34,61.69,66.22,49.9,77.8,55.19,F
19,CS,4.3,89.0,67.88,68.95,77.45,71.1,58.8,67.44,71.32,C
19,Mathematics,5.6,54.15,53.09,94.73,60.7,42.9,86.4,67.46,72.76,C
24,Business,4.8,78.1,95.64,61.71,68.82,74.89,61.4,73.76,75.11,B
21,Mathematics,7.2,82.95,75.39,88.02,91.76,81.52,93.7,79.08,88.35,A
23,Business,2.7,74.53,67.86,71.79,67.12,67.82,37.1,73.39,67.75,D
18,CS,4.2,78.88,87.7,25.52,90.18,62.73,72.3,82.65,65.73,D
23,Mathematics,7.3,77.83,71.15,75.62,88.13,89.48,76.6,88.19,83.69,A
18,CS,3.9,82.27,73.85,63.4,61.31,61.14,55.7,78.44,67.52,D
18,CS,8.7,60.9,35.77,53.18,77.87,86.27,58.7,89.88,66.94,D
20,Business,5.7,63.13,75.04,57.14,71.01,56.84,73.7,99.73,71.52,C
23,CS,7.7,70.59,58.62,100.0,88.82,65.72,25.1,64.08,77.67,A
18,CS,4.9,87.86,62.03,81.66,67.2,69.05,82.1,92.59,77.26,A
23,Business,4.7,68.35,66.84,67.26,73.39,73.27,52.0,93.89,72.48,C
24,Engineering,5.1,71.6,53.03,87.05,62.55,76.18,51.0,78.71,73.05,B
24,Engineering,5.7,45.26,86.96,71.59,65.19,64.77,83.2,92.94,78.83,A
19,Mathematics,8.0,87.92,62.72,42.49,80.88,68.07,69.7,79.91,66.59,D
20,Engineering,2.6,87.72,50.56,60.48,68.61,69.83,96.6,48.33,64.82,D
22,Business,1.8,79.81,60.79,51.73,53.12,71.06,43.4,59.68,57.51,F
18,Engineering,5.6,73.64,84.97,78.87,77.47,65.25,65.7,84.28,79.86,A
23,Mathematics,0.7,65.53,88.48,74.09,96.86,29.06,61.7,45.54,69.88,C
19,Business,3.0,100.0,73.02,57.71,84.03,74.51,65.3,75.67,71.29,C
24,Business,5.0,75.48,66.88,51.36,67.38,65.04,68.7,68.77,64.89,D
21,Engineering,7.3,84.93,59.24,73.3,88.88,60.64,83.6,71.71,75.45,B
19,Engineering,3.2,74.08,45.92,63.68,55.59,74.79,99.8,83.17,67.74,D
21,Engineering,4.9,67.19,45.72,68.29,92.58,53.64,96.3,44.28,68.07,D
22,Business,4.2,83.32,65.97,63.11,75.24,59.68,100.0,70.32,71.5,C
18,Mathematics,6.9,81.89,56.31,71.85,66.2,80.69,73.2,80.16,73.64,B
21,Business,5.0,83.33,75.07,84.27,61.72,74.52,79.4,82.9,79.46,A
21,Engineering,6.5,78.56,42.47,37.43,82.39,96.74,100.0,64.24,66.27,D
21,Engineering,6.0,74.77,62.18,78.49,67.77,82.8,73.9,78.18,76.78,B
21,CS,2.5,76.11,49.96,69.58,79.7,69.04,64.0,73.7,68.2,D
18,Mathematics,2.6,91.64,71.98,84.57,68.64,82.73,92.9,67.73,79.84,A
21,Mathematics,4.5,73.2,51.34,42.92,76.04,55.24,79.1,57.01,58.7,F
23,Mathematics,3.8,69.13,73.74,61.35,72.9,66.92,52.9,84.74,69.79,C
20,CS,4.6,40.0,74.14,44.37,79.93,72.95,83.7,73.05,69.05,C
24,Business,5.3,75.34,49.77,52.6,73.31,66.78,79.6,78.19,65.18,D
19,Engineering,5.8,62.54,69.11,37.52,80.66,66.09,52.0,91.43,64.33,D
23,Mathematics,6.4,100.0,64.72,48.75,62.92,65.78,73.9,99.05,67.37,D
20,Engineering,0.5,63.72,66.61,63.88,83.49,69.51,69.3,51.35,67.75,D
19,CS,6.3,75.57,61.49,69.82,72.17,51.54,49.5,68.99,66.8,D
19,Engineering,4.8,92.58,48.82,51.74,80.34,83.35,56.8,92.94,67.21,D
19,Business,6.7,69.02,83.48,66.73,55.65,73.18,44.3,71.02,70.92,C
19,Business,5.5,80.75,43.97,47.3,84.23,68.56,50.6,77.6,61.47,F
21,Business,5.4,73.19,53.37,72.0,61.45,81.38,100.0,47.58,71.16,C
19,Business,4.6,88.11,55.05,84.55,65.63,85.74,40.3,78.58,73.27,B
18,CS,3.9,100.0,75.96,44.23,76.58,85.95,97.0,88.94,73.38,B
24,Business,2.4,72.05,76.32,45.48,58.31,81.41,48.8,68.29,62.78,F
22,CS,1.6,96.99,76.06,46.58,79.63,42.43,75.9,98.31,65.72,D
20,Business,3.7,90.79,65.54,30.34,53.62,56.94,70.3,74.69,55.14,F
21,Engineering,6.8,65.54,55.23,77.59,75.45,69.66,66.9,83.56,74.54,B
21,CS,2.9,96.16,55.12,66.35,54.14,53.1,91.5,87.29,66.34,D
22,Business,6.2,75.9,76.56,51.6,100.0,79.9,80.2,75.92,76.49,B
22,Engineering,6.0,83.43,32.83,39.25,77.29,88.11,60.0,77.41,59.89,F
20,Business,6.2,59.84,67.43,38.66,69.32,63.55,58.4,67.28,60.68,F
20,Business,7.3,67.92,100.0,71.35,74.25,85.34,64.8,78.22,83.3,A
18,Business,4.0,96.51,55.59,56.26,72.12,66.01,61.1,33.48,60.17,F
21,Mathematics,3.9,68.01,79.73,98.51,59.3,75.42,73.5,55.28,80.54,A
19,CS,3.4,78.95,72.57,39.25,63.33,52.98,30.2,86.8,57.14,F
21,Engineering,3.1,89.56,69.29,91.33,62.48,71.21,84.2,63.45,77.63,A
22,Business,3.0,97.86,58.93,74.41,84.7,77.14,54.7,90.34,74.39,B
18,CS,5.8,82.3,53.58,45.59,72.59,47.58,58.9,41.23,55.33,F
22,CS,5.3,76.85,50.74,85.83,86.64,80.43,79.2,91.67,80.69,A
22,Engineering,7.1,73.33,83.73,43.51,76.46,65.42,45.2,75.36,66.69,D
23,Engineering,5.1,77.62,76.31,42.26,51.77,60.77,77.1,81.91,63.27,F
21,CS,5.7,77.28,82.51,58.65,65.98,77.02,63.3,51.75,69.9,C
22,CS,3.4,78.07,78.48,80.52,83.29,100.0,75.7,82.87,84.9,A
18,Engineering,3.7,86.58,99.71,66.46,90.87,60.46,62.4,80.66,78.74,A
24,CS,7.7,89.4,46.74,82.12,82.62,60.65,100.0,77.31,77.06,B
18,Business,1.1,77.06,54.96,35.52,73.28,65.58,49.8,79.88,56.0,F
20,Business,5.7,77.86,83.81,40.3,58.12,67.92,49.0,54.29,60.94,F
20,CS,4.7,79.46,96.16,59.35,100.0,81.66,89.8,84.34,84.05,A
22,Mathematics,4.2,91.47,100.0,60.02,64.53,60.77,80.0,45.18,71.42,C
19,Engineering,1.3,74.63,53.52,73.95,67.78,85.76,49.7,73.01,68.84,C
24,CS,4.0,78.04,54.34,72.8,77.57,86.19,57.2,63.83,71.38,C
18,CS,5.1,81.5,51.23,77.86,66.66,78.67,56.6,78.47,71.46,C
22,Engineering,2.6,86.34,50.3,51.57,82.36,57.91,83.5,77.29,63.95,D
22,Business,4.8,89.31,77.53,84.37,74.02,60.94,74.2,63.66,77.25,A
21,Mathematics,3.9,93.55,48.57,90.37,81.29,73.75,56.1,91.93,76.83,B
21,CS,4.6,79.86,83.94,35.16,72.79,85.13,77.5,65.95,67.67,D
19,CS,2.3,71.84,49.08,43.49,90.31,48.74,77.4,59.27,58.54,F
21,CS,10.1,70.56,66.09,59.28,63.86,92.16,92.7,78.06,76.53,B
24,CS,0.8,83.1,67.73,50.32,73.48,74.24,76.7,77.93,66.66,D
18,Business,4.7,78.01,65.72,54.31,72.53,65.68,50.3,88.54,66.4,D
23,Engineering,5.1,79.83,74.24,55.4,88.58,100.0,68.5,70.24,76.18,B
19,Business,7.1,100.0,62.56,77.81,74.81,60.81,88.8,73.02,75.93,B
18,Engineering,3.5,67.2,63.67,67.66,56.5,72.7,89.1,49.08,67.98,D
24,Business,5.1,82.4,83.89,63.94,68.62,63.1,68.0,66.7,71.74,C
20,CS,4.9,69.66,60.36,65.65,77.77,59.8,75.3,81.13,70.5,C
22,Mathematics,4.1,75.75,33.48,59.8,66.13,67.33,71.7,64.77,60.35,F
18,Mathematics,6.9,86.23,29.42,100.0,68.51,75.17,59.4,74.99,74.32,B
18,Business,3.0,85.33,55.92,65.72,72.9,84.73,96.3,60.55,71.73,C
18,Engineering,3.8,95.06,76.47,49.81,82.43,71.06,54.1,74.93,68.06,D
19,Mathematics,5.0,60.56,82.33,68.33,74.55,88.95,87.8,63.58,79.13,A
21,CS,2.5,87.81,62.56,53.32,59.69,65.31,55.4,74.2,61.47,F
21,Engineering,7.0,88.5,94.83,84.79,95.29,73.17,50.1,57.77,83.96,A
24,CS,2.5,98.96,64.0,66.24,84.94,96.96,68.1,99.5,77.97,A
20,Business,4.3,71.1,71.22,40.19,82.35,80.36,79.5,98.11,70.62,C
22,Engineering,4.4,76.24,78.55,81.03,72.46,48.49,81.9,76.37,76.19,B
18,Engineering,5.9,95.81,41.88,81.32,96.24,61.86,87.3,75.26,75.69,B
20,Engineering,6.5,71.35,72.26,44.71,62.12,54.3,56.9,100.0,64.27,D
23,Business,6.3,70.91,56.31,64.32,67.53,85.67,66.4,74.43,70.77,C
21,Engineering,3.2,68.55,63.38,70.57,83.26,54.31,80.8,51.9,69.35,C
22,Business,6.0,86.76,63.7,72.27,95.95,80.14,100.0,66.32,80.47,A
22,Business,4.5,97.47,72.16,70.56,68.27,75.1,59.1,97.39,75.0,B
22,CS,3.9,90.84,62.54,50.48,89.5,49.24,80.3,94.18,67.86,D
21,Business,6.9,77.64,61.58,38.97,76.27,49.3,68.9,53.61,58.54,F
21,Mathematics,4.8,76.95,68.87,65.03,79.98,83.52,53.5,82.85,73.84,B
19,CS,5.7,74.13,77.81,76.45,72.4,71.63,67.3,93.17,79.0,A
23,CS,3.8,63.04,96.07,85.3,65.76,68.54,48.7,92.32,80.95,A
22,Engineering,2.1,58.31,60.78,92.58,93.23,54.11,78.3,69.93,77.9,A
23,Mathematics,5.1,68.5,76.45,56.31,66.15,100.0,59.3,58.45,71.43,C
18,Engineering,7.6,58.79,40.04,75.3,83.69,70.73,62.8,76.34,71.47,C
24,Mathematics,4.8,78.4,64.0,89.05,53.19,80.21,72.6,85.26,77.71,A
23,Business,4.0,69.5,89.34,55.23,87.13,74.54,50.2,73.7,73.08,B
18,Mathematics,6.7,82.32,59.17,51.87,61.83,61.12,52.1,48.91,59.29,F
21,Engineering,3.0,86.91,75.02,69.6,65.16,59.03,72.7,91.56,72.44,C
19,Engineering,5.3,69.96,66.46,52.42,69.83,71.21,100.0,89.41,71.76,C
19,Business,1.7,85.02,100.0,63.79,86.44,69.0,62.5,58.16,75.37,B
18,Business,4.3,69.11,51.35,40.01,81.32,72.81,86.7,78.67,64.08,D
20,CS,5.6,74.57,63.58,47.97,92.97,94.45,48.7,75.56,70.45,C
21,Mathematics,3.6,70.69,76.23,52.82,68.68,85.45,75.8,74.52,71.04,C
19,CS,2.9,55.32,65.17,70.46,77.19,65.49,63.9,100.0,73.41,B
19,Engineering,5.2,63.02,87.48,66.45,59.17,81.93,87.5,66.02,76.55,B
24,Mathematics,2.4,40.0,69.74,73.1,77.89,89.05,81.2,64.25,76.66,B
23,Engineering,3.7,57.84,56.77,70.53,74.53,95.64,85.8,68.51,75.32,B
20,Business,4.1,80.05,51.95,58.89,82.22,72.4,89.6,85.54,70.81,C
18,Business,4.8,72.92,85.85,92.85,73.2,60.3,67.2,69.65,81.14,A
20,Business,5.8,99.52,67.5,84.24,56.67,52.57,67.2,61.31,70.91,C
21,CS,1.9,67.36,56.82,58.76,77.06,74.91,68.6,83.76,67.97,D
23,Business,3.3,71.38,48.71,29.34,70.55,60.02,98.5,56.17,55.25,F
24,CS,2.4,63.51,77.98,44.22,74.71,55.95,60.9,65.87,62.34,F
18,Engineering,2.2,69.54,60.86,78.3,62.31,46.21,20.1,82.65,63.32,F
20,CS,4.6,89.05,74.87,56.22,81.15,82.47,69.4,63.18,71.94,C
19,Business,4.4,83.88,52.81,46.46,84.11,85.52,74.6,87.93,68.4,D
20,Business,4.9,58.14,54.22,64.34,89.51,60.07,94.5,80.38,72.52,C
24,Engineering,0.3,92.2,70.67,80.17,93.05,84.32,61.9,51.49,76.28,B
24,Business,5.9,72.91,73.04,57.19,82.92,65.94,56.2,65.95,69.26,C
23,Mathematics,7.6,85.83,86.14,44.42,80.65,74.04,67.8,74.52,71.79,C
21,Business,5.3,85.11,53.61,34.64,65.56,63.72,62.0,57.63,55.12,F
23,Business,2.6,72.29,76.74,55.51,68.91,69.21,82.4,72.87,69.55,C
18,Engineering,5.3,96.46,70.48,58.79,76.25,82.84,95.1,78.93,75.65,B
23,Engineering,5.1,88.84,81.22,93.49,86.41,61.65,35.4,66.02,79.19,A
22,Engineering,6.5,90.04,72.78,54.58,80.67,75.42,59.9,52.22,68.81,C
19,CS,7.0,70.12,50.77,52.97,95.13,79.55,62.0,70.6,69.01,C
18,Business,6.3,69.16,73.64,75.29,79.85,54.58,36.9,75.14,71.83,C
23,Business,6.2,88.66,29.48,55.21,73.62,74.03,91.4,56.48,62.49,F
18,CS,2.5,96.83,54.98,27.14,58.85,84.32,93.3,78.47,59.04,F
23,Engineering,3.6,71.82,60.09,66.45,54.77,64.15,78.0,79.49,67.34,D
21,CS,5.7,75.0,63.67,91.49,76.48,61.42,66.5,53.89,75.76,B
24,Business,2.1,85.87,70.98,53.23,100.0,58.83,65.7,79.76,69.59,C
24,Business,5.5,85.74,53.01,53.47,77.32,48.98,68.0,72.67,62.41,F
21,CS,6.6,85.01,69.76,39.58,79.49,59.66,79.1,78.65,65.77,D
19,Business,5.9,89.96,45.0,60.18,77.03,51.47,55.8,82.95,63.15,F
20,Engineering,4.0,87.95,34.63,85.92,73.95,45.51,75.1,79.66,68.1,D
20,Mathematics,4.3,88.58,41.05,57.29,88.33,79.1,85.1,68.54,68.03,D
19,Engineering,8.0,92.85,63.08,80.94,85.96,64.47,74.2,69.99,77.88,A
18,CS,6.6,82.1,72.23,46.86,70.31,83.52,82.9,59.49,69.12,C
20,Business,1.8,86.52,95.39,46.27,52.22,75.94,50.3,71.33,65.25,D
23,Business,6.6,94.7,80.13,83.7,66.78,75.99,56.5,100.0,81.5,A
24,CS,3.7,100.0,78.34,78.07,79.95,62.22,78.6,67.18,76.84,B
24,CS,4.6,56.13,50.96,54.21,83.4,71.16,96.2,80.58,69.62,C
24,Business,4.2,74.98,85.05,47.97,62.75,99.2,79.1,64.87,72.19,C
19,Engineering,4.6,86.06,81.27,71.89,67.79,99.11,75.3,57.12,78.4,A
23,CS,1.9,61.39,74.73,68.23,77.78,89.47,70.5,57.29,74.23,B
18,Engineering,5.7,77.09,56.57,77.95,53.1,60.36,46.2,81.09,67.3,D
18,Engineering,7.2,83.64,87.79,33.42,66.53,80.46,60.1,88.8,68.12,D
24,CS,1.3,93.84,68.72,91.27,60.63,61.64,41.6,86.57,72.93,B
23,Engineering,3.5,94.63,60.74,44.6,65.03,77.31,56.5,79.6,62.24,F
24,Engineering,4.3,86.9,76.25,58.71,64.2,74.59,85.5,89.27,73.31,B
24,Business,5.0,72.81,65.45,64.26,83.85,40.53,80.2,63.58,67.9,D
19,CS,5.4,80.13,81.31,78.89,74.16,88.62,70.0,80.89,82.14,A
22,Mathematics,5.0,79.65,61.57,47.05,67.04,73.13,71.5,88.89,65.99,D
23,Engineering,4.9,73.13,73.73,57.91,95.3,59.98,44.4,68.47,69.15,C
20,Mathematics,5.9,59.72,53.88,64.55,91.56,63.13,61.8,61.48,68.62,C
24,Business,5.9,96.03,78.8,72.04,89.51,72.74,53.8,64.81,76.52,B
20,Business,2.9,94.99,40.85,75.33,82.66,56.44,93.5,58.44,68.28,D
20,CS,7.4,95.31,68.51,49.33,63.21,80.61,100.0,88.69,72.64,C
22,Business,2.4,85.75,51.44,85.07,60.53,70.31,78.2,94.05,73.86,B
20,Engineering,6.0,98.7,81.99,56.64,58.35,64.8,72.5,68.13,68.93,C
20,Business,2.8,100.0,74.27,100.0,87.34,78.79,56.0,97.97,86.57,A
23,Business,5.5,88.34,58.55,53.57,63.02,43.11,100.0,52.6,61.71,F
23,Business,3.9,93.86,23.44,51.15,86.59,79.83,94.7,77.5,64.17,D
18,Business,4.5,84.28,74.55,75.92,63.3,74.58,90.6,61.24,75.8,B
19,CS,4.3,75.51,52.12,73.45,86.64,89.51,44.3,62.7,71.73,C
20,Business,6.5,68.92,61.3,63.22,70.94,73.58,70.0,39.14,67.07,D
22,Engineering,2.7,88.45,58.28,64.11,83.3,84.51,58.2,89.43,72.17,C
21,Engineering,2.2,69.25,71.37,61.84,68.33,66.77,61.5,59.85,66.33,D
24,Engineering,5.0,63.57,59.98,69.41,45.23,81.23,100.0,78.36,72.12,C
18,Business,4.7,66.49,71.97,52.28,92.16,63.82,75.7,91.7,72.56,C
19,Engineering,2.7,95.37,70.15,64.58,90.0,82.79,79.2,82.79,76.87,B
18,CS,8.3,90.48,47.45,73.91,72.28,79.26,36.2,80.35,70.2,C
19,Mathematics,6.6,67.08,54.15,68.46,71.46,48.0,92.5,47.39,66.58,D
24,Business,3.3,60.05,68.63,72.45,85.84,67.43,44.2,58.2,70.34,C
22,Engineering,2.2,89.7,55.34,58.42,90.09,85.91,77.6,100.0,73.85,B
20,CS,2.7,89.9,53.68,89.22,68.64,69.89,92.6,75.88,76.48,B
23,Mathematics,4.6,95.31,78.66,88.14,88.7,70.51,52.7,75.25,81.15,A
23,Business,2.2,99.83,67.24,66.89,69.03,86.24,100.0,89.85,76.89,B
23,Business,4.5,83.38,61.92,63.07,89.74,62.85,56.6,100.0,72.1,C
20,Business,2.6,82.75,84.26,91.09,92.45,69.51,45.9,76.13,81.98,A
20,Business,3.0,62.2,62.03,46.46,77.63,48.31,74.8,72.95,61.51,F
24,Mathematics,4.0,68.47,57.19,82.26,82.11,60.72,69.7,69.16,73.43,B
24,Business,3.2,60.39,54.56,59.57,92.14,60.92,79.7,100.0,71.31,C
23,Mathematics,4.7,91.07,49.86,42.24,84.54,60.79,68.8,100.0,63.67,D
19,CS,5.9,42.07,62.92,49.17,61.86,56.79,91.6,100.0,67.24,D
22,Mathematics,3.5,72.7,66.16,65.12,55.06,84.92,85.3,62.49,70.29,C
20,CS,5.0,71.34,79.68,58.92,68.68,73.4,70.0,71.11,71.54,C
22,CS,3.0,76.38,96.2,52.36,63.89,72.5,58.1,68.39,69.56,C
23,Engineering,7.1,54.44,42.47,73.24,71.01,49.55,72.2,80.78,67.4,D
19,Business,5.9,83.49,56.92,74.73,57.42,78.42,100.0,66.62,73.79,B
21,Business,4.9,91.81,61.05,42.64,71.93,54.33,56.9,80.72,60.15,F
24,CS,5.5,75.64,59.9,81.32,78.38,74.63,59.3,85.85,76.59,B
22,Business,1.1,73.65,51.04,58.46,77.77,62.37,68.2,47.07,60.84,F
20,CS,4.9,77.43,79.25,84.72,76.23,72.33,71.7,73.33,80.5,A
21,CS,2.7,74.18,77.28,68.31,73.43,72.22,80.2,67.57,73.92,B
22,CS,5.0,65.41,73.16,72.84,79.37,72.76,75.3,74.73,76.81,B
19,Business,2.4,65.7,47.53,60.55,83.58,43.59,57.0,72.92,60.94,F
18,Engineering,3.7,70.14,31.72,46.63,72.44,71.41,75.8,100.0,61.34,F
20,Engineering,5.1,100.0,45.6,43.46,80.07,61.81,76.2,88.11,62.42,F
24,Mathematics,5.2,87.24,54.23,43.6,73.32,81.5,44.5,69.31,61.13,F
22,Business,4.8,70.88,84.05,66.81,50.63,61.35,49.2,68.4,67.81,D
20,Business,5.0,78.04,56.89,29.06,68.71,65.38,53.1,66.32,54.65,F
18,Engineering,1.8,87.76,51.47,68.51,69.63,54.62,85.2,82.9,67.19,D
23,Business,7.6,65.06,72.78,67.16,69.82,59.59,36.9,68.57,68.46,D
22,Business,5.3,98.84,39.7,74.1,71.16,54.53,90.3,70.93,67.8,D
23,CS,6.6,53.55,60.18,61.0,65.39,53.65,69.0,53.08,63.7,D
20,CS,5.1,80.53,66.81,52.04,52.34,66.47,63.0,92.52,64.9,D
20,Business,1.9,81.59,70.94,54.98,81.57,50.98,74.4,53.17,64.27,D
19,Business,4.1,76.71,72.17,46.79,80.53,84.39,39.0,73.15,66.47,D
23,Engineering,3.8,82.64,79.27,95.16,66.01,100.0,87.6,77.99,87.76,A
23,Engineering,5.3,81.11,56.03,67.55,71.46,38.73,40.9,77.91,62.53,F
20,CS,5.3,98.28,64.85,79.58,57.09,85.1,41.3,77.44,72.7,C
19,Engineering,4.7,92.08,67.28,55.07,78.42,86.24,77.9,52.4,70.06,C
19,Business,7.5,84.13,43.44,83.09,71.37,77.39,64.0,72.55,73.33,B
24,CS,4.0,84.24,77.33,49.75,100.0,63.26,82.5,72.51,72.38,C
24,Business,4.1,96.15,47.02,45.59,51.91,61.46,93.6,65.73,58.07,F
19,Mathematics,6.2,79.68,35.5,59.74,51.82,73.53,56.8,72.55,59.86,F
19,Business,5.6,100.0,68.97,75.91,59.6,49.24,76.4,44.6,67.79,D
21,Business,6.3,77.1,58.33,100.0,81.69,67.24,43.4,47.74,76.27,B
23,Business,5.2,65.98,81.06,31.59,76.18,79.26,93.6,59.39,66.9,D
18,Business,0.9,89.44,75.18,63.29,83.98,83.43,71.3,97.81,76.5,B
23,CS,4.1,95.6,65.24,46.37,67.9,67.63,68.8,82.66,64.48,D
23,Mathematics,3.9,83.82,67.15,58.18,79.21,91.89,69.2,38.96,69.32,C
24,Engineering,2.2,61.49,56.66,53.2,81.85,70.85,95.7,73.52,68.22,D
21,Mathematics,8.1,74.63,79.57,78.94,58.04,80.19,65.9,75.76,78.55,A
19,Engineering,4.9,68.95,54.8,50.74,100.0,89.42,75.1,72.9,71.84,C
23,CS,5.8,93.42,54.62,49.36,67.85,68.86,52.4,68.39,61.22,F
21,Business,3.6,67.41,66.78,69.84,68.35,45.83,57.0,57.57,64.69,D
18,CS,2.6,76.57,84.02,51.68,60.33,43.19,94.9,80.46,66.67,D
24,CS,5.5,64.43,54.31,89.45,74.69,72.92,46.2,77.26,74.93,B
20,Engineering,7.7,82.81,81.41,66.35,72.73,94.47,69.0,100.0,82.02,A
24,Business,9.0,88.24,45.17,74.02,81.52,78.73,77.8,50.29,72.59,C
22,Engineering,5.1,58.46,55.69,88.21,63.51,53.75,76.3,69.57,72.33,C
20,Engineering,3.2,66.01,75.62,61.48,96.0,77.65,78.5,67.96,75.86,B
20,Business,9.0,100.0,76.18,62.48,43.27,64.69,57.0,72.81,67.66,D
23,CS,3.7,63.86,57.31,71.84,66.41,67.86,79.7,60.78,69.05,C
23,CS,2.8,74.36,64.66,47.42,48.65,75.1,65.9,79.57,61.67,F
21,Engineering,4.9,71.34,72.92,60.47,76.53,62.04,92.9,70.15,72.27,C
18,Engineering,4.3,75.1,77.93,81.54,76.81,66.68,72.1,70.18,77.95,A
18,Business,1.9,90.66,56.98,78.22,67.9,62.02,59.8,76.57,68.94,C
19,Engineering,5.1,72.67,81.53,68.21,76.31,54.65,68.6,82.78,74.1,B
19,Engineering,6.4,77.65,46.44,87.99,60.45,81.96,88.8,73.29,76.46,B
21,CS,2.4,74.79,64.72,51.03,88.86,72.18,73.5,66.46,67.6,D
18,Mathematics,4.8,74.67,68.77,38.29,77.9,67.05,63.1,64.85,62.18,F
20,Engineering,6.5,74.9,56.35,84.22,84.93,74.29,89.0,87.33,81.3,A
24,Engineering,0.8,64.29,53.97,76.61,67.38,74.69,46.9,79.48,68.13,D
22,CS,2.4,71.08,70.58,59.84,74.78,39.84,95.2,72.45,67.23,D
20,Engineering,2.5,70.08,64.33,65.37,58.5,44.84,52.3,58.73,60.33,F
21,Business,2.0,94.03,71.57,80.51,100.0,86.59,71.3,85.34,83.12,A
21,Business,5.6,60.71,56.74,75.33,92.46,83.26,96.2,80.53,80.78,A
24,Business,1.8,83.87,60.03,41.89,87.39,70.14,55.7,91.16,63.79,D
21,CS,4.2,71.79,44.6,35.43,70.5,74.21,100.0,76.45,61.0,F
22,Engineering,3.0,91.94,60.9,64.98,81.42,74.16,42.9,76.97,68.5,C
23,Mathematics,6.2,74.15,36.03,68.54,70.17,68.41,100.0,92.6,70.91,C
24,Business,7.6,91.58,22.31,52.24,93.77,33.38,58.2,83.33,57.16,F
21,Business,6.3,84.16,52.73,90.62,63.29,68.27,64.4,77.74,74.83,B
24,CS,5.0,62.62,54.53,68.25,80.6,47.61,26.5,70.39,62.8,F
23,Mathematics,2.6,67.53,62.39,46.31,61.02,58.3,0.0,82.89,53.86,F
21,CS,5.5,67.46,66.1,71.82,66.37,50.22,61.6,84.97,69.66,C
19,Business,4.8,75.68,59.45,69.66,89.08,54.4,39.3,68.87,67.53,D
20,Business,2.5,75.18,66.01,59.37,72.93,56.88,77.7,62.35,65.74,D
23,CS,4.1,65.95,76.94,59.42,74.59,81.59,59.1,62.41,70.84,C
23,Business,3.3,77.56,62.58,57.04,77.35,86.43,47.3,84.12,68.99,C
24,Mathematics,3.7,95.56,83.11,64.29,64.25,77.24,73.2,94.52,75.75,B
21,Business,3.5,83.32,62.28,66.54,95.15,57.72,60.1,69.82,70.09,C
22,Engineering,5.4,59.46,55.05,64.25,69.66,79.78,71.1,98.61,72.37,C
19,Engineering,6.0,61.64,29.96,35.33,79.36,48.81,63.0,71.19,52.24,F
24,Engineering,6.2,59.75,47.86,54.9,66.46,56.0,61.8,94.48,63.14,F
19,Business,6.4,91.56,59.31,44.95,47.22,95.92,51.7,77.56,62.94,F
18,CS,4.4,64.86,78.75,69.27,48.26,70.61,45.8,47.38,65.88,D
23,CS,5.0,73.27,45.42,57.15,72.61,71.54,73.4,79.41,65.63,D
19,CS,4.6,72.0,54.35,45.79,100.0,80.11,92.0,67.84,69.91,C
22,CS,6.3,85.69,78.33,81.65,77.88,84.59,60.3,74.99,81.21,A
21,Business,6.7,73.14,50.45,79.52,56.22,59.97,60.6,62.03,66.99,D
23,Mathematics,0.7,93.44,57.64,80.36,65.8,64.03,91.6,100.0,74.62,B
19,Mathematics,9.3,76.81,78.14,46.89,73.24,92.44,47.4,72.13,71.15,C
18,CS,6.7,84.98,40.7,63.4,65.17,98.96,70.0,100.0,72.13,C
19,Engineering,4.3,68.34,74.81,82.48,67.65,79.0,58.6,89.23,78.64,A
23,Business,3.9,68.99,61.23,48.13,81.08,49.27,53.6,66.5,60.2,F
20,CS,6.4,93.42,69.07,60.44,100.0,59.34,87.6,84.94,76.3,B
19,Mathematics,5.5,81.31,93.07,68.72,73.44,67.89,60.9,93.01,78.57,A
23,Engineering,3.4,87.06,100.0,46.15,49.46,67.63,68.1,100.0,69.92,C
18,Engineering,7.1,94.15,32.66,48.77,84.14,73.69,55.1,82.89,62.19,F
19,Mathematics,4.3,76.26,89.84,54.42,78.11,69.16,49.5,78.59,71.34,C
24,Engineering,5.1,79.17,72.6,51.03,60.09,56.79,77.4,87.15,66.37,D
19,Business,4.8,77.09,60.71,74.1,75.92,74.08,65.2,83.03,74.1,B
21,Engineering,3.4,69.01,59.01,60.75,50.98,80.65,70.0,62.12,64.68,D
18,CS,5.9,55.63,55.25,65.58,77.02,76.15,70.8,86.66,72.4,C
22,Mathematics,5.5,84.72,69.48,52.59,94.33,69.51,49.4,87.51,70.69,C
22,Engineering,4.5,59.02,70.46,74.97,62.01,80.7,96.1,74.7,77.32,A
24,CS,3.5,82.29,71.56,54.39,62.63,91.01,77.7,100.0,73.19,B
20,CS,4.7,81.99,46.61,69.04,55.1,94.25,100.0,86.8,73.47,B
19,Business,6.6,64.31,86.1,61.02,81.62,76.4,57.6,74.48,75.74,B
23,Engineering,4.2,75.97,53.74,74.88,66.49,76.49,81.9,87.68,73.72,B
23,CS,8.2,79.57,68.26,58.29,81.53,76.74,45.7,57.88,69.34,C
19,CS,5.7,87.03,59.18,87.48,80.66,68.53,81.2,81.77,79.61,A
19,Engineering,1.6,67.19,57.34,84.99,57.32,40.83,85.9,87.33,69.81,C
22,Engineering,1.1,83.76,80.8,47.37,60.88,75.4,37.2,48.02,59.88,F
22,Engineering,1.6,84.24,80.47,79.84,89.83,40.59,80.0,61.54,74.56,B
18,Business,4.4,99.2,89.71,36.53,89.55,71.73,94.6,84.74,73.23,B
24,CS,4.1,85.86,67.57,77.1,82.96,58.11,84.8,73.34,75.67,B
19,Mathematics,3.7,89.99,54.6,100.0,66.0,77.91,97.3,90.44,83.13,A
18,Engineering,3.8,90.66,69.33,76.77,59.18,70.7,77.8,69.01,72.96,B
18,Mathematics,3.5,89.48,58.22,52.45,79.32,61.83,57.0,100.0,66.0,D
21,Mathematics,1.8,85.41,24.09,35.59,96.03,80.51,33.7,73.03,53.55,F
22,Business,6.0,82.68,63.94,54.09,91.16,69.76,47.0,61.8,67.03,D
20,Business,2.3,73.37,58.42,66.74,76.94,75.4,68.9,67.29,69.33,C
20,Business,4.4,72.96,89.64,74.2,97.85,66.44,76.6,47.42,79.43,A
19,Engineering,2.8,90.78,58.7,62.94,79.12,50.34,67.0,68.79,65.02,D
19,CS,8.9,97.73,64.08,43.54,53.67,82.04,88.5,67.81,66.32,D
24,Business,3.7,77.33,64.07,62.18,71.94,63.82,66.6,72.95,67.64,D
20,Mathematics,2.8,91.87,59.92,44.28,66.45,68.59,76.4,70.58,61.62,F
20,CS,5.4,70.42,91.22,81.25,75.09,74.22,78.5,77.42,83.31,A
24,Mathematics,3.7,90.83,55.47,74.86,93.92,41.03,55.4,55.09,66.69,D
24,Engineering,2.4,88.07,69.22,94.58,76.8,68.64,100.0,80.84,83.32,A
20,Business,5.8,56.26,54.06,51.42,76.76,51.05,79.1,100.0,66.22,D
19,Engineering,8.5,82.82,50.02,58.16,77.9,74.98,32.9,73.99,65.32,D
19,Business,6.2,88.71,69.71,54.37,59.92,80.09,78.0,58.56,68.01,D
19,CS,6.8,85.37,53.87,46.65,70.56,64.77,64.6,52.32,60.16,F
22,Engineering,7.6,70.66,90.97,54.13,75.7,100.0,56.6,86.4,78.89,A
21,Engineering,3.5,72.58,57.86,59.22,78.67,80.21,89.1,63.08,70.14,C
24,Engineering,6.3,100.0,64.46,73.04,81.36,57.47,57.5,87.09,73.24,B
21,Business,3.3,66.03,75.28,53.27,79.79,100.0,64.8,54.86,71.62,C
24,CS,4.3,65.49,87.15,37.07,70.44,60.4,77.2,100.0,68.05,D
22,CS,3.5,91.17,60.78,47.15,50.45,72.83,79.3,100.0,64.47,D
22,Business,7.3,71.87,59.79,47.86,80.81,86.48,100.0,100.0,75.06,B
24,Engineering,5.4,67.93,74.13,48.31,99.13,87.12,67.8,78.33,74.57,B
23,Mathematics,5.0,72.53,67.63,62.75,64.13,55.07,72.9,88.87,68.91,C
22,Mathematics,5.2,69.77,81.26,23.96,71.78,69.78,65.1,81.94,61.98,F
24,Business,3.1,69.25,81.89,52.42,75.41,64.46,71.1,83.2,70.06,C
19,Business,4.5,84.39,56.06,81.01,73.87,83.01,68.2,45.55,72.67,C
24,Engineering,1.5,73.31,48.24,69.45,67.82,67.88,64.3,85.11,66.53,D
20,Mathematics,2.7,77.01,50.4,50.51,58.1,78.87,41.6,78.75,59.16,F
19,Business,8.0,94.32,58.32,51.91,68.81,64.46,52.4,52.16,61.68,F
23,Business,3.2,89.16,49.82,100.0,67.67,66.31,69.0,82.97,76.86,B
22,Business,4.2,82.19,44.38,85.48,77.39,70.65,68.8,69.69,72.68,C
20,Engineering,5.6,86.3,40.28,42.17,86.05,85.25,66.1,66.15,62.43,F
21,Engineering,3.1,95.09,67.33,47.09,84.28,76.7,87.4,100.0,72.03,C
23,Mathematics,6.3,80.78,71.29,67.26,54.94,70.69,76.6,79.04,71.99,C
20,Engineering,5.7,53.41,37.68,40.29,86.51,64.42,90.1,65.5,60.67,F
24,Business,5.6,75.11,69.69,57.44,70.58,73.75,76.3,82.66,71.52,C
19,CS,2.4,58.24,75.22,75.29,70.68,90.58,71.4,98.29,79.99,A
19,Mathematics,1.8,91.48,45.85,46.46,68.91,66.84,76.1,94.87,61.47,F
23,Mathematics,8.2,84.53,80.98,50.44,77.29,65.85,54.6,62.02,68.56,C
21,CS,5.3,93.42,79.39,71.22,79.32,69.32,78.6,65.87,76.64,B
19,Mathematics,7.6,94.19,65.1,53.73,82.11,75.83,53.9,86.16,70.64,C
21,CS,1.1,77.16,73.3,80.33,94.56,89.9,53.0,66.54,78.93,A
22,CS,5.1,56.0,72.08,40.95,65.48,53.31,94.9,68.06,63.37,D
21,CS,6.1,72.67,67.15,74.45,77.94,65.74,79.4,63.57,74.66,B
23,Business,3.5,72.17,70.87,53.87,57.19,71.66,94.1,74.09,68.23,D
21,CS,6.0,76.91,68.37,92.18,81.0,48.5,76.1,77.09,79.07,A
22,Business,1.8,100.0,84.83,73.02,80.19,77.74,76.8,82.01,79.34,A
24,CS,2.9,69.8,48.66,45.92,81.42,43.73,65.6,81.2,58.41,F
21,Business,5.6,100.0,39.87,33.73,81.85,73.73,67.4,77.45,58.71,F
23,Business,2.4,74.77,63.59,41.28,82.72,73.33,38.9,73.45,60.94,F
22,CS,5.7,93.19,73.88,76.1,79.7,65.46,62.1,83.98,76.84,B
22,Engineering,5.1,89.03,49.61,77.01,76.93,57.34,92.7,83.41,73.33,B
18,Business,6.6,98.42,63.0,70.52,77.22,69.07,50.9,77.55,71.84,C
24,Engineering,7.4,62.44,63.54,55.56,69.93,54.32,48.8,77.94,64.39,D
22,Engineering,2.0,82.83,71.59,68.77,66.02,33.2,87.8,59.88,65.6,D
18,Mathematics,5.9,79.5,49.35,84.31,59.17,63.56,87.9,59.8,71.29,C
19,CS,7.3,84.63,58.39,34.95,81.52,72.16,83.1,46.75,61.85,F
21,CS,6.6,56.2,57.23,55.76,77.79,52.08,78.3,83.22,67.11,D
24,Engineering,4.7,71.19,51.77,50.27,71.68,78.86,73.7,73.32,65.07,D
21,CS,3.8,61.68,58.74,36.95,70.01,55.2,80.0,72.1,58.72,F
20,Business,8.1,100.0,58.81,74.06,70.37,78.62,42.3,74.64,72.07,C
19,Engineering,4.6,91.25,76.56,67.15,79.23,89.19,69.5,72.62,77.23,A
24,Engineering,2.3,95.9,76.65,83.31,85.57,100.0,57.1,95.5,84.57,A
19,Mathematics,1.9,73.09,60.5,70.14,76.7,72.4,58.3,85.2,70.81,C
19,Mathematics,4.6,100.0,68.54,79.39,61.79,72.56,80.4,90.17,77.03,B
19,CS,6.1,78.6,62.29,100.0,75.39,61.48,100.0,99.28,85.97,A
24,Business,4.2,83.33,81.88,76.11,87.7,93.09,77.6,74.35,83.62,A
19,Engineering,1.2,70.44,77.68,54.45,71.74,83.79,49.4,83.56,69.1,C
18,Engineering,4.3,74.11,55.37,90.29,91.3,54.42,87.5,94.66,80.39,A
19,CS,5.0,88.54,100.0,44.89,82.0,69.17,76.0,50.88,71.33,C
22,CS,5.7,83.25,56.72,65.41,81.86,69.89,100.0,56.7,72.25,C
24,Mathematics,6.5,88.86,71.75,43.97,93.9,80.07,87.8,54.96,71.16,C
18,Mathematics,4.1,74.76,31.89,51.16,71.83,70.62,47.4,89.71,58.85,F
21,CS,3.6,63.91,71.43,61.17,57.75,44.93,48.5,35.47,58.24,F
18,Business,2.4,55.36,60.6,75.9,45.3,56.04,100.0,54.62,66.75,D
24,Business,4.7,80.63,60.57,63.81,72.59,95.04,71.7,58.9,71.81,C
20,CS,5.6,76.92,45.57,59.07,72.6,59.28,90.5,73.11,65.78,D
21,CS,6.0,81.65,48.95,45.07,84.43,83.35,71.0,64.41,65.02,D
18,Engineering,5.0,69.6,58.59,65.63,77.92,67.21,51.9,77.44,68.61,C
23,Engineering,5.0,71.76,50.9,65.83,96.97,69.41,75.3,53.2,70.24,C
18,Business,5.4,66.81,43.96,65.92,77.67,66.66,44.6,84.13,65.79,D
20,CS,5.9,85.65,84.06,71.03,68.55,68.63,89.5,51.0,75.7,B
20,Mathematics,5.3,100.0,53.45,51.74,82.02,66.4,58.5,79.28,64.9,D
21,CS,2.8,57.3,82.12,62.47,81.06,79.39,43.8,74.33,72.45,C
20,Business,4.9,86.77,81.49,67.05,76.14,66.73,66.5,93.78,76.32,B
18,Engineering,2.6,69.76,89.42,87.39,90.47,84.9,80.4,85.11,88.26,A
21,Engineering,4.8,91.35,66.91,63.93,59.32,63.55,75.7,58.66,66.83,D
20,CS,6.1,81.18,48.73,48.97,65.68,59.41,78.8,98.95,64.03,D
21,CS,0.8,87.89,69.79,66.06,82.24,56.89,76.2,79.35,70.6,C
20,Engineering,4.6,76.57,57.21,84.09,98.41,92.86,77.0,84.6,83.82,A
21,CS,1.5,86.36,75.97,76.28,81.58,81.35,47.8,89.51,77.0,B
24,CS,5.9,83.13,42.6,79.26,85.58,69.25,72.5,69.04,72.63,C
23,Business,6.0,92.34,69.79,33.08,92.19,44.62,59.0,71.91,60.49,F
20,Engineering,3.4,70.78,65.61,70.63,69.07,74.13,43.8,87.15,70.59,C
24,Business,5.5,63.82,56.03,46.33,60.74,65.83,56.6,92.06,61.71,F
22,CS,3.5,90.02,63.37,42.9,67.98,80.87,56.4,99.77,65.24,D
22,CS,5.3,78.43,68.1,61.14,77.59,69.58,50.2,70.2,68.73,C
20,Mathematics,5.2,88.45,44.22,53.65,69.58,78.28,84.0,81.28,66.25,D
23,Engineering,4.4,81.52,55.63,70.53,97.1,71.53,43.1,49.66,69.06,C
22,Mathematics,3.4,86.06,44.88,79.39,78.73,58.44,89.4,71.19,71.13,C
20,CS,4.8,100.0,69.23,58.9,38.61,63.76,83.3,83.78,65.98,D
22,CS,2.2,65.18,63.79,43.13,69.68,54.26,87.7,63.93,60.55,F
24,Engineering,3.6,95.39,43.8,32.17,76.69,69.92,74.4,64.66,56.11,F
19,Engineering,8.6,73.14,38.2,96.86,52.79,61.13,65.5,66.34,71.27,C
19,Mathematics,4.5,100.0,51.98,37.62,91.43,71.9,84.8,92.95,66.21,D
21,Business,3.7,74.38,75.44,64.41,88.26,89.98,49.3,57.81,73.71,B
21,Mathematics,4.7,63.69,70.72,62.72,84.31,81.7,74.5,84.91,76.15,B
24,Engineering,4.3,74.16,43.84,61.89,92.35,63.16,95.1,67.9,69.11,C
19,Business,5.3,72.6,74.4,39.61,65.03,86.58,51.3,65.09,63.79,D
22,Business,3.2,81.6,70.12,53.98,71.66,74.85,75.0,89.45,70.24,C
21,Engineering,3.2,81.41,58.82,68.32,84.3,57.6,67.7,59.23,67.84,D
23,CS,5.9,76.38,61.26,64.79,98.05,73.24,62.2,82.48,74.8,B
21,Business,6.1,99.53,65.24,46.91,65.27,72.15,100.0,59.64,66.75,D
20,Business,4.0,67.48,80.93,55.63,80.38,80.37,72.7,100.0,76.26,B
20,Business,1.6,59.32,72.93,52.44,91.38,40.29,81.2,73.98,66.39,D
24,Engineering,5.5,87.04,82.08,77.32,91.84,77.74,58.6,63.25,79.98,A
19,CS,4.2,60.92,74.3,71.59,75.85,95.93,80.7,59.0,78.17,A
21,CS,4.6,62.42,50.17,85.55,76.55,58.27,77.4,75.62,73.52,B
19,Engineering,5.6,100.0,62.86,72.75,72.8,78.48,86.4,96.9,78.22,A
19,Business,0.0,84.79,81.53,57.25,85.6,63.18,30.1,68.92,65.7,D
18,Mathematics,4.8,100.0,80.75,69.11,69.58,92.91,100.0,91.12,82.77,A
20,Business,3.1,68.44,62.68,55.0,80.35,67.83,74.0,74.41,67.65,D
18,Business,5.5,67.49,91.27,91.0,79.02,56.18,60.0,90.48,83.63,A
20,Mathematics,5.5,64.33,74.49,86.97,66.46,63.68,51.9,64.27,74.88,B
22,CS,5.9,88.58,56.0,100.0,72.53,88.07,62.2,84.56,82.92,A
20,Mathematics,1.3,94.11,78.53,13.94,63.8,55.58,89.7,83.98,55.81,F
24,Business,5.4,100.0,73.26,63.13,67.47,65.22,48.4,78.46,68.88,C
18,Engineering,3.4,73.21,68.64,61.9,76.04,72.81,46.4,67.61,67.73,D
21,Engineering,4.7,76.43,50.79,84.69,63.92,61.7,60.9,82.23,71.07,C
22,Engineering,1.7,71.57,50.91,82.4,91.03,93.3,83.8,82.13,79.99,A
18,Mathematics,1.8,86.11,54.18,56.28,82.9,60.15,100.0,77.51,67.83,D
20,Engineering,4.0,96.79,69.44,68.33,73.77,60.65,38.7,63.04,66.72,D
20,Mathematics,3.2,65.73,70.11,74.95,60.73,89.63,67.6,83.85,75.81,B
23,Engineering,8.8,95.22,60.22,61.97,75.71,60.65,91.4,70.61,71.69,C
18,Business,2.7,62.31,74.14,62.75,75.72,54.42,77.8,63.37,68.64,C
20,Business,4.6,93.43,72.18,47.73,78.59,36.9,67.0,71.9,62.27,F
18,CS,4.4,60.73,39.18,99.2,83.81,55.96,70.2,82.63,76.04,B
18,CS,4.9,82.32,48.79,58.96,74.86,63.89,86.8,84.82,67.87,D
21,CS,3.7,84.31,79.61,56.62,94.12,66.92,84.9,96.74,77.08,A
19,Engineering,3.3,100.0,35.61,73.17,75.56,51.67,66.4,91.63,65.61,D
18,CS,5.2,86.09,38.04,84.85,88.49,60.74,83.8,89.8,75.41,B
22,CS,1.5,72.65,38.81,51.06,77.69,94.86,51.8,55.19,60.41,F
21,Engineering,5.6,77.67,45.05,70.82,45.89,53.57,41.2,90.59,61.15,F
22,Engineering,3.8,76.01,74.41,67.89,82.99,89.94,77.3,80.27,78.85,A
22,Mathematics,2.9,72.28,91.56,53.36,69.16,79.74,100.0,60.66,74.17,B
22,CS,7.1,67.15,87.04,59.23,85.41,59.53,73.4,80.71,75.88,B
20,Engineering,4.8,65.98,58.61,79.96,72.59,88.16,55.3,80.74,75.83,B
24,Mathematics,4.7,69.78,71.13,43.93,53.39,74.35,78.2,62.85,63.02,F
23,CS,4.3,57.0,52.4,59.68,86.68,51.36,81.6,73.28,66.73,D
24,Business,6.9,76.63,53.85,48.65,67.64,65.37,50.0,56.64,59.43,F
22,Business,5.0,96.19,77.84,48.62,56.87,71.7,83.5,84.79,68.77,C
18,Mathematics,5.1,82.75,43.63,44.95,69.87,58.4,79.7,71.12,59.08,F
18,Business,3.4,73.93,72.89,38.11,100.0,54.76,78.0,77.69,66.49,D
24,Business,5.2,73.71,70.52,81.47,71.71,39.6,78.2,63.73,72.03,C
19,Business,4.2,85.75,55.67,53.9,99.04,86.11,98.8,69.82,74.04,B
18,Engineering,7.0,91.09,68.52,49.02,79.11,79.45,72.4,60.24,68.96,C
20,Business,7.7,75.06,54.28,47.07,87.31,45.15,76.4,79.6,64.3,D
24,Business,3.3,69.47,76.9,62.44,93.66,92.43,49.2,73.32,75.93,B
22,Business,5.3,88.83,58.97,72.13,69.13,80.66,100.0,84.89,77.04,B
20,Engineering,5.3,67.88,52.95,100.0,76.49,65.88,69.5,53.55,76.9,B
24,Mathematics,3.4,99.01,40.35,87.37,89.62,62.61,55.1,79.46,72.27,C
19,Mathematics,4.1,70.29,64.15,53.3,83.79,64.19,45.7,75.99,65.24,D
23,CS,4.7,73.88,70.84,82.77,66.01,71.98,100.0,86.9,80.74,A
23,Business,2.7,74.76,31.57,63.2,84.38,75.31,61.6,58.02,62.54,F
19,Business,4.5,86.0,69.97,71.54,85.37,45.49,71.4,85.77,73.05,B
24,Business,5.6,90.01,93.42,61.08,60.15,61.93,52.7,57.14,69.1,C
19,Business,3.1,71.25,29.61,70.16,89.05,73.15,59.3,84.7,67.25,D
19,Mathematics,2.4,74.09,61.98,56.2,50.96,70.82,92.4,60.86,64.05,D
23,CS,5.0,74.5,18.71,91.53,87.29,78.78,88.5,56.42,73.1,B
21,CS,4.3,88.85,80.13,53.83,74.68,82.4,100.0,92.28,77.11,A
18,Engineering,5.7,98.75,70.69,73.74,78.29,89.87,54.8,100.0,79.81,A
23,Mathematics,5.8,83.34,62.78,77.3,89.97,65.52,68.0,72.42,76.01,B
24,Business,4.0,81.31,55.26,73.65,93.63,64.48,72.0,88.16,74.88,B
18,CS,3.1,85.36,66.38,60.5,87.75,87.85,79.7,39.96,71.28,C
18,Business,1.8,62.73,35.8,70.75,81.14,82.32,53.2,74.82,66.61,D
23,Engineering,5.3,91.38,70.14,83.38,62.62,85.54,87.6,100.0,82.68,A
23,CS,5.1,78.84,61.41,62.19,98.49,71.98,65.4,63.29,71.93,C
23,Engineering,5.2,71.54,72.1,51.5,77.16,59.15,64.1,71.39,66.47,D
19,Mathematics,4.1,77.0,75.2,39.81,77.89,56.15,44.1,73.94,60.94,F
22,Mathematics,0.7,84.68,83.46,84.79,69.52,83.47,84.0,100.0,83.83,A
19,CS,2.4,61.74,53.41,63.41,68.61,76.51,51.8,83.23,66.18,D
20,Engineering,4.3,79.22,80.8,26.55,79.29,76.82,65.2,65.96,62.81,F
22,Mathematics,5.7,73.25,100.0,88.51,81.78,54.22,44.4,91.45,83.39,A
23,CS,8.3,76.3,29.78,63.94,81.62,57.33,60.4,77.5,63.92,D
24,Mathematics,3.6,67.43,76.7,76.92,64.3,62.98,75.8,89.18,75.81,B
21,CS,3.4,74.32,61.66,48.83,100.0,38.22,42.8,86.65,62.36,F
23,Mathematics,6.7,78.62,45.4,45.87,94.55,86.32,38.2,86.76,65.82,D
21,Engineering,3.8,86.5,74.22,36.46,76.23,91.74,59.8,50.49,63.91,D
19,Engineering,3.8,81.0,58.01,31.52,55.26,72.7,89.8,84.09,59.54,F
20,CS,7.1,97.63,80.24,56.34,70.75,63.69,60.4,84.25,71.13,C
23,Mathematics,7.2,74.73,56.65,37.41,63.12,100.0,63.1,51.69,62.1,F
20,CS,7.9,73.88,51.11,86.03,52.23,53.08,72.0,100.0,72.98,B
22,Mathematics,7.3,90.57,51.92,82.21,73.84,80.64,56.0,76.08,75.08,B
19,Business,5.1,74.34,64.34,87.32,100.0,62.1,100.0,73.87,83.32,A
21,Business,6.5,70.21,37.37,67.87,71.52,57.29,65.5,83.18,65.27,D
22,Engineering,5.5,99.75,55.88,55.05,69.49,82.28,59.3,62.31,65.37,D
18,CS,5.3,72.8,51.39,44.31,91.44,62.62,53.6,72.1,61.9,F
19,Mathematics,4.2,74.51,58.45,72.77,92.36,77.38,68.2,59.85,73.89,B
20,Business,3.2,76.57,30.14,65.24,82.68,69.34,56.0,70.59,62.66,F
23,CS,4.6,72.08,77.21,74.45,53.82,60.39,70.4,100.0,74.25,B
20,Engineering,3.5,63.42,54.14,63.46,86.41,94.63,57.2,70.73,71.56,C
22,Mathematics,4.5,100.0,77.02,56.83,80.71,91.91,74.4,100.0,78.04,A
23,CS,7.3,89.97,71.62,45.27,75.82,64.48,53.1,73.21,65.23,D
18,CS,6.6,83.09,79.35,13.26,65.23,41.87,71.5,69.68,53.33,F
24,CS,2.8,92.52,38.69,48.5,65.76,79.22,93.7,76.89,62.49,F
23,CS,3.0,100.0,74.75,61.3,100.0,56.71,100.0,96.12,77.96,A
22,Business,5.7,80.04,88.6,55.09,74.11,78.91,48.2,63.26,71.2,C
18,CS,6.3,91.52,67.9,59.63,70.1,84.76,64.7,90.52,73.37,B
23,Engineering,6.2,75.6,57.72,66.39,100.0,66.96,96.0,66.97,75.9,B
23,Business,3.5,86.9,100.0,83.31,90.69,71.13,81.1,62.49,85.37,A
23,CS,3.7,70.07,87.46,69.72,74.95,91.07,91.3,64.76,80.77,A
22,CS,1.4,77.49,66.12,87.83,74.69,50.04,50.3,57.87,69.8,C
21,Engineering,7.2,76.67,69.54,74.2,57.33,71.63,71.1,60.95,72.32,C
22,CS,3.2,73.73,88.91,61.33,93.14,89.86,97.2,84.24,83.38,A
21,Business,4.9,75.06,76.14,36.14,56.35,80.83,95.0,59.18,64.52,D
24,Business,6.2,77.8,39.9,36.93,70.16,47.86,73.1,70.75,54.25,F
18,CS,5.4,76.38,49.19,48.09,88.61,61.58,61.3,55.13,61.14,F
18,Business,6.1,68.62,72.25,69.1,70.29,88.73,58.0,68.08,74.69,B
21,CS,4.8,81.06,58.66,55.26,98.66,59.02,86.3,77.25,70.72,C
24,Engineering,5.0,82.73,78.16,69.14,59.57,71.15,53.2,94.68,73.27,B
24,CS,4.6,82.49,64.51,48.12,78.96,51.93,67.8,100.0,66.05,D
20,Business,1.5,81.82,60.59,67.74,82.98,47.93,80.9,89.44,69.86,C
19,CS,3.6,75.42,60.86,37.71,85.13,69.17,64.8,64.24,61.33,F
22,Business,3.2,85.14,65.97,12.5,53.24,100.0,43.5,80.43,53.92,F
23,CS,3.4,76.28,76.0,14.93,100.0,64.22,68.3,73.76,60.22,F
24,CS,2.0,79.88,66.41,58.62,91.26,70.81,92.6,84.48,73.89,B
21,Engineering,2.4,71.12,49.25,65.69,74.96,93.24,59.0,68.7,68.76,C
22,CS,5.6,100.0,42.48,57.72,62.7,57.6,76.5,61.21,60.43,F
19,Business,6.3,78.27,54.64,79.52,77.71,67.76,100.0,60.62,75.82,B
20,CS,6.3,96.1,67.19,94.14,89.17,61.93,49.3,80.21,80.45,A
23,CS,3.4,71.98,63.75,68.77,74.01,89.21,37.0,77.42,71.01,C
18,Mathematics,4.1,83.6,78.37,37.8,67.96,77.33,78.5,98.2,68.53,C
20,Business,4.5,98.53,47.37,44.8,61.11,70.63,92.6,64.34,60.62,F
19,Engineering,6.1,67.96,53.56,64.47,93.15,47.89,83.5,76.46,70.26,C
18,Mathematics,3.8,85.14,61.83,68.85,84.83,76.84,50.8,61.47,70.4,C
23,Engineering,4.3,70.82,54.08,73.59,46.9,66.86,81.2,44.4,64.67,D
21,Mathematics,4.0,89.06,45.25,72.22,100.0,27.13,100.0,88.69,70.65,C
20,Mathematics,6.4,81.32,44.1,36.56,64.24,74.87,75.6,69.45,58.36,F
20,CS,4.3,89.67,73.95,48.59,85.49,75.03,89.0,85.32,73.03,B
23,Mathematics,5.9,89.52,61.63,75.5,100.0,71.24,88.0,87.3,81.14,A
19,Mathematics,2.2,70.92,55.04,45.31,50.19,77.68,66.0,100.0,61.48,F
24,Business,6.6,97.82,68.16,67.78,67.23,73.11,47.7,73.67,70.45,C
23,Business,5.3,84.4,63.43,72.38,79.08,99.38,63.3,58.41,75.99,B
22,Business,5.1,86.55,77.06,55.46,59.5,35.14,77.3,69.33,63.46,D
24,CS,7.5,69.12,59.53,54.87,45.73,100.0,35.3,77.37,65.24,D
24,Mathematics,4.2,71.39,77.82,37.96,74.78,72.45,87.6,57.56,65.65,D
18,Business,1.1,72.0,50.59,55.22,73.77,63.99,54.3,54.8,58.81,F
24,Mathematics,2.3,80.71,52.86,84.49,53.97,42.46,43.4,86.4,64.51,D
22,Mathematics,0.6,87.7,62.18,66.46,58.98,63.93,66.0,93.71,67.08,D
19,CS,5.6,63.4,52.73,81.09,100.0,41.65,88.5,73.27,75.1,B
24,Business,7.4,79.43,55.27,63.19,54.79,78.79,59.1,57.69,65.43,D
19,CS,5.3,99.67,52.13,45.37,90.89,66.5,65.7,94.28,66.29,D
22,Engineering,5.5,71.25,58.25,49.49,75.44,56.57,48.2,74.12,61.28,F
21,Engineering,4.2,74.83,73.39,72.99,68.58,65.26,83.8,71.64,74.3,B
20,Engineering,5.2,65.52,68.97,66.64,82.82,77.73,92.9,71.84,76.94,B
21,Business,3.6,77.84,71.91,48.59,60.95,61.9,65.8,63.52,62.12,F
18,Engineering,3.5,69.3,73.2,61.54,79.76,71.45,71.1,46.53,69.3,C
24,CS,4.1,74.42,98.94,77.5,67.67,86.47,66.1,57.19,80.54,A
18,Business,2.8,77.74,73.1,44.38,71.87,65.14,87.3,65.69,65.18,D
23,Engineering,5.1,71.65,70.14,73.99,94.06,67.54,61.8,100.0,79.2,A
20,Business,7.5,77.89,61.82,48.17,92.06,53.33,82.6,96.59,70.29,C
21,Engineering,4.8,75.28,70.99,48.87,71.48,81.4,87.9,78.37,70.82,C
20,Mathematics,3.9,82.67,58.6,40.9,69.57,58.32,86.6,77.79,61.56,F
18,CS,3.6,77.24,77.28,55.49,76.4,73.62,82.1,64.28,71.04,C
19,CS,7.5,65.05,63.37,50.76,63.32,57.13,70.6,77.82,64.56,D
20,CS,5.1,100.0,71.38,31.69,100.0,59.47,73.0,73.92,64.95,D
23,Engineering,3.7,83.26,44.74,46.01,91.71,31.69,58.9,55.33,54.53,F
22,Business,6.9,72.14,66.18,65.88,75.64,66.7,80.2,76.08,73.43,B
22,CS,2.7,68.75,86.41,57.97,67.0,69.11,70.1,70.24,70.47,C
24,Engineering,4.8,72.52,73.22,64.36,80.82,76.98,84.5,55.59,74.03,B
21,Engineering,8.7,98.11,80.91,57.88,93.58,41.84,66.3,76.2,72.46,C
20,Mathematics,2.8,76.2,79.01,56.64,54.46,76.41,70.8,67.8,67.68,D
24,Business,2.6,81.92,66.15,62.74,75.31,71.2,75.4,86.92,71.56,C
21,CS,0.4,78.05,65.15,81.66,66.91,47.99,100.0,94.56,74.42,B
23,CS,1.8,84.84,62.23,78.67,69.56,75.38,81.1,96.89,76.49,B
24,Engineering,2.2,80.67,75.17,51.13,74.4,61.44,50.9,65.98,63.54,D
23,Business,2.3,76.37,82.11,39.0,91.01,64.39,71.5,74.61,67.19,D
23,Business,3.5,78.82,74.65,75.62,74.98,77.32,64.2,79.89,76.62,B
22,CS,5.9,74.39,58.94,59.98,63.86,88.16,66.5,85.33,70.72,C
18,CS,1.8,81.04,49.27,59.94,76.75,88.6,59.3,63.06,65.77,D
23,Engineering,3.8,67.36,71.2,58.86,73.06,63.43,45.2,81.93,66.98,D
24,Mathematics,2.9,90.99,72.52,74.98,75.73,84.39,62.1,100.0,78.68,A
21,Business,0.0,79.09,53.73,21.26,74.9,91.5,100.0,73.8,59.46,F
24,Business,7.5,70.45,94.93,50.17,66.11,64.4,93.7,91.12,75.85,B
23,Mathematics,2.4,75.87,70.6,37.18,87.18,92.3,53.6,100.0,68.76,C
20,Mathematics,2.1,53.7,63.88,83.33,69.28,58.88,70.0,62.55,71.3,C
21,CS,5.0,89.32,54.02,59.32,86.39,97.08,70.9,75.15,73.23,B
21,Mathematics,6.5,87.39,98.53,66.04,69.99,65.3,69.9,68.45,76.9,B
18,CS,4.6,89.41,56.69,74.2,62.2,62.72,66.7,42.84,65.59,D
21,Business,8.7,94.92,76.65,58.23,60.76,73.26,56.8,85.32,71.46,C
19,CS,1.2,82.42,64.21,68.87,79.1,100.0,73.3,83.45,76.64,B
23,CS,3.7,86.43,76.63,72.02,60.16,76.44,55.9,78.67,72.73,C
21,Engineering,2.5,74.1,58.36,70.74,72.7,80.01,90.3,86.71,74.75,B
20,CS,2.2,72.45,71.31,94.37,72.27,79.54,71.1,66.96,80.25,A
23,Engineering,4.8,96.8,72.78,50.89,75.94,85.86,78.5,56.36,69.98,C
19,Business,7.0,73.16,79.3,75.43,58.54,73.04,81.6,56.79,75.57,B
19,CS,4.0,80.82,68.34,52.61,56.42,75.94,82.1,80.49,67.56,D
22,Mathematics,3.2,100.0,77.61,71.64,89.82,48.06,25.9,88.53,70.74,C
23,Engineering,5.1,82.47,100.0,38.78,60.97,73.61,78.9,77.88,70.05,C
23,Business,7.0,65.32,55.72,54.33,73.5,68.71,34.5,88.23,64.55,D
20,CS,4.9,68.06,60.37,83.43,75.16,35.96,68.1,80.11,71.04,C
18,Business,4.1,91.85,60.2,51.1,76.82,74.91,46.4,88.57,65.68,D
22,CS,5.1,72.93,43.58,85.71,51.73,51.85,94.5,49.08,66.87,D
24,CS,6.7,67.86,54.47,86.8,71.93,44.27,84.2,58.14,71.95,C
22,CS,3.5,64.85,66.0,54.51,59.78,54.92,73.0,62.65,62.07,F
19,Business,5.0,83.43,54.33,59.03,72.81,51.88,76.2,80.23,65.42,D
21,Engineering,1.7,67.16,76.51,26.62,75.92,71.97,72.0,95.31,63.05,F
23,Business,5.0,67.49,57.98,60.25,82.22,95.38,86.4,85.22,75.97,B
20,Business,7.0,100.0,62.83,66.01,72.09,66.22,45.7,69.89,68.17,D
24,CS,2.4,87.72,44.94,58.31,81.73,54.93,58.9,83.96,62.47,F
23,Business,3.5,65.88,45.92,61.21,78.77,79.4,95.4,68.2,69.38,C
21,Business,3.7,74.06,45.65,62.25,54.24,55.0,64.3,55.79,58.05,F
19,Business,8.0,87.61,72.61,65.55,97.38,97.68,62.6,76.47,81.35,A
22,Business,1.4,96.8,67.19,76.37,71.88,56.63,83.8,60.84,70.79,C
22,Business,7.4,76.8,65.03,78.75,68.29,79.27,82.5,61.49,76.86,B
23,CS,2.2,87.72,79.97,94.84,72.48,91.13,86.7,67.37,85.49,A
18,Business,3.8,94.18,41.79,54.25,69.83,61.13,97.9,78.17,63.78,D
21,Business,5.2,72.13,100.0,66.08,49.29,69.83,69.9,88.48,76.13,B
19,CS,3.5,45.95,49.96,73.92,84.96,56.87,48.6,67.47,66.8,D
18,Business,3.8,88.05,68.73,64.42,83.34,74.99,46.4,89.1,72.27,C
23,Mathematics,2.4,89.23,62.47,72.2,59.47,57.01,61.6,72.72,66.26,D
22,CS,3.4,100.0,81.23,75.33,71.44,51.29,55.8,78.01,72.34,C
18,Business,5.5,100.0,86.05,69.5,96.97,65.01,54.0,72.2,77.73,A
21,Mathematics,3.7,88.51,88.32,71.18,68.31,63.01,49.1,59.27,71.4,C
22,Engineering,3.0,64.02,71.03,49.69,100.0,69.14,57.2,84.17,70.12,C
20,Mathematics,0.0,91.92,58.17,81.02,69.73,82.35,73.1,58.1,71.87,C
21,CS,1.9,85.58,53.22,45.47,72.52,79.52,55.4,62.62,59.84,F
19,CS,2.8,64.82,47.76,65.68,49.07,89.48,62.2,63.75,64.03,D
21,Engineering,4.7,83.3,60.85,60.64,63.59,83.16,87.0,65.31,69.96,C
20,Engineering,4.4,91.29,47.42,94.15,84.0,78.22,94.6,59.49,79.67,A
23,CS,5.7,70.31,75.03,64.38,69.19,69.39,53.6,80.07,71.32,C
24,Engineering,5.3,78.02,72.69,82.26,70.34,63.84,78.4,61.95,76.03,B
23,CS,5.7,61.57,61.34,63.57,67.88,63.01,46.8,87.39,67.24,D
21,Business,4.0,73.81,68.4,41.23,83.27,66.61,12.2,66.9,58.44,F
20,CS,5.7,75.8,66.39,53.23,58.68,56.77,68.7,90.75,65.36,D
23,Business,3.9,91.24,65.19,50.92,70.48,64.53,74.8,90.22,67.02,D
20,Business,3.0,84.15,47.48,45.62,76.31,87.33,93.2,95.48,68.1,D
22,CS,2.3,85.53,19.78,89.64,80.08,92.82,56.5,74.49,71.03,C
24,Mathematics,3.8,74.75,72.51,60.35,100.0,77.25,96.8,86.06,79.38,A
24,Business,7.4,73.84,92.03,53.92,86.82,76.14,79.4,61.89,76.86,B
24,CS,7.1,85.72,70.24,66.87,74.34,91.32,98.8,80.86,80.47,A
24,Engineering,7.3,81.43,68.87,57.22,82.02,53.12,73.9,72.15,69.47,C
23,Engineering,5.5,87.3,62.23,69.29,59.92,75.21,54.5,76.78,69.38,C
24,Engineering,5.9,91.53,78.58,86.71,56.53,80.72,74.5,54.78,78.19,A
20,CS,4.1,90.63,63.02,64.49,92.26,71.54,86.9,80.36,75.3,B
20,CS,8.0,71.42,45.52,78.16,71.93,76.51,65.5,61.2,71.49,C
22,CS,6.2,80.42,85.99,77.08,41.22,53.55,22.2,59.12,65.77,D
24,Business,1.9,66.95,68.06,45.71,71.02,69.83,89.1,67.3,65.04,D
20,CS,4.8,56.43,79.28,60.68,77.18,47.53,77.1,73.89,70.27,C
18,Engineering,4.1,82.95,64.76,34.13,80.34,76.07,47.8,59.84,59.47,F
21,Engineering,2.8,96.11,55.26,80.24,93.45,80.53,92.1,100.0,81.83,A
18,CS,3.8,66.24,75.56,76.15,65.41,49.07,65.5,67.91,70.37,C
20,Mathematics,5.0,82.97,85.65,67.2,75.85,72.79,77.9,84.78,78.35,A
19,Business,6.3,81.73,68.4,80.12,93.92,63.8,61.2,64.48,77.09,A
20,Engineering,4.1,100.0,58.14,77.81,75.6,77.57,92.6,80.53,77.31,A
21,Mathematics,3.1,67.29,94.08,52.7,65.62,73.3,62.0,62.81,69.49,C
24,Business,6.1,100.0,73.09,48.5,69.38,87.35,76.5,44.49,67.83,D
18,CS,3.0,65.82,58.28,61.11,85.99,61.43,89.0,68.29,69.33,C
19,Engineering,3.3,75.61,80.52,84.5,68.18,76.7,62.9,72.9,78.42,A
18,Mathematics,6.1,96.74,76.02,41.59,63.14,75.21,56.0,70.22,64.11,D
19,CS,4.2,96.56,69.03,81.6,59.4,69.02,95.6,74.22,76.63,B
18,CS,3.2,88.47,55.31,93.84,69.39,74.44,72.4,59.37,75.57,B
23,CS,4.7,85.03,55.9,75.81,65.84,53.32,82.3,62.25,68.6,C
22,Business,5.3,77.62,63.52,46.04,85.31,56.02,61.6,57.81,62.31,F
20,Business,4.8,67.94,59.89,56.99,68.38,75.33,76.4,84.88,69.16,C
18,Business,5.4,85.9,70.95,48.71,90.87,96.6,66.5,66.58,72.93,B
20,CS,5.5,87.89,57.52,82.18,85.28,71.01,28.3,81.81,73.36,B
21,Engineering,2.5,59.43,69.87,48.66,77.14,75.73,73.2,70.78,67.15,D
18,CS,6.8,75.6,69.36,85.45,65.59,55.85,69.8,85.44,76.65,B
18,CS,5.9,85.76,52.75,82.9,59.04,68.97,91.5,65.18,73.24,B
19,Business,5.2,72.01,58.65,73.99,83.28,64.76,70.1,69.33,72.68,C
19,Engineering,3.5,70.58,45.96,31.54,82.46,75.6,54.0,57.2,55.23,F
24,Engineering,5.1,74.81,67.61,71.67,63.9,85.02,95.1,72.7,76.69,B
24,Business,3.1,82.22,59.2,78.39,77.66,90.12,53.2,82.68,75.66,B
21,Business,3.8,82.9,63.74,27.78,81.18,72.9,90.6,53.7,60.52,F
20,Mathematics,5.3,76.45,80.39,82.37,92.36,67.58,56.5,62.95,79.38,A
20,Business,5.7,83.49,40.32,70.69,51.64,68.87,100.0,70.03,67.2,D
24,Engineering,3.7,92.47,33.32,63.73,79.9,73.61,100.0,74.0,68.06,D
21,Engineering,3.8,70.45,59.96,81.04,82.98,61.6,88.9,74.37,76.22,B
21,CS,7.5,73.01,66.65,49.83,63.1,70.98,78.0,76.15,67.56,D
19,Engineering,1.4,91.18,60.28,44.75,54.89,78.28,84.2,100.0,64.58,D
24,CS,4.3,71.8,64.42,53.46,56.83,43.23,40.6,59.56,56.1,F
22,Engineering,4.3,74.42,53.4,64.37,76.42,88.44,53.8,86.3,70.88,C
21,Business,4.8,77.39,63.14,55.75,68.2,91.07,72.0,45.74,67.42,D
21,CS,2.3,64.16,52.21,79.38,76.9,74.42,100.0,73.38,75.44,B
23,Mathematics,3.2,100.0,57.89,50.87,95.25,71.72,100.0,70.68,70.55,C
19,Business,7.6,70.99,52.13,48.72,66.96,74.38,65.4,87.82,65.36,D
19,Engineering,6.2,79.31,71.03,70.38,90.61,71.0,57.6,99.98,78.42,A
18,Business,5.7,63.06,100.0,32.2,76.5,53.63,48.6,84.31,65.32,D
19,Mathematics,3.3,78.18,50.55,74.93,45.05,56.41,67.7,78.77,64.1,D
24,Engineering,5.4,81.66,64.43,47.22,67.4,72.89,74.2,59.43,64.16,D
23,Mathematics,5.7,81.99,86.98,75.5,55.5,87.17,73.4,78.39,79.48,A
20,CS,4.0,100.0,53.7,70.13,89.21,100.0,95.9,80.76,79.83,A
20,Business,4.1,69.32,67.87,77.09,71.19,52.7,93.0,78.94,74.53,B
20,Business,5.2,67.74,75.31,78.54,77.44,56.05,87.1,73.31,77.29,A
20,Engineering,3.4,81.25,74.44,89.06,65.55,70.62,67.2,61.79,76.63,B
19,Business,7.2,92.35,64.22,66.72,79.34,84.99,74.8,68.03,75.39,B
21,Engineering,4.8,80.44,66.24,70.23,85.06,91.33,52.5,76.45,76.07,B
24,Mathematics,3.0,98.88,71.91,26.86,74.05,76.25,59.6,51.0,57.54,F
23,CS,4.9,90.91,48.81,80.34,83.16,47.47,82.3,57.52,69.89,C
22,CS,5.5,83.58,69.44,45.54,85.93,74.61,74.8,66.86,68.55,C
20,Engineering,5.1,81.08,68.8,57.28,76.97,81.13,33.9,78.68,68.47,D
18,Business,5.9,57.69,65.22,72.31,91.41,65.84,83.9,69.97,76.66,B
23,Business,5.9,79.1,43.91,69.7,60.24,76.53,69.6,79.48,68.07,D
23,Mathematics,1.1,64.5,77.51,86.48,100.0,56.65,79.8,86.71,82.14,A
19,Business,5.0,85.43,66.02,74.1,65.99,67.38,78.0,99.25,75.66,B
21,CS,6.6,85.78,63.44,61.56,76.66,68.56,58.2,66.45,68.7,C
23,Mathematics,7.1,82.49,67.01,31.4,46.13,75.1,83.8,83.34,61.27,F
18,CS,1.6,80.31,66.38,62.48,70.94,68.92,70.9,90.35,69.92,C
18,CS,3.2,79.33,49.59,46.68,69.24,71.22,87.7,62.82,61.64,F
18,CS,5.3,82.68,43.89,39.49,59.25,87.71,70.8,79.03,60.3,F
18,Engineering,5.4,74.69,46.45,46.61,58.73,69.44,58.6,80.38,59.1,F
24,Engineering,3.6,65.6,60.44,52.79,100.0,91.13,52.1,98.96,73.5,B
23,Engineering,0.9,96.91,60.15,57.66,83.57,64.25,48.6,78.59,64.67,D
18,Business,6.9,88.32,82.57,85.33,77.73,93.62,98.0,73.31,88.4,A
24,Engineering,5.4,81.28,68.98,56.17,70.67,61.41,79.5,49.8,66.09,D
21,Mathematics,5.7,86.72,65.0,71.14,44.15,45.18,100.0,72.59,67.85,D
19,CS,2.1,75.47,85.88,45.34,70.54,94.27,67.1,58.03,69.06,C
19,Business,6.1,73.69,77.01,57.78,67.19,68.43,91.2,81.58,73.41,B
23,Mathematics,4.5,93.3,63.94,78.07,78.82,55.02,76.9,96.65,75.89,B
24,Mathematics,7.2,86.05,79.47,60.74,76.94,74.38,82.0,74.68,76.08,B
23,Business,4.1,79.0,36.55,78.27,82.14,83.39,68.0,75.71,72.04,C
18,Business,6.3,69.5,66.36,38.46,48.92,74.62,32.7,100.0,59.76,F
19,CS,3.8,79.88,100.0,53.3,69.52,83.74,51.3,77.11,73.72,B
18,Business,5.8,81.28,67.16,45.48,75.69,75.32,62.0,60.32,64.86,D
19,Mathematics,5.6,61.3,85.7,39.33,60.45,72.45,89.4,82.69,68.88,C
19,Engineering,3.5,100.0,56.59,29.61,92.95,79.74,43.0,100.0,62.15,F
24,Business,3.9,89.03,65.79,67.04,95.32,71.94,84.2,75.84,76.31,B
23,CS,1.9,100.0,79.43,47.93,72.78,64.61,71.2,87.5,67.69,D
24,CS,6.3,90.95,49.96,44.53,78.17,100.0,87.7,91.34,71.13,C
18,Business,6.0,72.97,48.49,84.77,65.52,78.31,66.9,68.68,73.26,B
18,Engineering,1.9,73.54,40.59,56.23,83.11,79.95,76.0,88.81,66.88,D
23,CS,3.8,94.32,55.07,70.66,70.94,71.74,74.6,55.57,68.53,C
21,Mathematics,4.9,84.65,96.36,58.84,89.13,68.5,47.8,97.33,77.53,A
18,Business,0.6,80.88,47.67,52.26,96.8,68.11,84.9,72.62,66.0,D
22,Business,5.5,96.0,26.46,60.1,65.36,77.95,50.4,70.07,59.62,F
19,Engineering,6.8,80.37,83.12,67.86,67.72,84.46,36.3,76.65,74.5,B
19,Business,4.3,83.69,70.05,85.35,87.63,72.83,89.6,92.88,84.08,A
20,Mathematics,8.4,63.51,60.63,54.08,62.63,66.67,54.9,57.05,63.14,F
19,Engineering,5.1,89.56,67.56,84.23,68.04,85.5,82.4,53.94,78.0,A
21,Business,6.8,82.81,85.43,49.38,66.33,59.37,42.0,60.83,64.44,D
24,CS,4.2,75.47,41.6,70.56,83.88,61.56,69.1,58.8,66.19,D
22,Engineering,2.7,73.17,45.98,82.51,89.98,78.19,53.9,65.14,72.43,C
22,Business,3.0,76.66,68.44,92.39,76.41,63.22,93.9,52.76,78.52,A
18,CS,2.5,91.9,43.29,91.36,86.05,63.51,77.4,73.2,74.81,B
18,Business,3.3,84.35,75.72,80.72,63.56,59.0,53.9,61.78,70.96,C
22,Engineering,6.4,85.4,74.09,51.05,85.15,78.73,82.1,55.21,71.65,C
18,Mathematics,6.2,82.55,71.37,72.0,66.6,69.12,88.9,72.46,75.47,B
23,CS,0.0,76.33,56.62,58.74,68.2,42.37,69.2,86.27,61.08,F
21,Mathematics,4.7,71.2,93.08,50.15,65.74,82.28,99.2,78.63,76.0,B
23,CS,5.6,79.18,44.9,64.09,92.11,75.53,71.6,61.37,69.45,C
18,Mathematics,4.7,68.39,63.76,78.76,73.89,45.93,82.4,95.32,74.47,B
18,Engineering,0.0,77.3,34.54,67.35,85.07,45.37,62.6,81.23,61.06,F
24,CS,5.3,87.97,61.51,74.48,90.73,59.18,48.6,71.26,71.77,C
24,CS,3.5,69.22,60.85,48.36,83.25,70.47,95.2,64.56,67.46,D
23,Engineering,3.9,89.94,77.86,82.95,73.42,69.36,66.1,94.54,79.89,A
20,Mathematics,0.6,81.64,77.09,68.57,70.5,75.35,49.6,84.16,71.54,C
18,CS,5.8,95.14,48.23,27.59,69.22,58.21,56.7,79.85,53.59,F
20,Engineering,5.0,83.81,40.66,66.23,83.82,69.33,48.1,72.87,65.57,D
23,CS,7.0,65.86,63.43,72.42,70.66,77.02,87.8,63.15,75.16,B
21,Mathematics,2.9,71.03,80.5,24.39,70.75,69.54,79.2,84.48,62.28,F
23,CS,5.3,67.76,67.48,63.92,69.93,67.97,72.8,58.41,69.13,C
18,Business,8.4,80.7,67.98,62.62,64.41,90.05,85.2,82.05,76.48,B
18,CS,5.4,100.0,97.09,76.15,68.82,67.64,82.9,79.81,81.7,A
21,Business,4.5,49.46,70.62,49.48,100.0,53.88,66.5,87.16,69.67,C
21,Business,4.5,70.53,48.26,74.19,79.07,60.13,57.7,27.47,63.56,D
23,Business,4.8,100.0,77.98,65.67,86.4,78.38,93.5,82.54,80.02,A
21,Business,6.9,61.77,84.16,82.89,81.77,85.3,82.8,68.72,85.36,A
21,Engineering,5.1,88.03,39.92,92.33,86.22,60.11,83.5,80.78,76.61,B
24,CS,0.7,72.41,57.5,66.84,90.06,49.09,84.5,97.19,70.94,C
23,Business,3.8,76.72,55.25,55.35,56.24,83.15,39.9,82.11,62.66,F
23,Business,6.0,87.28,71.02,71.23,92.96,38.94,86.0,70.3,73.99,B
18,Business,2.3,82.67,53.42,58.95,74.62,71.29,75.1,79.33,66.85,D
21,Engineering,3.8,74.97,64.28,86.05,89.23,77.96,35.9,75.58,76.8,B
22,Business,4.8,96.48,62.42,56.56,64.9,82.68,70.7,42.92,65.35,D
24,Engineering,5.3,78.07,48.9,100.0,68.99,74.62,75.2,73.22,78.81,A
23,CS,6.4,71.03,68.48,57.97,52.86,68.96,89.0,81.86,69.65,C
18,Engineering,7.9,60.78,39.2,74.98,80.27,79.57,49.5,83.18,71.53,C
21,Engineering,5.5,85.92,76.09,57.76,43.24,72.68,58.5,70.09,65.54,D
18,Business,7.5,73.01,92.87,36.97,76.62,71.31,22.3,67.87,64.62,D
18,CS,3.0,100.0,59.34,42.03,92.25,69.31,78.8,67.55,64.85,D
22,CS,5.3,76.84,76.75,42.65,61.04,73.82,69.3,91.23,67.08,D
20,Mathematics,5.2,66.95,53.05,71.34,96.38,84.12,58.8,70.11,74.58,B
24,CS,5.7,65.96,64.86,72.28,82.78,75.83,61.4,79.16,75.35,B
23,Engineering,3.6,87.25,99.05,41.75,54.91,69.13,84.9,60.54,67.28,D
21,Engineering,3.6,86.51,100.0,66.63,90.29,56.26,78.4,81.7,79.78,A
20,CS,6.2,94.53,61.55,82.52,81.47,73.67,55.8,69.4,75.96,B
22,Business,4.9,77.98,72.7,69.21,78.67,88.19,85.9,77.0,79.07,A
23,Business,3.2,84.85,63.48,71.15,87.17,71.21,62.5,64.7,72.12,C
18,Business,4.2,72.14,67.03,70.11,52.74,90.43,100.0,60.25,74.04,B
21,Business,1.5,73.54,89.73,85.54,64.93,59.78,66.1,69.92,76.67,B
19,CS,6.4,90.98,63.09,72.06,52.91,69.76,89.4,90.91,73.87,B
20,Business,6.0,74.34,40.49,53.59,78.08,72.66,59.1,80.22,63.72,D
20,Mathematics,6.2,90.67,79.29,79.25,100.0,78.01,42.3,86.22,82.29,A
18,Business,7.8,72.65,91.26,50.42,100.0,65.97,66.7,95.74,78.42,A
18,CS,7.3,92.65,50.78,59.28,63.33,59.6,56.4,73.38,63.01,F
18,Business,4.8,70.1,73.78,78.03,53.46,77.63,57.6,76.94,73.68,B
24,Engineering,4.4,94.54,52.83,67.45,55.46,78.18,59.3,75.09,66.49,D
19,CS,6.2,67.55,48.83,82.27,82.55,77.86,96.7,53.24,76.6,B
22,CS,5.9,90.65,81.17,58.49,72.18,94.77,78.7,51.09,74.75,B
24,Mathematics,3.7,78.16,56.78,65.47,78.6,68.78,82.6,69.41,70.15,C
18,Business,4.3,80.97,73.89,74.88,100.0,93.4,96.6,81.81,86.24,A
21,Engineering,1.2,84.45,100.0,45.17,70.12,70.99,66.2,63.26,68.26,D
23,Business,5.4,98.89,60.27,74.31,93.04,68.34,56.3,64.97,73.38,B
24,Engineering,3.1,95.16,66.68,84.53,61.68,75.75,100.0,72.06,78.07,A
20,CS,4.6,68.57,72.1,56.45,100.0,70.28,35.4,62.53,68.99,C
20,Business,3.3,55.35,66.38,52.53,86.93,73.41,42.3,70.13,65.98,D
21,CS,2.9,61.73,67.73,69.12,80.51,77.55,59.4,53.55,70.74,C
23,Mathematics,3.5,86.89,88.92,29.79,57.2,71.75,35.4,90.32,60.39,F
22,Engineering,4.9,81.37,57.19,37.68,73.25,87.08,100.0,63.07,65.55,D
20,CS,2.3,78.15,67.22,49.69,90.57,54.31,59.8,100.0,67.21,D
19,Engineering,4.3,91.63,72.29,69.37,70.3,82.55,46.0,62.37,71.18,C
22,Engineering,5.1,67.1,68.62,50.19,64.2,72.93,100.0,72.03,69.1,C
19,CS,5.1,100.0,45.39,55.32,48.38,100.0,55.3,71.24,63.14,F
18,Business,6.5,59.29,50.37,62.3,88.61,72.27,86.5,85.34,73.33,B
21,Engineering,4.4,83.77,46.25,72.46,70.93,41.98,63.7,84.76,64.97,D
18,Business,6.1,80.55,41.65,71.62,83.47,73.82,73.7,94.91,73.32,B
19,Mathematics,3.2,82.47,38.07,85.37,59.92,57.04,53.8,69.17,64.67,D
22,CS,5.3,80.56,50.61,71.16,71.23,79.93,57.4,100.0,72.53,C
21,Business,3.3,83.32,80.02,53.92,70.93,60.62,71.3,84.92,69.18,C
18,Business,6.0,73.06,55.48,39.75,75.38,78.71,64.8,56.3,61.24,F
18,Engineering,3.6,71.78,61.79,42.65,70.06,65.51,75.1,90.72,63.87,D
20,Business,1.6,100.0,61.79,65.35,63.62,71.54,86.4,96.83,71.36,C
24,CS,8.2,44.55,54.63,56.2,64.67,67.2,77.5,88.2,68.24,D
22,CS,4.1,80.72,92.89,82.15,76.24,80.06,60.1,69.86,81.71,A
23,Mathematics,1.7,73.07,55.67,33.61,78.0,62.83,92.5,76.94,60.14,F
20,CS,5.9,67.7,71.2,78.58,89.15,65.26,69.7,71.12,78.01,A
23,Business,5.1,66.37,47.37,100.0,79.58,55.72,54.1,66.06,74.33,B
19,Business,8.3,81.96,73.05,54.63,67.22,76.08,73.8,71.82,71.21,C
22,CS,3.7,100.0,52.49,76.29,57.29,82.3,80.4,77.68,71.98,C
22,Engineering,5.2,87.7,43.29,40.4,62.12,56.06,65.0,62.26,53.83,F
23,Engineering,4.3,71.74,63.67,69.14,65.42,85.8,70.7,76.33,73.01,B
20,CS,5.8,73.16,53.73,80.42,94.67,76.62,73.3,86.29,79.42,A
21,Business,5.2,65.63,57.78,53.91,89.52,30.0,68.9,91.27,64.27,D
18,Engineering,5.7,75.39,45.0,61.79,61.26,60.42,75.6,68.8,63.08,F
24,Engineering,7.9,77.05,70.57,66.51,53.77,72.7,46.8,83.12,69.98,C
21,Engineering,4.6,80.09,59.52,71.55,82.99,92.97,65.5,31.81,71.79,C
24,Business,3.9,85.39,82.97,48.54,63.9,62.46,79.3,73.71,67.36,D
24,Mathematics,3.1,84.81,77.42,70.46,50.69,63.79,72.6,39.15,66.52,D
22,Engineering,6.8,68.03,98.52,87.92,87.35,92.84,69.1,86.37,92.06,A
21,Engineering,7.7,88.75,90.61,68.01,74.27,78.77,61.2,55.52,77.0,B
24,Engineering,3.9,78.56,80.45,72.45,62.5,94.93,54.5,81.75,77.01,B
20,CS,4.0,91.2,61.59,71.68,46.83,41.81,78.4,65.85,63.54,D
21,Business,5.0,85.55,61.82,69.62,75.07,53.89,45.0,75.36,67.13,D
21,Business,8.2,77.22,49.73,75.83,81.42,76.24,88.5,93.05,78.6,A
24,Business,6.9,79.2,63.39,61.8,88.66,83.8,92.5,70.45,76.83,B
24,Business,4.9,95.16,68.21,60.47,72.99,80.97,73.1,56.94,70.33,C
18,CS,4.9,87.71,67.28,68.4,86.53,73.64,100.0,62.81,76.73,B
22,CS,4.2,76.16,67.04,72.6,78.9,79.68,45.1,54.4,71.02,C
23,Business,7.6,95.65,86.84,62.66,72.04,71.48,60.0,54.17,72.91,B
23,Business,5.0,77.7,64.52,76.66,59.62,62.38,48.8,73.37,68.92,C
20,Business,7.1,63.6,63.69,85.06,70.22,70.18,48.1,74.04,75.08,B
18,Business,3.8,73.93,77.45,79.29,78.41,99.22,63.1,79.08,82.04,A
23,Engineering,3.5,90.94,69.06,94.45,73.31,55.06,77.0,75.92,78.44,A
21,CS,5.0,82.27,78.53,63.59,68.18,92.23,83.6,98.14,79.52,A
24,Business,6.4,63.13,66.33,73.89,90.47,70.69,76.6,52.02,75.67,B
18,CS,2.2,76.49,53.35,70.14,75.79,68.59,77.6,84.24,70.65,C
22,CS,6.9,97.18,72.66,60.31,74.8,63.69,40.0,62.69,67.12,D
20,Business,4.5,72.43,54.7,69.6,83.03,60.82,63.1,45.75,66.53,D
21,CS,0.0,99.88,73.29,84.26,87.06,60.03,54.1,80.61,75.47,B
19,CS,5.6,92.73,63.45,78.72,80.46,72.03,78.3,71.3,76.94,B
23,Business,5.7,83.27,68.39,47.34,74.6,53.76,68.6,100.0,66.84,D
24,Business,1.7,71.9,61.52,79.0,63.85,64.76,88.0,66.28,71.57,C
18,Business,2.9,92.85,72.27,72.99,78.89,50.12,52.4,75.09,69.9,C
19,Business,4.2,74.35,62.11,48.24,91.23,62.04,79.4,74.28,67.35,D
20,Mathematics,8.0,71.25,76.45,51.71,64.42,59.53,51.3,73.15,65.84,D
21,CS,5.3,65.39,60.7,50.61,64.68,82.9,51.6,100.0,67.27,D
20,Engineering,5.9,58.31,95.04,23.04,91.66,42.3,100.0,60.86,65.05,D
20,CS,6.1,81.47,88.25,87.36,62.27,65.16,41.5,64.13,76.59,B
20,Business,4.1,72.74,72.18,88.34,86.08,80.83,92.3,87.02,85.96,A
23,Business,1.9,63.82,58.46,82.22,89.72,36.35,71.1,75.93,70.92,C
18,Engineering,5.5,82.11,80.81,71.05,92.88,63.66,77.8,53.72,76.86,B
21,Business,8.0,68.46,81.85,78.66,89.95,89.18,68.7,75.19,85.23,A
18,CS,5.4,78.58,63.77,66.54,79.32,81.11,74.2,70.86,73.99,B
19,CS,6.2,95.08,80.35,59.53,63.18,82.75,100.0,56.18,74.54,B
23,Mathematics,2.7,84.45,61.62,61.17,77.2,81.01,68.9,83.61,71.01,C
22,Business,2.1,91.23,77.02,64.72,74.33,100.0,58.1,100.0,77.83,A
21,Mathematics,6.6,65.55,78.43,59.23,77.97,80.69,67.8,78.77,75.21,B
19,Engineering,3.6,88.17,57.83,54.98,88.87,79.67,65.9,94.83,71.21,C
24,Business,4.5,72.75,76.0,76.68,87.98,52.36,51.8,72.49,73.93,B
21,CS,2.2,74.78,62.77,91.69,77.59,45.63,72.6,77.74,74.68,B
18,Business,6.6,63.79,60.41,100.0,74.1,80.39,43.2,80.76,80.95,A
23,CS,6.1,100.0,67.32,53.67,83.87,62.16,46.0,82.63,67.38,D
18,CS,4.1,92.35,63.95,50.66,74.49,65.83,53.2,90.0,65.41,D
24,CS,1.0,62.4,43.85,67.76,89.49,57.03,70.1,60.77,64.66,D
19,CS,2.9,75.76,50.76,83.99,65.95,65.31,41.6,77.34,68.38,D
21,Engineering,4.9,64.28,59.92,71.26,82.87,64.28,75.5,55.21,70.96,C
19,CS,2.6,74.44,65.88,63.8,60.09,63.8,63.3,82.95,66.82,D
19,CS,5.9,82.0,56.02,62.98,100.0,60.03,71.0,72.8,71.43,C
21,Mathematics,4.3,86.63,65.95,55.94,54.81,91.75,87.1,70.87,69.9,C
18,CS,4.4,72.02,42.82,66.27,60.37,69.01,65.3,95.44,66.13,D
18,Business,4.7,62.97,100.0,61.78,67.85,84.63,58.5,88.69,78.47,A
21,CS,6.5,92.77,47.02,87.45,71.64,68.93,75.5,48.51,72.38,C
19,Engineering,3.0,61.83,68.41,54.84,61.41,73.19,77.5,93.71,68.94,C
21,Engineering,2.3,84.92,82.85,70.81,100.0,66.75,73.1,66.21,77.91,A
20,Engineering,6.3,76.4,43.59,76.72,88.39,79.8,77.8,53.05,73.2,B
18,CS,6.4,100.0,72.57,54.84,85.79,60.11,89.7,59.11,70.93,C
23,Business,4.3,76.64,42.72,85.79,75.97,82.08,96.0,89.68,78.71,A
23,Engineering,5.9,82.19,82.49,87.8,82.12,50.18,90.8,85.54,83.27,A
24,Engineering,4.6,74.71,66.18,29.4,63.94,62.65,81.6,88.71,60.38,F
18,Engineering,6.3,61.99,70.12,85.94,56.94,77.24,31.1,49.5,71.14,C
20,Business,6.4,88.43,76.3,27.59,73.21,96.07,42.9,100.0,66.42,D
23,CS,3.5,91.23,47.35,86.35,56.91,65.25,83.1,55.63,69.32,C
20,Business,6.7,94.73,58.8,98.23,99.0,83.41,86.0,77.85,88.33,A
24,Business,9.0,62.69,60.59,79.22,75.6,62.62,100.0,58.43,76.96,B
22,CS,4.6,55.4,55.31,38.13,81.08,78.63,60.3,98.98,64.69,D
18,Business,5.1,88.56,78.04,65.59,77.11,77.41,71.8,70.62,75.26,B
24,CS,8.4,88.58,80.24,53.3,69.56,73.77,69.7,98.5,74.56,B
23,Business,6.9,98.88,100.0,41.83,84.06,90.3,47.7,80.85,75.01,B
21,CS,3.6,88.58,41.16,50.54,82.0,74.57,66.0,86.91,63.97,D
21,Business,3.1,83.22,53.48,60.55,61.65,81.34,34.2,87.1,63.99,D
20,Business,3.2,89.05,46.84,85.28,86.96,87.48,69.3,57.06,75.35,B
22,Business,7.4,73.76,75.53,62.48,84.19,61.13,74.0,70.27,73.77,B
18,CS,1.1,77.29,50.79,58.79,93.76,71.62,55.2,68.88,65.56,D
19,Mathematics,4.7,67.81,56.78,47.97,90.28,78.37,60.2,79.7,67.38,D
21,CS,6.0,80.27,59.34,71.93,54.79,62.38,76.7,72.09,68.9,C
18,Business,4.9,68.88,79.26,73.55,65.7,75.65,72.5,100.0,78.82,A
20,Mathematics,3.3,75.89,56.31,63.45,87.89,68.93,26.8,79.94,66.14,D
20,Mathematics,3.8,70.01,51.88,50.13,91.51,79.93,77.2,67.59,67.51,D
23,Mathematics,1.2,73.85,60.98,100.0,82.53,57.47,73.7,74.55,78.62,A
21,Business,5.4,76.88,57.35,70.91,58.17,63.21,79.7,91.71,70.79,C
22,CS,5.4,64.41,83.36,58.08,90.97,49.56,60.9,86.75,72.64,C
21,Mathematics,5.0,78.7,71.31,76.89,74.92,69.99,47.7,67.71,73.11,B
18,Business,2.1,85.74,66.54,40.85,79.29,52.86,98.9,80.33,64.36,D
19,Engineering,5.9,84.5,58.81,71.72,67.41,62.23,85.7,82.96,72.54,C
22,Engineering,2.8,92.92,48.65,83.9,72.77,82.6,67.2,74.66,73.79,B
19,Mathematics,2.6,92.03,67.62,63.6,90.68,76.13,68.1,54.56,71.19,C
19,Business,5.7,87.95,91.71,47.71,88.41,56.92,59.6,62.02,69.47,C
23,CS,4.2,95.46,62.69,58.07,84.93,77.57,92.8,87.02,74.42,B
23,Engineering,6.9,67.33,37.09,89.83,69.04,60.69,61.3,93.67,72.77,C
23,Business,4.7,71.37,79.14,79.04,98.57,54.14,94.2,75.27,81.74,A
19,Engineering,6.7,71.13,66.78,67.31,79.72,59.75,45.8,85.28,70.93,C
21,Business,3.5,62.25,68.47,91.81,77.51,62.26,73.3,67.08,77.99,A
18,CS,2.1,83.25,59.0,76.14,66.95,57.07,67.2,79.42,68.96,C
22,Business,7.3,99.62,87.96,56.94,75.16,65.84,76.6,63.0,73.43,B
21,CS,2.8,72.2,58.08,42.07,73.03,72.0,56.9,84.7,61.55,F
24,CS,4.4,55.13,56.36,71.41,76.06,75.42,42.1,62.08,68.04,D
21,CS,6.9,84.26,53.88,59.08,78.46,72.07,56.1,77.16,67.86,D
23,CS,3.8,68.83,80.51,76.51,79.23,35.26,86.6,76.36,74.42,B
18,Business,4.1,82.8,82.53,73.43,72.31,57.16,93.1,60.77,75.39,B
22,Engineering,4.6,72.26,68.16,50.05,79.35,79.54,57.5,91.7,69.7,C
20,Business,2.9,88.32,54.39,47.71,67.53,67.41,71.4,69.84,61.01,F
24,CS,4.4,89.34,77.74,100.0,83.9,79.95,91.3,57.56,87.21,A
21,Engineering,3.3,83.56,73.27,66.94,70.05,56.38,56.9,70.45,68.09,D
24,CS,4.9,69.96,48.26,64.89,78.85,75.39,100.0,97.91,74.5,B
22,Engineering,3.3,79.06,58.52,74.17,74.01,88.32,78.1,46.4,72.4,C
18,Engineering,7.0,54.3,67.87,58.55,75.39,76.33,48.3,58.99,68.13,D
23,CS,4.2,63.02,87.61,68.66,67.2,50.0,73.6,88.27,73.99,B
24,Business,4.4,60.88,85.97,67.67,60.16,92.67,86.7,86.15,79.9,A
20,CS,5.6,62.51,68.02,58.2,100.0,71.6,78.1,44.82,71.9,C
24,Business,3.3,73.73,56.34,46.28,60.48,59.6,69.9,67.66,58.57,F
23,CS,2.5,73.16,86.75,49.91,81.98,66.65,82.2,97.81,73.87,B
19,CS,2.2,82.2,55.99,52.17,71.55,55.22,59.0,77.94,60.66,F
20,Mathematics,6.0,81.48,80.22,74.7,81.95,64.49,89.9,83.92,80.8,A
19,Business,3.1,82.68,53.62,49.56,71.95,70.4,91.7,56.83,63.35,F
18,Business,5.8,58.38,81.02,49.89,56.31,58.0,56.5,89.21,65.79,D
23,CS,2.2,70.88,73.12,38.19,70.85,96.9,43.6,67.18,63.42,D
22,CS,3.7,80.96,70.54,54.72,67.06,74.99,31.3,59.51,62.76,F
20,Business,2.9,92.18,70.75,49.28,77.94,78.77,51.2,63.86,65.4,D
23,Business,9.0,76.71,54.4,40.08,65.71,88.16,58.7,83.64,64.72,D
22,Engineering,4.1,82.65,77.02,61.66,57.69,59.31,98.8,88.99,72.28,C
22,Business,7.2,85.08,40.94,64.55,76.49,63.95,60.7,100.0,68.29,D
24,CS,7.5,78.14,46.83,90.09,71.69,69.44,74.6,98.0,78.57,A
18,CS,6.6,84.1,56.16,49.73,61.27,67.38,100.0,85.67,67.32,D
23,Business,3.8,76.19,78.21,71.67,71.59,82.82,54.4,73.84,75.03,B
23,Business,7.5,57.12,57.12,43.04,59.16,75.83,89.4,60.1,63.28,F
20,Engineering,7.7,91.85,45.92,72.72,71.39,67.49,55.7,91.29,70.38,C
24,CS,3.9,94.71,86.74,86.15,91.01,65.4,67.6,96.68,85.03,A
18,CS,6.1,72.98,100.0,77.96,65.97,55.11,86.5,82.0,81.45,A
21,CS,3.7,97.93,41.57,47.9,64.75,68.2,78.3,84.66,60.77,F
20,Engineering,4.3,83.96,46.1,53.24,97.56,75.91,61.3,65.81,66.07,D
22,CS,2.0,93.03,71.87,41.75,53.26,67.1,76.7,72.82,60.9,F
21,Business,3.4,88.78,76.74,51.97,70.45,92.74,58.0,86.97,71.61,C
19,Engineering,6.2,82.34,53.93,75.29,68.7,59.86,73.0,90.91,72.15,C
19,Engineering,5.4,89.67,78.53,48.45,77.66,85.56,69.7,63.5,70.74,C
19,Engineering,6.3,84.88,74.6,25.07,56.95,79.9,59.4,55.99,57.66,F
19,Engineering,3.9,76.08,77.62,64.06,72.1,73.97,81.8,90.09,75.79,B
20,Business,5.2,85.33,55.89,45.89,79.7,86.0,67.9,88.48,68.04,D
23,Business,4.9,87.4,66.72,73.17,60.22,39.76,62.1,58.16,64.77,D
19,CS,4.4,72.75,59.7,56.76,79.21,78.94,60.7,89.06,69.87,C
24,Mathematics,6.0,80.72,60.2,65.84,80.44,87.63,88.2,70.74,75.9,B
18,CS,2.2,88.61,49.09,90.2,81.36,71.89,71.5,92.67,77.38,A
24,Engineering,4.9,89.17,62.19,50.6,74.36,64.45,85.2,62.44,65.65,D
22,Engineering,3.3,68.89,33.14,75.89,72.25,65.48,52.6,72.49,64.21,D
19,Engineering,4.3,92.14,75.57,69.82,67.09,93.02,49.1,70.47,74.18,B
18,Engineering,6.0,69.93,69.28,49.19,67.97,60.89,100.0,87.67,69.71,C
20,Business,2.5,95.14,65.0,62.22,84.65,41.94,44.0,79.06,64.21,D
23,Business,7.4,87.17,80.36,83.06,75.29,69.3,72.5,49.26,78.55,A
18,CS,5.9,87.97,78.91,47.9,80.29,86.21,52.8,77.94,71.15,C
22,Engineering,3.6,74.99,67.34,73.81,76.09,83.37,95.3,63.86,77.25,A
21,Business,4.2,75.89,84.65,69.85,89.69,77.15,55.0,82.65,78.78,A
19,CS,5.0,95.23,49.42,39.74,64.37,78.15,75.8,87.93,62.06,F
18,CS,4.5,85.59,63.62,95.6,86.74,79.11,74.9,81.76,84.2,A
23,CS,2.5,82.62,45.49,54.13,65.04,73.87,71.1,56.22,60.16,F
19,Business,3.8,83.4,78.79,89.76,66.34,49.97,68.7,58.26,74.73,B
22,Engineering,4.0,61.17,54.57,87.95,58.87,65.69,85.8,89.76,75.54,B
21,CS,4.0,78.89,52.69,60.1,91.73,88.69,48.4,93.89,71.86,C
19,Mathematics,6.3,63.07,62.21,70.15,56.22,73.89,69.4,78.46,70.94,C
23,Business,4.5,58.21,59.18,48.04,68.22,79.98,40.4,78.22,62.59,F
21,CS,4.7,91.57,87.01,49.34,76.84,67.27,70.2,88.05,72.0,C
22,Engineering,2.1,87.77,70.12,62.5,64.83,75.81,68.9,100.0,71.81,C
21,Business,5.1,65.35,39.75,62.35,95.94,61.88,59.8,96.12,68.47,D
21,Mathematics,4.4,73.36,81.92,40.89,64.57,83.43,90.8,74.44,69.58,C
22,CS,3.1,96.21,60.91,53.77,82.15,54.76,86.1,67.49,65.76,D
21,Business,2.4,81.98,41.56,49.83,78.58,55.66,56.4,89.05,59.14,F
18,CS,7.9,80.08,66.03,88.84,75.4,67.43,66.0,68.67,78.7,A
24,Engineering,2.8,82.64,96.09,74.26,78.59,86.12,62.5,83.7,82.22,A
18,Mathematics,1.1,95.07,72.2,64.26,76.85,78.34,72.1,41.5,68.91,C
21,Business,7.5,83.0,59.01,47.62,77.5,85.94,84.3,71.85,69.97,C
23,Mathematics,4.2,88.55,77.17,86.73,78.55,67.92,49.3,90.99,79.55,A
19,Mathematics,4.6,94.56,89.34,79.32,100.0,65.37,58.4,59.87,80.6,A
24,CS,4.9,88.5,50.31,41.0,76.62,76.14,68.3,68.44,61.4,F
23,CS,3.8,72.27,63.87,66.58,78.5,65.98,91.9,88.21,74.33,B
24,Engineering,5.7,77.09,80.8,49.02,100.0,58.98,69.5,73.01,71.81,C
23,Engineering,3.3,75.16,45.85,38.92,78.91,80.98,81.2,92.27,63.83,D
19,Engineering,5.2,87.85,93.81,71.78,62.51,78.94,81.1,100.0,82.22,A
18,Engineering,7.4,80.17,57.07,69.11,62.45,75.53,73.6,73.34,71.24,C
19,CS,8.6,97.23,61.37,63.93,84.89,50.66,93.7,100.0,75.46,B
19,Engineering,5.8,94.66,50.47,76.7,88.16,75.75,100.0,86.15,79.21,A
20,Engineering,2.0,59.1,64.5,61.52,44.99,76.17,51.8,75.98,63.31,F
19,Business,4.0,66.95,58.78,50.85,60.37,81.9,74.8,43.85,62.22,F
24,Mathematics,1.3,86.79,82.52,55.37,73.43,60.05,85.0,74.17,69.7,C
23,Mathematics,4.2,98.17,72.88,83.07,79.13,59.94,71.6,66.43,76.26,B
23,Engineering,4.6,82.92,80.19,84.91,77.66,75.37,100.0,63.39,83.1,A
24,Engineering,7.3,84.19,68.58,37.57,76.67,73.78,59.1,71.24,64.24,D
21,Business,1.9,55.97,59.99,59.54,84.69,67.79,52.8,58.43,64.81,D
19,CS,3.4,79.92,80.64,53.49,51.99,49.9,81.3,90.77,66.37,D
21,CS,4.1,79.0,49.59,61.42,85.95,77.98,63.8,74.29,68.79,C
20,Mathematics,5.4,95.25,66.53,72.45,100.0,94.32,75.1,92.88,83.69,A
24,CS,3.3,87.14,64.36,49.65,93.64,41.85,72.3,74.48,64.42,D
23,Business,3.9,69.0,70.27,91.19,79.36,82.56,86.6,74.48,83.76,A
18,Engineering,5.6,65.87,59.07,78.2,89.44,53.86,76.8,67.59,74.01,B
20,Business,3.6,72.95,75.14,50.65,69.71,73.69,78.6,69.07,68.3,D
23,Business,7.2,78.74,75.86,78.5,85.66,64.58,75.0,34.33,75.79,B
24,Business,4.4,80.26,72.86,45.42,97.44,67.06,71.7,100.0,72.24,C
18,Engineering,1.8,95.58,66.4,77.53,75.84,67.96,100.0,74.39,76.45,B
19,Mathematics,6.3,84.17,50.12,46.39,73.51,64.95,81.8,73.53,63.39,D
24,CS,3.0,96.99,61.84,70.59,66.0,58.74,97.1,64.11,69.88,C
20,Mathematics,5.3,73.16,30.35,55.0,80.77,68.14,85.9,63.8,62.53,F
24,Engineering,3.6,99.5,61.55,57.24,61.38,87.33,84.4,80.19,70.05,C
23,Business,3.3,68.87,56.73,32.53,76.11,83.16,87.1,48.89,60.24,F
22,CS,7.3,72.34,86.45,53.15,71.23,73.88,73.8,70.32,73.06,B
21,Engineering,2.1,75.48,70.75,63.46,70.93,52.06,50.4,61.33,63.86,D
19,CS,4.4,62.96,58.09,73.41,65.56,76.74,80.9,90.76,74.35,B
24,Engineering,7.1,65.62,63.3,41.39,59.55,77.31,77.6,75.03,64.42,D
21,CS,6.4,90.89,56.9,34.47,82.89,86.24,91.6,100.0,69.45,C
19,Business,6.3,68.54,69.45,74.25,68.3,91.44,78.0,81.81,79.26,A
18,Business,6.8,66.69,87.67,63.25,80.03,75.25,81.4,77.23,79.06,A
24,CS,1.7,73.2,44.61,84.38,68.54,95.13,87.3,81.87,76.55,B
20,Engineering,6.6,58.21,48.47,70.88,74.6,85.09,94.2,76.74,75.31,B
24,CS,5.6,94.19,49.62,44.52,86.85,61.1,85.6,47.69,61.6,F
24,CS,7.6,99.07,57.59,60.11,84.53,72.56,69.8,60.41,69.94,C
23,Business,6.8,90.28,58.64,56.33,80.51,70.91,52.2,85.62,68.52,C
18,Engineering,2.3,55.7,79.73,73.02,84.04,81.96,71.5,89.29,79.98,A
22,CS,1.4,83.24,81.45,53.72,95.51,73.81,91.2,65.59,74.18,B
19,Business,5.8,90.83,65.22,72.47,73.23,60.81,61.1,86.89,72.59,C
19,Engineering,6.3,80.87,56.6,86.63,71.04,72.69,50.7,62.74,73.36,B
23,Mathematics,4.5,99.99,47.85,49.85,76.6,87.98,83.7,52.56,65.09,D
19,Business,8.3,80.8,75.46,70.29,50.37,71.64,48.1,70.78,70.52,C
24,Engineering,9.3,85.64,44.59,63.44,81.54,67.77,75.4,76.37,70.17,C
22,CS,6.1,72.44,54.08,39.31,56.78,58.34,60.5,38.62,52.84,F
18,Engineering,3.9,100.0,82.22,47.8,88.47,68.86,67.5,94.54,72.54,C
20,CS,5.9,81.35,46.41,58.6,75.25,59.67,69.3,70.0,63.98,D
24,CS,4.7,88.16,78.36,72.14,90.92,57.11,98.1,76.01,79.28,A
20,Mathematics,4.7,100.0,82.81,42.93,80.95,57.27,77.6,74.44,67.73,D
23,Engineering,6.0,73.62,65.69,46.5,58.63,52.16,50.0,82.9,60.0,F
24,Engineering,5.2,87.94,58.84,80.44,85.31,79.31,35.5,62.62,73.0,B
18,Engineering,4.4,75.04,50.08,53.89,83.61,76.76,52.2,75.22,65.18,D
24,Engineering,1.3,90.05,53.3,45.21,79.6,58.26,66.3,75.79,59.76,F
24,Business,2.5,59.37,77.02,38.64,81.82,82.09,61.5,51.12,64.09,D
21,Engineering,3.7,67.42,89.66,57.57,59.39,99.71,81.3,77.69,76.82,B
24,Mathematics,6.2,91.93,57.47,59.36,70.0,53.52,37.8,85.18,63.23,F
18,Engineering,4.1,79.92,62.28,63.3,63.58,61.1,67.2,46.3,63.55,D
24,Mathematics,3.0,65.56,54.2,62.65,77.42,70.36,56.4,71.33,66.08,D
18,Business,2.7,94.29,78.25,63.7,78.91,68.01,63.1,61.27,70.58,C
20,Business,6.0,86.72,49.76,51.77,64.2,75.75,59.3,88.99,64.3,D
23,Engineering,3.2,69.49,83.6,51.83,78.64,72.21,65.3,70.03,70.03,C
18,Business,5.4,100.0,54.53,53.08,66.94,74.18,76.5,72.74,65.62,D
20,Business,5.3,73.02,92.97,51.66,66.52,68.61,40.2,70.85,68.12,D
20,Engineering,6.2,87.35,40.0,94.0,54.86,75.4,72.4,51.3,71.21,C
19,Engineering,4.6,67.28,55.13,28.57,78.65,47.14,48.7,71.84,52.82,F
19,Mathematics,4.3,77.84,76.78,54.84,83.52,68.23,78.4,81.04,72.66,C
19,Business,2.4,77.65,57.14,40.49,78.36,66.6,84.6,77.38,62.72,F
19,Engineering,1.6,80.76,60.64,31.58,89.64,46.77,79.8,70.91,57.93,F
20,Business,5.4,65.0,80.38,50.26,78.18,66.21,82.7,46.42,68.42,D
19,CS,6.5,81.42,88.18,91.41,67.25,75.3,70.6,70.65,83.82,A
20,Business,5.5,74.55,64.87,50.3,98.39,74.36,84.1,60.46,71.18,C
18,Business,2.1,74.2,77.8,40.55,100.0,66.89,95.4,66.89,70.04,C
21,Mathematics,5.2,79.07,69.74,100.0,71.66,89.84,83.1,86.57,87.74,A
19,Engineering,3.8,96.14,54.41,58.04,90.92,41.86,95.7,70.9,66.77,D
22,Mathematics,5.7,83.65,61.93,45.27,69.13,69.39,59.5,86.72,64.22,D
23,Engineering,8.0,100.0,69.17,55.67,60.01,92.01,71.2,68.76,71.33,C
18,Engineering,2.6,67.76,23.64,74.72,89.03,51.55,90.2,92.82,67.83,D
18,Mathematics,1.6,81.89,81.39,61.27,68.65,80.99,75.4,81.43,73.59,B
23,CS,2.4,75.07,68.19,73.7,63.79,61.21,47.7,55.3,66.0,D
19,CS,6.7,83.13,45.53,73.03,67.75,82.87,59.0,62.95,69.15,C
22,Engineering,7.0,61.21,46.03,54.57,68.91,50.48,81.8,52.35,60.4,F
22,CS,4.9,85.94,68.13,53.93,65.05,54.09,74.4,70.35,64.6,D
18,CS,2.8,82.84,56.25,50.98,81.41,85.3,62.7,91.39,68.36,D
22,CS,4.9,76.02,39.7,71.67,85.03,83.63,69.5,79.91,72.13,C
21,Engineering,6.9,77.29,51.38,48.2,68.83,63.5,67.3,82.1,62.98,F
18,CS,3.4,98.69,67.87,50.5,54.93,75.3,95.4,70.77,66.58,D
19,Business,4.6,93.45,56.16,62.19,74.46,70.36,73.1,70.75,68.3,D
24,CS,4.9,84.21,81.5,56.84,78.2,66.22,64.5,91.64,73.08,B
22,Engineering,4.7,81.06,62.97,73.83,79.53,66.9,59.4,100.0,75.0,B
21,Business,6.1,85.62,79.62,66.35,79.54,95.89,68.0,70.24,79.02,A
18,Mathematics,4.5,88.84,70.3,82.92,92.01,68.35,61.3,77.42,79.11,A
20,Business,4.2,95.04,48.92,42.82,54.81,75.05,86.0,80.73,60.88,F
23,Engineering,4.5,75.75,77.35,63.56,70.52,68.87,68.8,78.55,72.43,C
24,Business,2.0,58.24,65.3,56.87,73.12,60.15,65.3,65.84,64.23,D
19,Business,1.8,100.0,70.9,57.82,85.05,42.56,80.2,73.56,66.94,D
22,Mathematics,4.9,87.46,65.53,100.0,73.84,96.89,64.4,73.13,84.92,A
24,Engineering,3.2,71.64,60.93,74.32,95.54,89.83,75.6,84.51,79.9,A
23,Business,7.0,67.04,66.02,26.54,80.88,88.68,65.5,72.38,63.89,D
20,Engineering,2.3,66.36,76.61,61.22,59.65,87.08,69.0,46.78,68.43,D
22,CS,6.1,81.42,48.8,54.6,70.05,78.01,60.1,70.02,64.41,D
23,Engineering,6.4,76.88,93.62,55.34,85.52,50.83,59.3,67.32,71.64,C
20,Business,4.5,73.7,63.22,29.05,89.12,71.68,45.9,73.79,59.7,F
18,Engineering,5.1,89.19,69.66,52.35,95.9,78.76,43.2,95.29,72.24,C
24,CS,5.2,78.32,75.9,64.78,87.23,83.34,51.7,82.75,76.24,B
23,CS,6.1,89.64,86.01,72.14,66.05,62.05,76.5,78.91,76.65,B
20,CS,3.7,74.54,56.44,71.0,62.73,78.15,43.8,89.97,68.95,C
19,CS,7.1,79.54,69.34,40.86,73.73,81.74,56.6,79.86,66.64,D
23,Business,5.4,64.6,60.59,38.54,92.28,41.92,47.0,54.94,56.7,F
19,CS,4.9,96.26,56.01,54.07,91.66,99.9,100.0,73.45,75.95,B
23,CS,6.4,94.68,49.54,49.03,79.64,64.98,62.2,75.58,63.29,F
23,Business,2.6,91.98,68.32,43.12,58.92,59.62,21.2,52.91,53.09,F
19,Mathematics,2.6,80.9,33.19,45.87,72.88,90.74,59.3,60.87,58.26,F
23,Business,5.0,75.03,46.65,56.13,87.66,82.65,69.8,85.65,69.76,C
20,CS,7.3,82.01,85.29,80.15,74.69,84.97,96.7,82.74,86.65,A
23,Mathematics,5.1,71.71,69.81,51.97,75.36,80.56,30.6,70.9,65.64,D
18,Engineering,4.8,96.84,66.14,61.85,80.16,56.32,55.6,54.89,65.7,D
19,Engineering,4.0,83.47,55.59,77.42,82.69,67.86,67.8,65.43,72.25,C
22,Engineering,7.1,80.38,73.82,60.04,72.83,55.2,70.0,66.86,69.22,C
18,Business,6.5,92.36,86.76,82.46,75.68,76.98,92.6,71.9,84.69,A
21,CS,5.4,80.52,55.83,45.89,66.54,70.89,88.9,58.83,63.02,F
19,Business,7.1,75.25,62.73,37.17,81.5,70.55,62.1,88.31,65.1,D
24,Business,4.2,92.02,61.68,77.9,94.76,61.34,83.5,72.31,76.8,B
20,Business,8.0,69.09,73.46,74.06,71.47,43.15,48.7,71.94,70.17,C
24,Engineering,4.2,70.19,60.82,51.74,86.55,93.43,94.8,89.24,75.19,B
21,Mathematics,3.5,82.64,69.85,58.56,73.48,73.07,75.7,91.7,72.01,C
18,CS,3.4,68.79,62.73,75.05,60.72,86.07,93.4,64.4,74.56,B
18,Engineering,5.8,82.91,61.39,61.15,67.99,96.79,91.0,58.1,73.15,B
19,Engineering,6.6,100.0,36.12,43.54,66.49,61.75,53.7,63.07,54.5,F
18,CS,5.1,59.78,41.44,43.95,53.19,57.33,80.1,54.62,54.07,F
22,CS,7.9,62.08,69.98,51.7,73.16,65.47,92.6,54.98,69.01,C
24,Business,4.5,77.58,58.23,69.28,68.98,64.87,77.4,65.02,69.0,C
22,Mathematics,2.2,51.25,64.42,75.66,77.23,82.1,93.2,58.62,75.76,B
19,Engineering,3.3,52.93,52.42,58.5,70.3,51.72,60.2,89.41,62.95,F
24,Business,1.9,61.98,45.85,82.92,64.98,52.34,46.1,68.04,64.01,D
18,Business,3.4,93.74,60.45,68.07,80.13,68.13,62.9,91.74,71.91,C
19,CS,5.9,86.09,36.63,30.62,71.48,68.72,71.9,84.5,56.13,F
22,Engineering,5.0,80.75,34.14,49.28,74.12,90.33,67.6,83.2,63.86,D
18,Engineering,6.2,75.77,75.71,73.52,62.23,63.86,49.9,65.8,70.78,C
24,CS,5.1,85.65,89.82,39.07,100.0,79.21,64.8,72.86,72.88,B
18,Engineering,2.5,79.83,67.75,58.36,100.0,71.19,53.3,59.89,69.31,C
20,Business,2.6,59.39,68.49,67.96,86.25,55.14,67.1,89.73,72.28,C
23,Mathematics,3.7,74.64,60.82,86.15,72.43,50.53,59.7,71.75,71.45,C
21,Engineering,6.1,64.54,54.69,62.93,67.46,83.21,87.1,55.93,69.77,C
19,Mathematics,4.7,67.95,98.44,47.53,57.79,73.57,76.9,98.45,73.54,B
18,Engineering,4.8,93.18,71.31,32.93,80.85,77.98,83.4,89.09,67.61,D
19,Business,2.8,82.04,88.83,72.28,55.76,58.76,54.9,59.18,69.44,C
24,Business,2.8,80.22,76.63,63.31,61.33,55.57,73.3,79.66,68.55,C
20,CS,3.9,76.93,64.32,84.27,89.86,63.1,36.4,88.05,75.48,B
19,Mathematics,4.8,80.58,79.73,35.85,80.06,79.98,94.5,65.41,69.1,C
23,CS,4.1,70.73,62.3,75.13,85.64,73.51,100.0,52.0,76.12,B
18,CS,3.5,86.09,68.41,54.73,65.01,65.9,48.5,73.39,63.68,D
24,Engineering,0.9,87.01,76.58,100.0,65.81,82.74,80.5,95.18,85.62,A
23,CS,5.2,82.31,75.3,53.23,44.79,49.56,70.7,86.25,63.48,D
18,CS,5.1,47.13,55.24,57.48,74.23,76.07,52.5,76.41,66.28,D
20,Engineering,6.4,61.53,73.49,63.84,69.82,100.0,89.9,80.45,79.56,A
20,CS,1.7,76.09,45.13,82.79,81.54,63.02,50.7,67.18,68.18,D
22,Mathematics,8.7,75.03,69.91,63.88,62.26,53.4,48.5,79.33,67.63,D
19,Engineering,5.9,75.54,49.43,78.53,74.44,76.19,86.9,77.89,75.47,B
24,Business,3.8,95.43,69.72,74.23,60.14,69.56,99.4,100.0,77.51,A
20,Engineering,4.3,71.35,79.36,74.65,62.05,64.98,88.4,72.64,75.58,B
20,CS,2.3,80.56,54.29,68.4,90.83,60.76,63.3,74.16,69.01,C
22,Business,5.4,79.97,55.54,26.12,69.19,74.9,81.6,86.79,60.1,F
19,CS,3.5,95.36,51.62,57.87,82.71,64.05,65.5,77.08,65.71,D
23,Mathematics,2.5,87.28,62.96,65.99,75.61,64.39,80.7,81.0,70.81,C
19,Business,5.1,100.0,77.61,53.16,53.67,78.69,59.1,78.58,67.64,D
22,Mathematics,8.0,76.07,55.61,51.31,75.88,50.33,76.0,71.4,64.19,D
18,Business,5.9,66.67,42.3,59.48,68.9,64.67,86.9,80.43,66.02,D
18,Mathematics,3.6,86.64,59.25,44.13,81.97,77.7,83.5,76.76,66.87,D
22,CS,4.5,72.8,61.14,64.12,57.57,50.39,32.6,74.98,60.67,F
21,Business,2.1,77.26,97.14,81.58,87.66,65.89,56.8,50.06,78.67,A
20,Engineering,3.8,87.66,54.6,71.26,63.64,77.98,57.7,69.58,68.17,D
20,CS,8.2,75.44,68.22,56.92,85.53,73.46,66.2,83.28,73.62,B
19,Mathematics,5.3,86.77,47.16,43.57,70.87,68.02,73.7,91.04,62.46,F
19,CS,6.5,65.59,73.19,91.95,70.67,82.35,62.8,85.56,83.26,A
19,Engineering,3.4,63.12,84.8,57.4,83.57,54.66,69.7,55.23,69.11,C
22,Engineering,3.1,71.8,45.89,79.56,71.01,71.36,72.3,85.0,71.68,C
21,Business,5.5,68.7,74.16,88.76,94.04,79.78,57.8,54.68,81.53,A
18,Business,6.1,85.57,66.93,45.57,70.65,57.98,33.8,62.91,59.07,F
19,CS,9.0,51.22,51.74,76.48,76.8,85.63,39.7,74.56,73.58,B
24,Mathematics,4.3,74.86,82.83,79.94,56.33,96.05,70.0,61.24,78.68,A
23,CS,5.6,100.0,55.2,47.03,88.96,83.88,75.9,87.54,70.22,C
19,Engineering,4.7,99.75,60.18,58.51,47.44,93.47,78.3,54.97,66.4,D
23,CS,3.1,75.83,66.0,70.17,63.56,77.07,59.3,87.33,71.56,C
23,CS,5.8,97.14,72.12,46.96,77.61,53.85,78.1,100.0,68.94,C
21,Engineering,5.1,67.11,42.78,92.95,53.12,35.82,54.5,97.36,67.52,D
21,Engineering,6.4,70.92,72.22,59.86,69.71,57.4,52.4,80.14,67.92,D
22,Mathematics,5.1,78.7,63.52,53.05,68.03,74.22,65.5,99.86,69.04,C
20,Engineering,4.1,100.0,59.19,30.14,77.5,68.44,59.5,91.97,59.97,F
21,Business,9.0,53.7,63.53,47.06,86.81,63.34,30.8,77.7,64.7,D
18,CS,4.1,69.98,87.68,50.2,95.03,65.62,71.9,54.55,71.39,C
24,CS,5.1,63.76,73.01,38.91,55.05,90.42,99.8,100.0,70.63,C
21,Engineering,3.3,70.09,62.02,43.52,67.45,79.02,93.4,83.64,66.78,D
18,Engineering,6.5,74.81,51.46,60.97,87.28,61.5,65.4,82.91,68.98,C
19,CS,6.3,87.82,60.72,55.63,73.38,65.61,64.1,81.74,67.42,D
22,CS,5.5,72.07,49.62,66.58,78.45,62.45,61.9,88.96,68.87,C
22,Business,4.4,86.17,89.71,75.59,58.85,57.56,53.2,60.18,71.62,C
21,Engineering,7.5,88.17,100.0,91.1,77.09,82.62,63.9,59.76,87.4,A
18,Engineering,3.8,63.37,62.88,55.73,85.81,86.34,52.8,51.45,67.44,D
19,Engineering,4.0,86.33,76.52,91.14,91.86,80.68,78.3,84.44,86.8,A
20,CS,5.0,73.51,71.03,86.1,70.96,74.9,69.4,71.7,78.53,A
23,Engineering,6.0,92.71,91.99,54.53,77.01,72.87,81.9,63.35,74.76,B
24,Business,7.3,73.19,78.63,60.01,93.85,74.89,40.6,77.67,74.52,B
18,Engineering,5.3,66.06,56.13,46.7,100.0,75.81,83.3,100.0,72.59,C
24,CS,6.1,82.51,77.09,82.8,98.68,76.14,69.2,62.33,82.68,A
23,Business,5.3,75.0,41.67,54.76,63.15,96.57,89.1,92.05,69.48,C
24,Business,3.4,61.51,61.88,61.72,73.92,66.6,81.0,65.71,68.34,D
20,Business,7.3,81.57,58.01,52.25,85.65,56.95,83.1,59.53,66.58,D
21,Engineering,2.8,100.0,53.38,64.0,77.18,70.27,78.7,82.93,69.56,C
22,CS,4.4,74.73,45.73,67.54,79.87,74.01,67.4,96.47,71.08,C
20,Mathematics,1.7,68.48,44.45,49.06,63.86,57.78,71.5,79.06,57.76,F
23,Engineering,6.7,88.82,61.02,53.03,78.39,52.63,22.2,69.63,60.3,F
20,Engineering,5.7,76.64,63.58,63.02,65.38,50.11,76.4,100.0,69.44,C
23,Business,3.5,80.05,66.19,35.74,77.34,44.11,80.4,80.54,60.02,F
22,Business,2.8,77.62,86.11,94.94,96.58,84.68,41.4,56.95,84.13,A
20,Business,5.8,83.57,60.49,50.59,76.14,57.5,89.3,52.09,64.36,D
23,CS,6.2,70.08,52.02,59.94,65.53,70.65,75.7,85.93,68.08,D
18,CS,5.9,79.05,64.29,39.88,68.88,100.0,62.9,73.01,66.7,D
21,Engineering,6.7,82.47,76.76,85.66,100.0,53.62,54.8,45.35,77.46,A
19,Engineering,4.0,100.0,58.83,39.94,85.09,78.55,87.8,48.99,63.97,D
19,Mathematics,5.3,79.94,100.0,47.88,58.48,69.51,61.2,57.76,68.11,D
21,Business,2.4,69.84,52.71,75.85,99.77,55.08,59.2,75.62,71.21,C
24,Mathematics,4.1,61.03,83.89,48.31,73.14,57.64,79.7,62.59,67.17,D
21,CS,6.0,83.99,71.88,33.86,67.16,55.36,33.4,71.67,56.42,F
23,CS,3.5,53.37,72.48,88.98,59.77,59.82,85.8,77.7,77.23,A
22,Mathematics,2.9,94.44,76.42,62.27,70.99,76.37,92.9,85.45,75.35,B
18,Engineering,3.9,87.58,92.4,45.77,82.84,76.91,64.7,100.0,74.59,B
20,Engineering,3.5,88.21,48.54,56.46,75.39,80.48,39.5,75.86,63.31,F
20,Engineering,4.8,64.33,53.31,53.34,77.52,80.21,88.3,74.4,68.99,C
24,Engineering,4.9,79.68,100.0,63.66,69.45,63.77,90.6,55.94,76.18,B
21,Business,2.4,84.04,56.68,39.91,85.21,57.18,80.9,61.96,60.15,F
20,Business,8.0,89.31,43.62,31.67,70.8,82.3,35.7,56.1,54.37,F
23,Business,7.8,82.45,80.27,89.3,66.51,85.74,47.9,78.75,82.25,A
24,Business,3.3,93.98,82.82,55.4,52.36,68.71,56.9,63.78,65.06,D
21,Business,1.4,83.35,67.31,73.73,54.58,67.34,67.5,89.64,70.28,C
21,Business,5.2,77.39,51.45,58.89,61.48,80.53,58.1,79.75,65.64,D
22,Engineering,1.8,69.64,79.03,87.95,77.04,72.87,90.4,86.89,83.31,A
21,Business,4.4,96.53,76.0,64.79,59.86,67.71,58.5,70.52,68.87,C
21,Business,5.6,74.04,40.73,43.84,88.17,45.95,72.7,68.37,58.32,F
22,Engineering,5.0,93.47,72.76,83.97,74.97,92.55,67.8,70.31,81.18,A
24,Engineering,4.9,80.52,50.01,74.81,100.0,71.45,66.1,73.07,74.53,B
22,Business,5.1,100.0,51.45,51.25,95.76,90.93,26.9,67.38,65.65,D
20,CS,5.0,82.23,78.02,40.3,91.31,86.02,61.3,69.27,69.85,C
22,Mathematics,2.0,97.6,39.3,71.64,60.5,80.02,60.8,65.08,64.02,D
23,CS,2.6,100.0,81.49,74.81,90.54,97.98,65.5,82.01,83.07,A
23,CS,4.4,79.49,89.98,60.34,68.93,83.19,78.8,53.43,74.34,B
22,Business,4.2,69.16,59.01,82.38,83.27,57.02,97.9,56.77,75.13,B
24,Business,5.1,78.68,40.24,69.1,81.87,71.89,79.6,89.67,71.32,C
23,CS,4.6,82.95,41.65,48.56,57.8,51.83,85.9,43.79,54.61,F
24,Engineering,5.7,67.78,81.44,62.09,72.97,47.32,71.0,75.8,70.49,C
20,CS,2.3,88.23,64.82,65.02,78.47,69.69,86.9,55.36,70.07,C
20,Business,3.1,83.6,61.36,63.03,65.17,74.16,55.9,59.65,65.19,D
18,CS,7.3,90.95,48.76,78.29,72.62,46.8,62.2,50.14,66.04,D
24,Business,6.7,69.69,64.0,62.37,62.78,77.91,38.6,86.02,68.43,D
21,CS,4.7,100.0,76.45,53.48,77.67,46.41,89.2,80.13,69.23,C
24,Mathematics,6.4,86.36,61.9,74.49,92.59,84.46,72.7,66.37,78.39,A
20,Mathematics,5.8,86.75,59.69,38.22,85.14,81.25,55.2,62.66,63.05,F
23,Mathematics,4.3,77.77,56.18,60.07,68.92,67.9,66.9,84.49,67.07,D
21,Mathematics,2.7,94.73,40.04,96.0,98.55,66.18,48.8,74.49,75.2,B
23,Engineering,7.7,50.44,76.95,25.82,83.25,41.47,83.1,72.89,61.29,F
18,CS,2.4,80.09,100.0,49.66,75.9,54.69,75.3,62.06,69.42,C
18,Business,6.6,88.72,46.26,47.96,78.31,68.88,80.6,92.51,66.33,D
24,CS,6.8,88.71,65.86,47.47,84.59,52.28,67.1,73.73,65.43,D
24,Business,6.5,84.17,68.92,69.86,68.61,55.86,80.6,72.75,72.0,C
20,Business,4.5,84.14,30.93,72.68,64.82,77.92,37.3,65.57,61.94,F
20,Business,5.5,75.64,89.56,79.57,96.29,60.11,83.1,72.0,83.5,A
18,Business,5.5,96.46,69.64,74.55,62.86,41.62,70.1,82.2,69.95,C
21,CS,4.7,75.54,47.77,73.57,69.83,82.52,27.9,56.77,65.29,D
22,CS,5.3,77.94,51.21,81.43,69.03,57.48,43.8,60.47,66.72,D
20,Mathematics,3.9,70.84,71.11,53.84,96.22,56.74,79.1,100.0,73.18,B
21,Business,3.9,82.4,76.19,81.92,78.09,61.17,91.0,79.27,79.68,A
19,Engineering,4.7,80.72,51.85,79.19,48.6,59.69,71.8,46.19,64.52,D
18,Engineering,4.0,81.84,100.0,71.56,68.16,64.43,70.4,68.32,77.23,A
18,Business,2.9,71.4,50.66,85.16,95.04,63.46,68.0,69.26,74.63,B
20,Mathematics,7.1,53.81,69.61,67.07,70.48,58.78,61.9,65.38,69.71,C
23,Mathematics,5.2,95.41,91.84,73.06,77.61,87.45,68.5,74.25,81.92,A
19,Engineering,5.6,79.19,68.71,21.84,91.05,64.02,79.3,78.83,62.17,F
23,Business,3.0,75.63,64.83,70.67,65.85,75.44,74.7,78.56,72.19,C
24,Engineering,3.7,88.87,20.54,59.18,57.43,61.49,77.1,71.85,56.44,F
19,Engineering,4.5,88.73,53.37,81.54,84.45,72.76,63.0,79.65,75.23,B
22,Engineering,5.0,85.11,91.01,61.2,56.51,60.41,52.6,71.99,69.06,C
21,Engineering,1.1,79.98,64.72,47.65,84.52,86.04,50.4,92.72,67.68,D
22,CS,3.4,70.83,50.82,49.81,49.97,67.7,40.6,78.55,56.37,F
22,Engineering,4.4,87.31,54.6,49.54,69.67,74.55,79.4,81.89,65.74,D
21,Business,5.5,79.03,87.47,49.94,78.61,84.95,49.3,69.85,71.68,C
20,CS,1.3,64.59,77.09,69.39,81.73,72.87,76.7,63.18,74.06,B
23,Engineering,2.7,90.01,70.66,70.12,74.67,100.0,92.0,76.38,79.56,A
22,CS,3.8,83.94,55.36,39.47,80.45,70.39,84.8,93.43,65.26,D
21,Engineering,4.4,100.0,81.86,70.49,74.59,55.59,67.2,88.96,74.86,B
18,Mathematics,5.1,69.99,69.88,58.48,79.17,52.22,68.8,58.39,66.5,D
24,Engineering,5.6,82.37,42.57,89.12,85.72,58.31,89.2,60.24,74.6,B
18,Engineering,2.3,72.94,59.93,76.24,85.95,75.3,57.7,76.84,73.65,B
21,CS,4.5,65.25,56.15,96.6,63.47,63.98,73.9,59.96,74.96,B
19,Engineering,8.7,59.84,52.08,75.5,71.16,51.33,73.6,98.7,73.02,B
22,Business,3.0,87.74,47.34,90.5,63.54,81.41,80.2,46.59,72.54,C
19,CS,4.3,60.09,50.12,50.68,61.85,61.45,68.2,84.29,61.12,F
21,CS,7.1,100.0,77.94,54.82,63.57,53.63,40.3,93.24,66.52,D
18,Business,5.7,78.15,67.4,68.26,66.6,66.6,66.9,77.19,71.2,C
18,Business,1.8,73.13,65.43,85.6,73.43,55.73,83.0,75.13,74.85,B
24,Business,3.2,91.56,74.49,61.08,59.22,72.07,79.4,68.72,69.33,C
23,Business,3.8,64.12,58.67,67.06,76.01,73.2,41.2,73.19,67.57,D
21,CS,3.8,91.42,73.69,34.43,85.38,72.98,55.4,87.98,65.06,D
23,CS,4.3,75.67,64.98,72.82,68.94,46.82,67.4,62.68,67.36,D
20,Business,2.6,79.61,62.09,67.94,69.92,86.9,64.8,67.94,70.9,C
23,CS,6.9,67.5,79.55,61.72,72.59,78.67,72.9,73.11,75.17,B
21,Engineering,5.3,90.98,78.03,60.14,65.25,57.67,85.9,70.8,70.41,C
24,CS,2.8,66.28,74.11,59.61,72.9,70.61,89.9,66.39,71.26,C
24,Engineering,3.5,89.53,86.48,49.62,94.67,92.36,81.4,67.11,76.84,B
18,Business,6.6,79.7,85.35,67.93,76.05,43.79,90.4,97.7,77.54,A
21,Business,0.3,83.26,36.24,60.94,57.43,52.34,73.9,60.62,55.6,F
23,Engineering,4.5,86.91,72.48,68.14,75.9,73.74,55.6,63.36,71.53,C
23,CS,3.8,92.49,91.82,41.5,78.66,60.48,67.2,78.57,68.16,D
21,CS,4.2,84.79,57.78,67.62,82.4,66.01,56.5,65.38,68.39,D
18,CS,5.1,71.46,81.89,59.96,86.4,93.03,92.9,67.56,79.88,A
21,CS,4.7,88.18,74.9,49.21,85.48,39.59,78.7,75.48,66.27,D
19,Mathematics,8.0,56.56,80.34,20.66,87.99,48.84,70.3,72.71,61.09,F
20,Engineering,0.8,79.28,50.65,42.39,70.89,82.07,71.8,55.56,58.93,F
19,Engineering,3.4,75.82,61.54,76.77,93.37,82.43,59.3,92.1,78.55,A
19,CS,2.6,81.19,64.43,89.02,91.44,81.57,72.5,72.75,81.37,A
22,Mathematics,5.4,64.46,47.61,46.9,48.55,100.0,50.2,92.02,62.8,F
21,Engineering,5.4,79.41,69.8,57.92,68.37,62.93,50.6,75.34,66.32,D
22,Business,3.1,73.66,74.32,58.52,78.13,91.57,75.1,89.58,75.89,B
20,CS,7.7,95.06,56.64,39.43,71.74,77.58,72.7,59.9,62.67,F
19,Business,3.2,83.28,53.08,42.24,74.32,68.11,69.5,60.7,59.27,F
22,Business,6.5,81.35,56.76,70.05,89.64,65.58,58.4,67.99,71.54,C
22,Engineering,3.5,76.16,39.41,71.98,70.62,63.61,96.9,48.39,65.89,D
19,Business,3.7,75.81,67.49,82.03,72.43,63.13,85.8,72.09,76.08,B
24,Business,7.2,96.4,60.99,35.04,73.65,66.62,66.1,99.25,63.89,D
22,CS,1.1,95.99,74.3,80.51,54.13,74.88,90.6,77.79,75.75,B
18,Business,3.8,89.57,71.28,46.66,77.8,50.67,78.5,100.0,67.27,D
20,Engineering,5.1,82.37,68.93,71.56,78.06,64.4,71.9,97.55,76.12,B
21,Mathematics,5.7,69.72,83.84,90.3,56.82,54.74,77.9,64.11,77.64,A
23,Business,3.9,74.82,72.46,72.6,63.48,67.25,64.9,92.39,73.56,B
18,CS,6.2,96.09,63.68,26.08,65.63,95.08,77.0,83.56,63.82,D
21,Engineering,4.8,69.3,74.69,54.72,73.38,57.86,72.5,71.15,67.81,D
20,Engineering,6.5,82.73,69.21,62.85,99.64,66.43,51.4,81.77,74.17,B
21,Mathematics,4.8,82.35,79.24,76.04,70.99,55.04,51.9,69.01,72.06,C
24,Business,6.0,61.72,49.79,54.97,100.0,68.55,71.2,45.29,66.38,D
21,CS,7.4,81.75,77.53,91.57,57.13,81.07,87.0,77.36,83.84,A
20,Engineering,6.7,67.23,80.32,50.07,84.09,52.51,82.1,85.59,71.69,C
22,Business,6.0,91.69,77.73,57.51,59.64,46.31,58.4,77.07,65.24,D
23,Engineering,1.1,79.17,59.63,77.72,57.09,66.08,80.4,87.84,71.09,C
23,Business,7.1,75.29,79.59,70.31,67.06,98.16,51.7,67.42,77.26,A
22,Engineering,2.0,80.4,51.16,79.94,61.23,70.91,72.5,93.72,71.66,C
19,Mathematics,10.3,82.82,68.91,57.13,76.39,32.07,77.7,73.22,67.43,D
20,Business,7.1,87.97,71.14,36.95,50.84,68.29,96.1,70.46,63.39,D
18,Engineering,5.5,89.95,76.92,60.67,70.97,69.74,51.0,83.87,70.93,C
21,Engineering,7.4,89.31,36.65,91.29,65.92,59.57,77.2,66.72,71.63,C
22,Business,5.2,60.86,63.51,74.04,69.77,58.1,62.3,80.0,70.92,C
18,CS,4.3,78.08,46.8,72.84,71.93,64.44,68.9,80.59,68.77,C
24,Engineering,5.0,72.05,60.38,48.12,78.9,62.06,68.5,70.43,64.05,D
24,Engineering,3.5,95.48,70.02,78.65,100.0,41.1,76.5,61.83,74.35,B
19,Mathematics,4.6,71.2,74.96,65.18,74.3,74.92,61.9,92.33,74.65,B
21,Engineering,4.3,87.28,92.37,70.75,74.96,86.66,54.0,81.29,79.62,A
18,Business,3.2,78.65,63.82,82.43,61.47,81.44,68.1,67.37,74.08,B
23,CS,2.6,65.62,52.97,65.64,72.49,83.3,41.1,76.36,66.7,D
23,Engineering,5.2,90.1,61.9,71.59,63.76,63.68,80.5,59.4,69.56,C
24,Engineering,5.3,89.67,64.01,53.59,63.02,61.8,100.0,87.57,69.01,C
24,Engineering,6.2,88.06,69.49,86.44,95.15,77.68,62.9,99.06,85.05,A
24,Engineering,3.5,95.45,45.22,58.48,96.38,70.26,73.2,85.16,69.17,C
23,CS,5.9,79.47,54.27,78.53,77.24,69.77,63.3,70.43,72.79,C
21,Engineering,2.6,81.17,42.89,66.15,53.51,45.12,67.7,71.51,58.44,F
21,Engineering,4.7,90.7,64.82,70.61,90.82,86.26,64.2,97.5,79.23,A
19,Business,1.7,81.24,62.06,80.2,91.1,80.44,70.1,78.34,77.9,A
24,Business,5.9,92.94,86.61,65.82,48.65,90.72,91.1,84.01,78.43,A
21,CS,3.4,81.32,61.72,68.94,62.54,76.27,70.0,100.0,72.55,C
18,Business,3.5,72.99,35.34,39.86,78.88,41.43,75.5,89.2,55.29,F
20,Mathematics,6.8,97.74,54.09,72.36,99.22,40.2,70.9,81.78,72.11,C
20,Engineering,3.0,95.04,67.95,71.97,82.25,45.5,46.1,94.66,69.92,C
19,Engineering,2.2,73.99,80.06,68.18,88.91,36.42,75.5,87.59,72.67,C
21,Engineering,0.7,86.14,49.99,44.8,78.48,56.83,100.0,62.59,60.34,F
22,Engineering,4.5,79.02,56.64,79.83,80.42,85.69,78.1,81.42,78.4,A
21,Business,6.2,58.6,58.04,80.99,63.96,100.0,80.5,57.47,77.4,A
19,Business,6.3,65.65,85.27,77.73,72.49,76.21,99.7,92.02,85.0,A
22,Engineering,4.3,87.63,64.65,71.67,72.18,77.88,67.5,100.0,75.84,B
19,Business,4.8,93.01,61.31,60.84,86.49,71.38,46.1,65.67,67.77,D
19,Business,2.7,78.3,77.31,77.56,91.82,95.14,52.3,80.62,81.42,A
18,CS,5.2,70.87,50.58,50.66,91.34,73.96,100.0,70.03,69.71,C
24,CS,5.4,86.64,51.66,54.19,63.98,76.27,43.1,69.71,61.61,F
21,Mathematics,2.5,78.24,57.01,33.19,70.28,78.68,71.7,74.44,59.57,F
22,Business,4.3,75.44,76.13,56.29,80.66,82.19,80.2,43.97,71.11,C
18,CS,6.5,76.31,76.87,73.8,90.52,59.75,63.7,47.65,74.44,B
22,Business,1.5,58.9,74.8,59.0,80.01,94.49,50.4,73.34,71.96,C
23,Mathematics,2.9,94.03,86.62,75.73,62.07,48.79,30.8,71.99,68.4,D
24,CS,7.0,64.12,65.19,68.4,75.18,78.08,59.7,64.12,72.43,C
21,Engineering,1.6,92.23,69.36,60.1,48.97,54.46,47.4,70.87,60.04,F
18,Mathematics,6.7,66.51,42.33,62.01,78.76,100.0,51.9,89.46,71.37,C
19,Business,5.3,75.91,65.59,85.71,80.68,96.87,71.9,68.26,82.13,A
23,CS,5.2,75.09,72.46,46.82,75.79,80.68,70.4,58.24,67.47,D
23,Business,4.2,84.03,64.44,95.18,57.53,72.26,75.3,74.41,77.98,A
24,CS,5.1,85.15,76.34,56.97,75.27,84.76,69.0,70.42,72.86,B
21,Business,5.7,86.17,48.82,54.72,80.93,78.03,48.6,94.15,67.15,D
21,CS,3.7,72.7,55.49,60.12,73.19,86.69,48.4,93.53,69.16,C
24,CS,4.5,100.0,61.85,82.03,70.37,70.24,57.3,84.41,74.49,B
22,Business,4.9,90.19,77.39,46.86,60.2,79.97,100.0,65.65,69.58,C
24,Mathematics,4.7,75.22,63.97,69.89,80.27,59.58,68.9,94.69,73.45,B
24,Engineering,3.0,77.7,67.09,56.94,89.13,75.3,73.0,100.0,73.96,B
24,CS,3.7,64.6,84.88,84.19,78.16,81.71,76.3,73.15,83.01,A
20,Engineering,2.0,100.0,59.03,62.73,77.84,72.98,74.1,65.32,68.19,D
23,CS,3.1,85.35,81.06,56.84,66.06,93.11,48.3,75.63,71.08,C
24,Business,4.6,79.24,90.13,72.3,85.84,80.28,64.4,62.31,79.6,A
20,Engineering,6.0,83.95,100.0,88.88,87.8,70.93,92.9,71.22,89.89,A
21,Business,6.3,73.48,66.31,51.83,79.74,88.44,99.6,80.76,75.22,B
18,Engineering,2.8,72.42,93.29,65.81,83.75,64.61,51.7,100.0,77.22,A
21,Engineering,5.9,89.12,66.1,77.34,68.48,85.92,43.2,68.03,73.66,B
21,CS,6.7,80.72,66.4,87.46,68.6,74.53,100.0,83.02,82.64,A
20,Engineering,4.3,97.54,68.25,83.05,60.41,56.29,51.3,85.42,71.89,C
24,CS,3.2,79.38,45.07,56.52,56.57,50.12,94.9,78.36,60.9,F
23,Engineering,2.1,97.6,68.27,58.08,74.97,96.72,78.9,84.11,74.18,B
20,Business,5.6,85.31,65.67,42.92,59.32,46.61,63.3,72.93,58.32,F
18,CS,4.8,90.56,59.07,88.19,81.31,62.68,66.1,97.71,78.65,A
24,CS,1.9,68.06,58.11,74.86,83.16,47.85,87.0,76.9,71.07,C
24,Engineering,6.5,81.52,52.61,63.28,56.28,61.99,88.9,68.81,66.27,D
18,Engineering,5.0,61.38,79.91,53.71,71.6,67.34,68.9,73.85,69.71,C
20,CS,4.3,58.14,66.24,68.8,86.81,82.08,73.9,100.0,78.76,A
24,Business,5.0,88.01,41.8,63.96,77.87,87.97,49.9,63.85,66.3,D
20,Business,6.3,73.02,57.97,67.54,84.64,90.41,54.8,71.73,73.92,B
20,Engineering,5.2,98.48,68.49,47.14,72.52,66.16,100.0,66.27,67.87,D
20,CS,6.7,85.33,45.78,78.75,90.96,80.44,80.7,63.74,76.28,B
20,Mathematics,4.0,70.49,57.98,65.97,88.6,60.37,86.0,82.26,72.56,C
22,Business,3.0,84.58,54.17,58.93,71.46,58.73,55.4,82.26,63.31,F
22,Mathematics,4.4,53.47,78.46,90.12,59.29,80.09,100.0,56.25,81.46,A
24,CS,4.5,87.45,50.74,48.89,52.14,66.92,55.4,82.48,58.71,F
21,Mathematics,4.5,82.11,79.97,48.22,85.01,82.37,73.3,56.84,70.83,C
18,Business,3.9,99.07,80.08,100.0,80.14,59.99,52.2,74.97,81.7,A
24,Engineering,5.3,78.75,50.48,49.66,80.32,84.73,86.0,69.94,68.0,D
19,CS,2.7,85.01,41.26,65.54,58.31,72.2,69.8,81.34,63.95,D
19,Business,4.6,70.16,51.33,49.05,74.65,50.25,89.7,49.16,59.9,F
19,CS,6.3,90.13,59.21,72.45,66.72,62.69,43.1,54.3,65.88,D
24,Business,5.0,83.59,76.43,53.94,68.21,80.54,40.0,66.11,66.89,D
24,CS,3.5,76.02,47.92,50.1,49.23,71.63,77.7,74.66,59.73,F
22,CS,8.4,77.57,68.54,62.73,72.98,71.76,50.5,79.15,71.4,C
21,Mathematics,4.8,73.38,38.45,91.13,62.98,61.2,71.0,70.89,70.24,C
22,CS,8.1,97.32,67.07,59.62,50.69,77.82,53.6,71.55,67.14,D
24,Mathematics,6.9,96.03,63.36,31.21,89.98,64.78,99.6,88.45,67.5,D
20,CS,3.1,76.0,74.75,72.85,100.0,60.41,51.2,77.45,75.28,B
19,Engineering,3.4,89.98,66.84,69.14,93.42,77.31,63.7,89.03,76.69,B
23,Business,6.7,98.21,67.05,71.41,81.66,57.08,98.0,91.95,77.99,A
23,CS,7.2,90.88,48.8,41.47,63.47,67.29,100.0,69.61,62.38,F
21,Business,4.9,94.3,27.67,27.22,82.01,79.37,52.1,78.59,53.43,F
18,Business,3.3,84.96,78.69,47.6,58.45,95.41,32.8,70.39,65.07,D
23,Engineering,6.3,85.98,55.66,73.21,67.27,72.99,93.9,76.12,74.29,B
20,Engineering,4.0,87.58,54.58,64.66,52.2,59.9,60.6,88.87,64.08,D
23,Business,3.9,90.86,68.15,56.3,82.4,55.38,60.2,62.04,65.36,D
20,CS,7.1,77.04,48.61,58.38,68.31,65.13,44.0,73.75,62.58,F
23,Business,5.0,85.86,57.89,47.26,50.25,75.87,76.6,64.19,61.25,F
24,CS,6.8,96.68,61.87,72.07,61.43,49.83,67.2,83.09,69.11,C
18,Engineering,4.7,61.35,59.54,61.31,61.38,68.12,41.8,68.76,63.13,F
18,Business,2.7,58.39,51.33,48.29,61.18,73.49,71.9,72.54,60.75,F
24,CS,4.4,88.3,63.49,39.6,66.75,28.93,94.1,78.3,58.37,F
18,Engineering,2.3,87.3,69.84,66.27,55.96,64.93,66.8,76.24,67.44,D
18,Business,3.3,76.11,82.17,55.77,71.07,87.19,43.9,37.18,66.66,D
18,Business,5.2,100.0,64.2,44.65,59.23,42.26,80.2,70.4,59.12,F
19,Engineering,3.3,60.67,54.44,70.1,74.16,53.58,74.9,73.64,67.58,D
20,CS,1.7,77.93,48.2,59.67,90.41,84.6,67.3,52.51,66.62,D
22,CS,0.0,79.95,60.42,60.9,100.0,64.71,63.0,81.59,69.52,C
21,Business,8.7,89.27,73.23,63.52,61.22,75.34,72.3,88.08,74.57,B
18,Mathematics,5.0,82.71,71.68,60.17,77.97,62.53,69.1,71.94,70.07,C
19,Business,0.9,77.22,67.19,69.35,69.44,80.14,77.5,100.0,74.88,B
21,Business,5.4,100.0,52.2,54.06,83.16,72.98,78.8,77.37,68.4,D
19,Business,8.4,91.6,92.57,60.91,72.29,81.24,100.0,76.01,81.62,A
21,CS,8.1,78.68,42.62,63.55,59.71,85.92,75.5,94.82,70.52,C
23,Business,3.9,100.0,49.41,68.59,63.25,73.06,88.9,80.86,69.83,C
20,Engineering,5.1,67.46,25.98,47.87,50.82,54.77,59.8,44.89,48.41,F
20,Business,5.4,70.05,100.0,70.09,71.93,48.05,63.9,87.22,76.84,B
18,CS,3.2,81.1,65.24,60.1,82.28,86.81,39.7,49.52,66.96,D
22,Business,4.1,66.55,69.26,64.26,94.79,83.19,59.0,50.95,72.87,B
18,CS,5.6,61.9,81.26,54.98,79.82,50.49,39.8,94.23,68.5,C
22,Engineering,4.8,60.69,69.7,41.28,79.85,67.89,82.8,75.75,66.74,D
22,CS,5.9,76.5,41.31,59.26,80.24,66.49,62.6,99.4,67.2,D
19,Mathematics,5.9,85.68,89.26,75.17,79.16,54.85,80.2,73.91,78.87,A
23,Engineering,4.3,76.04,67.47,48.96,78.57,68.2,60.3,77.18,66.1,D
23,CS,5.3,77.93,66.87,63.01,65.87,72.4,49.9,67.4,67.4,D
19,CS,6.0,78.31,50.49,53.34,93.59,61.37,46.2,70.36,64.0,D
19,Mathematics,3.2,73.95,53.26,66.16,86.44,70.99,74.5,74.25,70.59,C
20,CS,5.0,78.3,66.55,90.91,60.26,20.61,51.6,90.93,69.47,C
19,CS,2.4,72.4,76.69,64.16,45.39,60.94,59.6,85.69,66.26,D
23,CS,3.2,94.16,72.72,64.36,80.11,79.47,83.1,62.97,74.0,B
20,Engineering,5.5,76.5,62.28,90.66,56.98,45.23,79.7,39.32,69.64,C
24,Engineering,6.2,81.93,51.9,50.67,94.26,65.43,80.4,75.43,68.22,D
22,Business,5.5,82.04,75.69,62.14,72.32,75.16,99.6,59.97,74.61,B
21,CS,5.8,68.72,70.56,42.87,73.65,73.47,100.0,87.45,70.69,C
23,Mathematics,4.7,99.72,59.21,80.2,82.2,93.45,69.8,78.79,79.46,A
23,Business,3.7,78.94,69.85,58.13,75.67,85.51,71.6,83.05,72.9,B
24,CS,5.8,69.29,70.23,69.71,68.47,97.78,54.6,99.95,78.25,A
24,Engineering,5.0,77.27,73.81,97.61,98.29,66.15,52.1,80.46,84.47,A
20,Business,4.1,100.0,57.2,44.3,57.38,93.53,97.7,61.89,65.38,D
22,Business,5.4,46.46,43.14,31.22,78.93,53.64,49.4,86.15,54.13,F
22,Mathematics,3.5,83.65,58.42,36.15,52.45,58.48,42.4,92.7,54.43,F
20,Business,3.6,100.0,70.54,50.83,89.45,66.4,96.9,100.0,74.22,B
24,Business,7.3,85.12,60.8,69.19,87.73,63.82,93.2,67.37,75.36,B
18,Business,3.2,78.91,35.89,58.88,79.16,62.9,82.8,89.49,64.98,D
23,Business,6.1,74.63,55.48,65.15,97.29,76.02,100.0,67.57,76.44,B
23,Business,2.6,74.24,74.65,79.91,91.38,76.79,57.0,69.5,78.08,A
18,Engineering,6.7,59.31,75.73,61.62,62.09,67.35,38.7,77.66,68.03,D
21,Business,4.5,94.33,79.63,44.68,69.52,65.76,76.1,72.43,66.72,D
23,Business,3.8,94.21,64.6,45.43,61.84,78.96,72.0,89.94,65.76,D
20,CS,4.9,100.0,94.77,44.99,58.44,64.07,85.0,72.66,69.04,C
18,CS,2.7,93.41,74.58,0.98,79.81,68.48,31.2,64.76,48.4,F
23,Mathematics,6.6,78.09,59.79,47.18,85.58,75.17,65.2,77.01,67.75,D
18,Business,6.0,84.11,75.51,98.44,74.68,75.45,28.2,74.88,80.46,A
19,Mathematics,2.3,93.62,74.06,78.58,81.51,75.56,69.3,57.56,75.78,B
24,Business,6.7,91.82,74.95,75.98,70.61,60.41,73.0,57.95,73.88,B
21,CS,4.3,79.57,62.92,44.78,76.43,94.79,60.0,80.18,67.87,D
22,Engineering,2.0,81.99,86.12,30.26,75.87,58.99,51.7,76.2,60.32,F
24,CS,2.6,96.29,51.91,74.97,65.38,71.58,66.7,74.87,68.87,C
21,CS,9.2,65.78,65.04,64.58,76.35,78.6,62.9,81.69,74.68,B
24,Engineering,5.3,74.96,87.46,44.8,50.83,71.07,65.4,62.74,64.68,D
23,Mathematics,4.6,79.95,59.95,81.61,73.62,97.04,51.1,57.61,75.24,B
24,Business,2.4,69.54,42.93,53.25,79.48,80.54,73.8,55.72,62.72,F
21,Mathematics,8.8,68.76,89.9,43.35,68.68,56.32,61.0,82.65,68.5,C
23,Mathematics,3.4,59.28,56.87,85.99,78.25,63.25,50.3,92.48,74.37,B
19,Business,3.0,86.6,90.31,65.93,75.71,49.65,100.0,53.88,73.53,B
23,Business,1.8,100.0,68.18,75.0,81.83,77.77,68.2,54.08,73.2,B
22,Engineering,6.6,82.36,85.64,82.6,88.85,59.03,45.3,84.09,80.33,A
20,Business,4.4,83.82,68.92,86.77,100.0,92.19,95.4,67.9,87.17,A
19,Engineering,7.6,95.18,63.01,73.39,66.22,39.05,72.8,76.35,69.12,C
22,Engineering,8.9,65.35,60.85,45.01,85.65,81.44,100.0,57.75,70.96,C
21,CS,4.0,85.83,71.42,66.13,88.54,79.33,92.1,64.36,76.95,B
19,Mathematics,5.6,80.83,82.32,66.95,76.67,44.1,52.2,77.76,70.46,C
18,Mathematics,4.8,60.35,61.53,68.48,70.95,100.0,52.6,69.07,73.06,B
23,Engineering,3.0,66.62,65.42,70.51,87.04,95.05,78.2,83.08,79.18,A
23,Mathematics,2.8,60.39,66.48,69.59,80.47,67.65,39.2,96.21,71.33,C
21,Business,4.2,75.4,66.68,90.69,91.84,57.85,60.8,60.98,77.27,A
22,CS,2.1,92.58,85.62,62.13,75.8,75.48,70.5,81.54,74.71,B
18,CS,4.4,89.36,55.74,70.64,92.17,61.26,58.4,87.78,72.17,C
24,CS,5.5,75.21,52.76,63.22,79.26,58.18,78.9,81.16,68.89,C
24,CS,5.9,82.29,80.93,36.94,80.31,71.57,50.5,59.97,64.05,D
18,CS,2.6,81.23,74.56,80.38,70.61,49.19,77.4,64.66,72.5,C
22,Business,5.4,59.1,74.01,75.88,54.6,68.09,82.3,82.28,75.13,B
22,Engineering,4.8,72.23,74.7,64.31,70.42,76.38,62.3,66.77,71.56,C
23,Engineering,6.1,67.67,48.9,65.89,89.85,70.42,90.0,100.0,75.64,B
23,CS,4.9,73.8,65.23,52.24,100.0,85.68,83.2,73.75,74.72,B
22,CS,1.6,93.57,54.44,74.1,100.0,54.21,56.2,92.56,71.93,C
22,Business,3.2,100.0,49.68,39.01,60.35,88.29,67.2,81.12,60.37,F
24,Business,3.4,77.96,70.85,57.44,82.66,57.76,51.1,100.0,69.28,C
18,CS,5.0,83.07,63.15,57.73,67.67,77.51,73.9,78.16,69.43,C
18,Engineering,3.9,96.78,58.5,47.23,68.99,78.92,96.9,71.32,66.83,D
19,CS,2.9,71.39,65.34,65.49,92.3,53.65,40.1,58.66,65.93,D
21,Mathematics,4.9,91.26,55.13,40.43,66.31,56.23,100.0,79.86,61.97,F
20,Engineering,7.0,78.86,51.99,59.94,56.82,47.46,47.1,67.23,58.96,F
18,CS,5.1,80.03,88.07,78.51,89.5,87.68,97.0,74.26,87.42,A
21,Engineering,4.4,74.99,59.8,58.29,75.28,63.16,70.8,89.23,68.42,D
22,Business,4.7,67.4,62.19,57.3,60.14,72.94,61.0,92.24,67.26,D
24,Mathematics,5.0,62.69,69.38,46.85,69.64,79.52,54.6,59.0,64.16,D
20,Mathematics,2.7,78.47,75.93,94.72,81.4,83.13,67.8,88.41,85.25,A
23,Mathematics,3.6,80.41,62.51,18.38,87.45,60.3,44.2,84.3,54.83,F
23,CS,3.7,66.16,78.9,78.93,40.89,54.22,42.3,81.92,68.0,D
18,CS,3.6,75.69,45.47,81.3,60.71,81.35,62.1,75.66,70.37,C
23,Business,4.0,76.17,55.54,33.7,86.84,93.06,81.2,76.99,66.02,D
19,Engineering,6.7,75.7,64.32,34.5,97.22,64.28,100.0,82.41,69.03,C
21,CS,3.3,96.71,68.74,46.69,67.01,56.71,82.9,58.61,62.11,F
19,Business,2.3,77.96,71.86,47.15,73.91,66.16,87.4,80.8,67.5,D
18,Business,5.3,75.0,61.15,61.68,78.4,82.97,69.3,69.5,71.47,C
23,Engineering,3.9,59.46,72.06,70.2,72.82,56.15,39.8,52.78,66.03,D
20,Business,2.8,76.16,44.21,58.93,67.84,55.08,63.1,68.99,59.57,F
23,CS,6.3,89.99,65.32,67.81,57.36,92.44,26.0,74.18,69.04,C
21,Business,2.2,93.53,45.44,51.53,100.0,50.71,83.8,73.53,63.99,D
21,Business,4.2,90.67,78.91,99.6,83.43,70.81,65.4,84.43,85.88,A
23,CS,5.6,89.08,67.53,67.93,59.74,83.97,84.5,82.07,74.9,B
21,Business,4.5,94.18,50.24,57.87,58.26,50.9,47.1,76.18,58.36,F
22,Engineering,6.9,94.14,77.22,44.72,74.94,70.59,92.6,92.65,72.66,C
19,CS,5.2,89.01,60.0,75.92,84.01,69.21,69.2,69.56,74.24,B
21,Business,1.8,94.64,49.37,39.98,90.42,73.79,54.4,90.08,61.85,F
24,CS,6.0,92.7,35.59,67.22,71.47,78.5,78.0,69.61,67.54,D
23,Business,3.5,83.9,72.44,66.98,85.28,85.06,78.1,67.76,76.47,B
21,Business,4.8,100.0,54.04,76.37,63.05,71.39,55.4,98.84,71.71,C
22,CS,2.1,87.61,40.97,66.14,79.1,73.42,69.8,90.23,67.97,D
19,CS,3.9,74.67,64.42,62.14,65.44,66.21,77.8,83.1,69.31,C
23,Business,5.2,81.48,67.13,78.27,75.79,68.17,85.8,73.38,77.02,B
19,Business,3.4,79.24,87.72,65.97,54.15,60.96,55.2,84.16,70.24,C
23,Mathematics,5.1,77.32,45.34,77.76,64.68,84.93,40.8,65.53,68.02,D
20,Engineering,5.9,74.71,54.26,63.78,60.03,62.65,67.7,57.2,63.83,D
21,Engineering,6.7,70.95,65.21,70.76,83.2,74.57,68.6,78.13,75.96,B
19,Engineering,3.4,88.82,78.33,81.19,51.33,65.53,71.8,60.39,72.47,C
24,Business,5.0,99.69,100.0,64.84,67.9,39.9,72.2,91.66,74.51,B
24,Business,4.7,87.2,74.66,77.18,100.0,57.14,52.2,66.6,75.89,B
21,Engineering,4.0,78.45,66.73,38.39,92.62,80.52,65.7,69.23,66.33,D
19,CS,6.4,84.01,76.11,45.99,70.96,54.43,85.5,67.16,66.29,D
22,Engineering,0.8,75.71,69.19,75.86,77.21,73.77,34.7,44.93,67.61,D
22,Business,4.2,68.64,69.19,35.59,90.19,100.0,72.3,85.22,70.9,C
18,Engineering,7.9,82.72,55.06,23.41,63.99,78.89,52.1,75.14,56.14,F
20,CS,2.7,77.07,74.62,37.85,98.94,74.89,49.8,83.65,67.05,D
24,Business,4.2,71.14,38.93,72.84,81.31,58.73,87.2,61.71,67.64,D
19,CS,6.4,74.17,72.7,65.18,75.2,72.89,61.1,60.2,71.64,C
18,Business,3.6,52.06,62.6,68.68,75.09,52.6,61.3,51.79,65.39,D
20,CS,2.2,81.9,83.38,42.8,92.98,72.8,37.6,78.89,67.13,D
18,CS,4.4,67.82,50.4,59.99,100.0,52.71,64.6,72.1,66.85,D
23,Business,2.7,100.0,68.57,40.97,100.0,70.52,62.2,89.77,68.13,D
19,CS,4.6,82.77,46.27,68.08,83.35,46.76,68.1,64.34,64.74,D
24,Engineering,8.7,90.39,71.11,69.12,87.75,75.49,40.2,82.33,76.05,B
20,Business,3.2,89.08,90.89,42.86,93.15,70.97,68.1,77.45,71.81,C
22,Business,7.3,67.95,52.91,60.08,93.55,85.16,68.1,68.09,72.68,C
19,Business,2.9,77.25,55.44,26.8,74.5,84.24,100.0,100.0,64.39,D
19,Mathematics,8.3,70.59,71.8,56.69,77.91,67.9,70.5,65.14,70.95,C
20,Business,3.8,70.43,55.74,100.0,93.36,62.41,68.5,77.84,81.05,A
22,Business,5.4,90.05,58.28,67.58,73.85,59.99,52.0,88.44,68.75,C
18,CS,6.6,89.21,51.14,32.65,85.09,90.16,45.1,84.36,62.56,F
19,Business,6.4,80.33,38.55,38.66,72.86,75.18,66.3,72.38,58.58,F
18,CS,2.0,67.27,32.21,51.28,42.09,72.85,80.7,46.08,52.74,F
20,CS,3.7,75.4,70.41,35.55,86.44,84.55,59.1,87.39,66.89,D
19,CS,2.7,100.0,53.58,61.11,80.62,64.64,68.3,84.61,67.48,D
19,Mathematics,3.6,93.01,68.9,67.18,67.27,59.22,98.6,50.86,69.65,C
19,CS,4.3,76.12,72.76,69.89,67.04,47.85,99.2,89.14,73.74,B
21,Business,6.7,93.15,54.37,68.9,55.5,98.09,69.8,65.57,71.47,C
18,Business,8.0,93.22,60.75,80.85,63.37,96.27,50.3,52.48,74.63,B
20,Business,3.6,62.86,68.18,53.87,84.5,74.36,75.4,63.24,69.29,C
20,Mathematics,8.4,70.81,42.2,82.8,67.98,60.27,58.6,56.59,68.24,D
24,Engineering,7.3,71.04,54.78,87.09,65.28,64.51,78.0,100.0,78.0,A
21,CS,4.0,81.82,55.56,65.34,68.32,45.43,41.6,78.07,61.74,F
22,CS,3.4,80.68,100.0,96.64,73.82,62.57,87.8,89.45,88.88,A
24,Engineering,5.9,93.37,79.51,51.05,65.61,54.07,78.1,74.5,67.38,D
18,CS,5.2,100.0,62.56,61.35,59.5,57.89,80.0,81.36,67.26,D
22,Engineering,0.5,74.27,42.51,41.83,59.93,52.13,89.6,56.43,52.71,F
22,Mathematics,6.1,91.97,37.68,78.98,63.87,50.87,91.6,55.82,66.23,D
21,CS,7.1,88.39,72.78,80.14,82.73,64.69,51.0,84.76,77.84,A
22,CS,3.0,76.95,64.52,38.91,74.56,79.55,51.4,73.74,61.71,F
21,CS,5.3,53.13,62.23,69.2,100.0,74.87,78.5,59.6,75.9,B
20,Business,5.3,78.15,67.61,60.77,68.75,86.89,75.2,60.14,71.28,C
24,Mathematics,4.1,64.27,78.5,60.34,99.53,93.35,54.3,100.0,80.21,A
18,CS,3.4,89.96,92.88,57.64,73.56,72.17,71.1,56.79,72.22,C
23,Business,9.2,96.68,49.67,85.82,100.0,82.82,80.2,84.32,84.15,A
22,Business,6.5,71.93,86.61,44.5,83.74,65.02,81.7,100.0,74.41,B
20,CS,3.4,56.37,52.44,55.92,74.37,68.73,71.6,73.33,64.92,D
21,Business,3.5,78.19,57.54,53.56,51.43,79.82,62.5,65.22,61.79,F
18,Mathematics,6.4,66.11,62.34,85.21,71.41,88.18,95.0,64.59,81.13,A
22,Business,4.6,80.4,77.73,56.76,53.19,60.04,72.8,68.92,66.03,D
24,Business,4.7,86.79,61.97,62.06,79.42,73.12,48.8,100.0,71.12,C
23,Business,6.2,82.15,70.99,50.83,72.0,79.45,61.7,65.02,67.94,D
18,Business,5.4,84.65,26.82,13.42,70.59,82.42,75.1,87.36,51.29,F
21,Business,4.5,85.26,56.95,61.77,69.21,64.01,100.0,54.01,67.55,D
19,CS,3.4,100.0,52.25,74.46,75.0,82.83,53.7,78.09,71.34,C
20,Mathematics,5.5,61.29,33.21,59.99,63.63,78.13,49.8,95.98,63.23,F
24,Business,4.3,77.27,48.54,61.24,65.45,36.58,54.6,87.0,59.69,F
19,CS,6.1,98.57,65.63,94.61,73.27,69.88,93.5,75.68,82.95,A
21,Business,4.3,68.67,72.3,50.67,70.41,89.86,71.7,82.67,71.29,C
23,Business,4.9,82.68,52.45,71.87,83.97,56.87,66.2,70.24,69.27,C
20,Mathematics,3.9,70.07,41.67,64.71,64.25,54.94,54.4,69.83,60.0,F
20,Business,5.4,76.52,54.05,70.56,72.38,90.61,87.4,88.65,76.73,B
20,Engineering,3.3,66.4,86.3,36.57,87.39,70.06,92.7,68.87,69.66,C
23,Mathematics,3.8,78.41,87.8,84.32,83.52,57.05,56.5,62.94,77.79,A
20,Business,1.8,77.82,66.48,55.23,68.05,82.71,96.1,64.99,69.49,C
20,Engineering,4.7,70.76,82.05,48.54,61.78,43.68,33.8,61.69,58.69,F
18,Business,5.8,95.17,52.15,88.3,72.37,76.09,58.8,93.88,77.36,A
18,Engineering,3.3,82.94,79.81,25.76,89.13,59.75,53.1,97.11,62.69,F
22,Business,4.3,80.59,57.85,96.41,93.63,78.22,80.5,69.88,83.46,A
22,CS,4.6,69.92,61.35,56.36,100.0,70.86,57.5,83.31,71.19,C
24,Business,1.1,100.0,44.6,56.52,89.08,56.16,65.7,100.0,64.78,D
20,CS,0.0,72.7,91.36,76.45,83.5,80.22,88.9,62.37,80.89,A
22,Engineering,6.7,54.7,54.51,74.15,95.1,66.09,79.9,76.42,76.31,B
18,CS,4.6,82.81,58.47,61.56,62.33,43.47,44.2,66.57,59.41,F
23,CS,5.1,75.23,59.2,86.31,71.59,67.75,69.5,72.41,75.38,B
18,Business,3.2,87.12,73.71,73.37,80.24,74.7,74.8,66.64,75.74,B
23,Engineering,4.3,73.16,46.13,44.65,72.9,62.32,67.3,96.45,61.43,F
21,Engineering,5.7,85.57,78.26,58.0,83.2,65.28,84.3,78.83,74.49,B
20,Mathematics,2.1,79.9,78.0,63.18,74.62,76.49,73.6,74.18,73.05,B
20,Business,7.9,73.8,48.11,62.71,41.5,87.94,25.0,100.0,64.3,D
19,CS,2.7,79.62,72.11,48.72,70.9,56.31,67.4,81.54,64.36,D
21,Engineering,2.5,76.31,87.74,28.45,99.98,68.94,73.1,73.42,67.32,D
18,Engineering,8.0,100.0,69.46,30.79,74.51,80.51,91.1,95.05,69.0,C
21,Mathematics,5.1,87.57,61.79,87.6,72.61,79.8,63.3,88.08,79.19,A
23,Mathematics,2.8,87.57,78.08,73.18,69.86,81.83,84.1,78.37,77.97,A
21,CS,6.5,68.07,76.76,39.84,100.0,66.33,49.8,74.32,67.92,D
21,CS,3.1,75.55,58.73,63.46,71.92,68.61,78.0,67.43,67.96,D
20,Engineering,1.7,81.39,60.63,89.1,86.91,69.4,52.8,100.0,78.43,A
20,Engineering,5.9,74.21,88.67,37.33,68.56,57.72,71.9,79.46,65.96,D
21,Business,6.8,96.69,50.37,91.78,94.24,65.97,49.3,88.93,78.86,A
22,CS,5.3,88.81,85.95,64.14,57.75,63.75,85.4,78.24,73.67,B
19,Engineering,5.1,85.96,60.54,28.38,81.38,71.82,66.6,84.2,61.23,F
22,Business,4.8,92.77,56.98,53.73,68.44,64.21,98.8,73.59,67.05,D
24,CS,4.3,86.62,48.11,51.24,69.31,63.43,34.0,62.7,56.72,F
23,Mathematics,7.4,61.97,65.21,67.92,66.97,88.89,100.0,90.17,79.51,A
20,Business,5.0,93.85,71.1,67.48,76.27,61.87,76.9,82.34,73.61,B
23,Business,6.5,83.29,74.98,91.16,48.89,54.53,82.6,61.06,75.47,B
23,Business,6.2,76.26,62.62,39.77,65.82,59.08,87.5,50.78,60.12,F
24,Engineering,6.5,84.57,30.18,62.14,90.39,76.75,100.0,58.64,68.86,C
21,CS,6.3,83.91,76.57,78.33,74.05,63.78,63.8,61.92,75.21,B
23,Engineering,7.1,63.5,59.56,71.12,62.38,65.85,33.8,69.65,66.38,D
20,Mathematics,3.2,84.56,69.21,72.88,86.85,62.06,59.2,66.64,72.23,C
23,Business,2.8,89.88,76.05,60.84,85.61,82.87,79.3,78.37,75.9,B
23,CS,6.8,91.05,59.1,67.48,73.74,99.89,62.4,67.2,74.47,B
22,CS,6.7,84.5,77.06,87.5,65.64,69.86,58.0,69.15,78.05,A
21,Engineering,6.4,75.95,59.39,53.98,85.81,63.14,59.8,58.63,65.46,D
21,Engineering,4.0,55.62,37.64,53.84,72.1,77.53,51.7,89.53,62.25,F
20,Engineering,4.2,98.41,92.78,62.17,67.38,73.76,99.8,65.13,76.97,B
24,CS,5.5,78.29,67.16,70.83,66.14,81.67,75.6,89.38,76.1,B
24,Mathematics,1.5,88.92,67.01,66.2,43.64,71.23,76.6,98.92,68.79,C
19,Business,3.1,63.01,66.63,81.74,73.89,74.03,50.7,54.5,72.11,C
19,Engineering,6.9,70.41,62.5,100.0,84.61,81.64,82.9,97.89,88.97,A
18,CS,5.6,47.59,64.99,63.97,81.03,55.18,47.9,100.0,70.21,C
21,CS,6.4,70.55,59.57,88.56,89.75,100.0,75.9,72.29,84.96,A
20,Engineering,3.4,81.01,76.07,55.12,83.66,68.2,47.1,85.77,69.52,C
24,Business,1.7,94.78,85.25,47.65,90.66,62.58,37.8,78.54,66.82,D
23,Engineering,5.8,84.17,45.09,75.01,81.14,70.39,68.3,90.61,73.04,B
21,Engineering,7.4,82.74,40.8,65.49,94.2,72.07,91.7,83.78,74.0,B
21,CS,3.6,69.12,47.61,63.55,57.73,73.27,65.6,67.07,63.3,F
24,Engineering,1.6,77.29,78.72,69.4,99.92,80.22,48.0,69.66,76.15,B
20,Engineering,4.9,100.0,54.01,63.32,61.55,72.36,61.0,83.39,66.77,D
21,Engineering,3.3,67.37,73.27,43.72,66.31,72.94,55.1,87.16,64.53,D
19,Engineering,5.9,68.96,88.77,70.32,83.46,79.86,67.9,65.94,79.68,A
23,Business,6.2,77.83,61.48,49.21,76.58,73.27,59.9,63.93,65.02,D
20,Business,4.0,76.69,68.28,57.59,74.98,56.3,85.5,74.64,68.64,C
24,Business,4.0,68.55,74.73,75.9,73.06,67.53,85.3,58.48,75.18,B
23,Engineering,3.8,95.32,44.42,77.43,57.67,65.12,81.8,60.37,66.65,D
21,Mathematics,4.5,75.64,34.19,98.37,81.81,74.8,46.2,80.62,74.77,B
21,CS,6.1,87.02,67.99,58.54,91.22,100.0,66.7,81.75,77.74,A
23,Engineering,4.5,76.31,72.08,54.31,68.78,68.36,78.2,84.82,69.83,C
18,Mathematics,4.0,90.43,72.13,71.08,95.49,70.49,84.3,64.43,77.52,A
24,CS,1.4,88.65,71.6,42.53,56.02,79.59,96.7,49.89,62.78,F
20,Business,5.9,82.03,100.0,59.74,78.98,60.66,65.5,80.68,76.44,B
20,CS,2.5,75.29,65.21,69.92,79.66,74.67,69.1,51.53,70.48,C
21,Business,3.2,76.6,45.29,52.29,95.45,77.76,66.8,53.58,64.36,D
19,CS,3.8,69.95,97.44,63.13,79.31,69.84,63.1,44.65,73.47,B
24,Engineering,3.9,94.85,86.63,49.75,79.21,69.22,49.2,40.64,65.45,D
21,Engineering,5.6,85.85,69.27,48.68,70.57,69.81,47.6,65.4,63.61,D
21,Mathematics,2.5,74.5,62.64,55.97,85.14,74.17,92.1,79.49,71.62,C
24,Business,4.5,74.83,64.84,84.14,80.58,79.57,55.6,81.28,78.17,A
21,Engineering,4.6,78.89,54.38,69.26,49.29,67.58,64.8,64.53,64.42,D
18,CS,6.5,90.29,62.01,47.6,82.03,51.43,55.2,78.36,63.31,F
18,Business,5.9,77.27,74.0,56.58,50.7,72.06,53.2,37.17,62.18,F
22,CS,3.4,73.53,55.23,52.82,50.28,76.12,69.8,61.05,60.64,F
24,CS,3.9,85.51,76.54,94.19,75.44,48.82,97.0,54.81,79.33,A
21,CS,2.3,68.42,56.98,67.95,99.08,89.27,63.3,81.32,75.65,B
20,CS,4.8,90.32,43.0,54.94,54.6,77.96,78.3,76.62,62.86,F
19,Mathematics,2.1,100.0,86.85,63.6,91.39,82.12,65.2,91.3,79.18,A
23,CS,5.3,100.0,55.55,62.64,55.78,75.26,75.3,61.83,65.92,D
23,CS,3.3,81.91,63.72,94.72,68.43,44.88,100.0,98.7,79.68,A
20,Business,1.6,75.94,53.18,73.93,68.48,70.14,81.2,79.4,70.47,C
22,Mathematics,5.7,62.17,51.51,39.12,71.02,60.42,71.7,72.21,59.0,F
19,CS,3.0,60.31,45.87,99.81,52.48,84.74,82.4,81.18,77.56,A
23,CS,7.5,72.44,64.82,65.01,53.94,63.61,78.0,84.15,70.06,C
22,CS,4.6,72.44,58.41,43.12,83.35,76.58,66.5,79.91,65.55,D
24,Business,3.7,71.55,47.78,58.85,68.5,62.86,92.2,84.31,66.42,D
19,Engineering,5.1,84.34,49.13,47.03,80.0,95.23,72.2,57.22,65.71,D
19,Business,2.3,79.97,67.24,42.1,81.51,80.67,66.5,31.37,61.34,F
23,Engineering,3.3,69.27,54.3,43.38,54.75,81.32,83.8,61.9,60.5,F
18,Business,3.0,87.41,75.53,64.34,99.08,73.06,88.0,94.81,80.01,A
21,Business,5.3,80.0,76.24,69.13,60.53,86.89,55.2,68.7,73.14,B
18,Mathematics,5.5,90.68,75.98,64.78,91.18,56.53,75.2,95.52,76.61,B
21,Mathematics,6.9,80.55,84.55,61.99,56.94,82.38,67.3,96.55,76.24,B
20,Engineering,3.8,99.31,53.59,51.42,72.16,74.24,76.2,75.25,65.15,D
20,Business,4.9,84.92,38.61,95.26,81.06,74.66,58.7,100.0,77.98,A
21,CS,4.1,95.16,60.13,36.36,49.92,58.95,61.0,98.35,57.25,F
22,CS,4.4,85.0,57.3,77.51,49.35,83.5,85.6,80.3,73.43,B
24,Engineering,3.6,69.5,80.11,62.67,83.82,77.22,82.2,62.02,75.2,B
21,CS,6.0,84.73,32.73,68.4,84.59,60.57,84.8,83.16,68.64,C
20,Business,3.1,76.0,66.03,64.46,71.77,73.1,75.1,93.7,72.7,C
21,Mathematics,5.7,74.46,39.94,55.21,94.47,50.45,73.5,70.01,63.49,D
18,CS,4.7,81.23,76.97,48.66,89.07,41.02,96.3,83.29,69.81,C
23,Business,3.3,71.86,63.71,90.19,72.36,55.2,71.9,87.94,76.57,B
24,Engineering,5.2,93.22,74.41,69.57,71.15,79.28,72.6,100.0,78.18,A
24,Business,4.8,74.22,74.79,34.22,62.16,84.05,65.0,100.0,66.06,D
21,CS,1.8,97.36,67.15,76.66,75.47,81.61,71.9,66.74,74.75,B
22,CS,4.6,92.23,33.31,61.56,79.74,62.21,50.2,83.58,62.1,F
24,Engineering,3.5,87.61,57.11,61.95,72.4,54.93,85.3,82.18,67.6,D
24,Business,7.1,73.01,63.32,65.53,54.33,85.76,80.9,93.08,74.28,B
23,Engineering,5.1,68.76,53.61,54.49,70.61,62.71,86.1,55.16,63.74,D
22,Engineering,2.6,65.68,76.23,71.27,84.78,56.02,100.0,65.5,75.6,B
20,CS,2.1,87.1,72.31,67.27,69.19,91.9,100.0,75.36,77.39,A
23,CS,4.2,92.72,57.08,38.3,72.23,69.84,67.6,65.15,59.59,F
19,Engineering,2.4,86.29,68.63,45.03,73.78,93.54,33.9,82.02,65.12,D
23,Mathematics,1.2,76.98,88.66,48.93,73.14,84.21,64.4,53.2,68.37,D
23,Engineering,4.0,79.01,57.46,88.48,86.08,71.43,47.1,89.36,77.31,A
23,CS,3.1,78.84,80.33,37.4,73.36,68.6,75.4,87.93,66.46,D
22,Engineering,5.5,82.57,77.19,56.1,83.42,76.45,77.4,77.15,74.45,B
19,CS,5.3,100.0,53.95,65.26,76.66,54.79,86.4,69.13,68.29,D
21,Engineering,5.6,76.12,77.06,98.12,67.88,85.75,56.5,89.19,85.26,A
23,Business,4.2,79.13,44.59,58.44,62.41,82.13,72.6,82.11,65.7,D
20,Mathematics,7.5,88.17,63.22,83.52,79.7,71.08,69.9,59.65,77.02,B
21,Engineering,8.7,80.74,100.0,65.64,58.03,89.63,75.2,65.95,80.31,A
20,CS,2.9,59.93,63.79,44.54,91.62,56.74,100.0,83.94,68.22,D
18,Business,3.9,88.18,84.61,80.66,57.95,59.07,41.0,71.5,71.87,C
21,CS,3.4,73.63,73.75,38.54,48.91,67.81,41.9,82.87,58.0,F
22,Business,3.0,89.32,85.74,62.13,68.57,75.21,77.3,55.03,72.09,C
20,Engineering,4.4,67.37,72.05,58.95,97.37,77.63,47.1,72.63,72.52,C
19,Business,5.9,71.24,75.13,67.1,78.26,68.92,83.2,84.81,76.98,B
20,Engineering,8.6,78.89,59.7,53.93,67.96,67.99,83.0,79.89,69.1,C
24,Business,0.9,60.55,61.1,64.26,88.23,71.09,43.7,88.79,69.1,C
18,CS,4.2,76.56,70.39,57.21,86.19,67.97,81.5,52.5,69.86,C
21,Mathematics,3.4,80.34,57.66,63.02,87.67,77.16,83.3,97.62,74.95,B
18,CS,5.3,88.81,76.35,80.79,78.49,59.66,43.1,58.2,73.01,B
19,Business,4.1,75.17,42.34,87.86,96.88,62.76,85.3,68.86,76.24,B
22,CS,3.1,93.29,89.22,36.79,81.74,54.22,86.7,53.82,64.88,D
20,CS,5.8,82.64,62.91,82.92,54.04,54.4,89.1,82.93,73.83,B
22,Mathematics,5.9,96.04,60.83,43.58,96.43,77.14,60.6,67.91,67.08,D
22,Business,2.8,94.73,62.76,53.4,89.0,51.16,71.1,68.19,64.92,D
21,Mathematics,3.4,77.57,80.42,78.23,82.39,63.23,83.2,88.68,80.28,A
20,CS,2.9,77.59,63.35,82.9,77.84,76.07,39.0,92.73,75.25,B
23,Mathematics,0.4,66.53,41.99,77.01,83.79,72.14,61.3,89.15,70.14,C
20,Engineering,6.2,60.22,74.48,66.66,69.35,90.13,60.4,89.43,76.9,B
19,Engineering,4.4,71.99,68.2,72.17,76.41,71.09,81.1,86.1,76.34,B
18,Engineering,7.7,90.02,79.25,44.74,58.78,87.66,88.4,64.45,70.37,C
20,Engineering,3.4,94.16,47.3,51.66,75.38,100.0,50.5,86.25,66.64,D
20,CS,3.8,86.46,62.43,67.42,45.54,81.56,65.6,69.67,67.2,D
20,Business,2.1,67.16,69.79,53.39,50.5,79.49,78.4,74.78,65.84,D
24,Engineering,5.4,59.65,41.39,50.31,75.83,59.19,67.5,76.65,60.74,F
24,CS,6.7,80.87,92.12,75.81,87.53,79.8,72.3,77.86,84.63,A
18,Engineering,8.2,72.89,56.54,28.16,65.45,85.15,79.6,79.89,62.4,F
24,Business,2.4,96.17,63.15,80.35,61.54,88.61,48.7,91.14,74.44,B
18,Business,4.8,76.7,71.15,93.96,73.26,77.02,87.8,48.96,81.04,A
19,Engineering,4.7,64.91,53.82,72.9,62.53,68.03,54.2,87.64,68.75,C
19,CS,2.8,83.49,46.56,64.25,80.19,65.98,71.7,62.81,65.36,D
21,Business,3.6,73.15,71.0,78.4,74.42,46.28,65.3,47.74,68.93,C
24,CS,5.6,62.85,69.3,50.46,67.33,89.8,60.9,87.15,70.17,C
24,Business,6.4,74.25,77.8,42.29,82.92,52.62,97.4,87.09,70.23,C
22,Mathematics,5.3,81.27,80.05,72.7,90.7,48.49,50.1,67.37,73.1,B
24,Engineering,3.2,80.57,55.74,52.17,73.75,75.53,100.0,66.24,67.41,D
24,Engineering,5.2,63.41,48.13,60.14,75.77,74.24,69.4,52.82,64.99,D
19,Mathematics,6.1,81.76,60.54,48.51,95.58,63.92,68.8,86.46,69.16,C
20,Business,1.9,76.63,54.58,61.52,66.42,74.34,42.4,70.9,62.77,F
21,Business,7.9,86.05,52.33,70.12,78.76,94.52,82.9,61.53,75.89,B
19,Business,2.4,75.22,57.77,68.62,78.05,71.52,100.0,81.08,73.88,B
22,Business,1.9,77.86,48.85,57.51,75.71,97.05,86.9,72.59,69.84,C
22,Business,7.7,64.33,61.2,42.03,91.99,72.26,69.8,68.52,67.17,D
21,CS,1.3,75.94,70.44,54.49,50.27,100.0,54.2,51.99,64.24,D
21,Mathematics,3.6,88.38,71.86,56.63,76.94,64.46,55.7,67.2,66.66,D
22,CS,7.5,79.71,81.32,77.24,90.52,75.12,90.8,66.81,83.79,A
20,Business,4.9,80.62,87.74,74.33,79.94,70.05,68.2,88.55,80.47,A
21,CS,1.9,92.56,57.7,56.19,71.11,70.38,64.3,70.16,64.02,D
19,Business,5.8,71.29,56.1,77.13,66.65,55.39,85.0,100.0,74.07,B
21,Mathematics,2.4,86.37,45.28,46.11,88.41,58.88,48.0,90.7,60.05,F
24,Mathematics,5.8,78.62,99.88,27.58,75.74,79.38,24.3,94.72,66.32,D
21,CS,4.7,91.66,49.96,59.81,56.48,85.34,100.0,82.33,69.79,C
20,CS,7.8,69.93,64.27,69.96,62.93,64.25,58.9,78.46,70.56,C
24,Business,4.6,86.29,50.34,57.79,74.53,76.05,87.4,71.31,68.16,D
23,CS,5.2,85.94,63.88,63.04,91.0,69.34,79.0,82.85,74.52,B
22,CS,3.6,96.35,46.53,82.63,100.0,77.16,63.3,83.3,77.13,A
23,Engineering,2.4,56.21,99.15,53.77,66.43,71.58,52.7,46.82,67.81,D
18,CS,6.1,67.58,51.32,58.05,94.01,64.86,61.8,84.6,69.2,C
22,Business,2.9,87.67,59.31,53.03,73.09,44.53,82.5,81.41,63.26,F
18,Business,4.9,82.81,60.86,52.41,55.72,41.83,66.2,71.21,58.72,F
21,Business,4.5,82.02,44.17,91.81,86.57,64.91,68.1,70.1,75.17,B
22,Business,5.5,70.55,52.57,71.68,77.04,40.7,60.8,58.5,64.36,D
24,Mathematics,1.8,96.22,80.64,70.24,70.11,85.54,51.9,61.6,72.8,B
23,Engineering,4.3,67.79,74.36,75.44,84.52,54.91,96.5,88.13,79.03,A
22,Mathematics,4.3,78.82,52.84,100.0,81.05,80.77,49.7,61.16,78.08,A
24,CS,4.7,55.53,69.79,60.58,58.6,61.46,60.0,73.68,65.86,D
18,Mathematics,8.2,82.8,62.67,66.13,60.89,76.38,58.3,41.56,67.05,D
19,CS,5.8,77.59,84.32,68.42,76.51,66.83,85.8,66.45,77.02,B
24,CS,0.1,100.0,51.25,89.66,84.33,53.36,45.4,61.11,68.5,C
24,CS,4.8,95.31,76.64,48.34,100.0,68.83,55.8,59.02,69.04,C
20,Mathematics,6.8,67.88,75.43,41.88,82.59,82.45,39.7,61.78,65.95,D
20,Business,3.1,88.66,73.75,68.33,75.09,34.75,100.0,84.66,71.74,C
24,Engineering,5.1,91.68,75.62,53.72,67.21,86.4,56.6,90.22,71.51,C
24,Engineering,7.4,88.81,57.23,56.07,77.79,85.55,72.1,76.46,71.32,C
23,Business,3.6,69.76,72.91,64.39,85.65,53.33,59.8,90.36,71.56,C
20,Business,5.7,99.97,37.55,35.56,67.58,60.31,77.5,100.0,57.96,F
19,Engineering,5.1,64.3,48.42,63.82,74.79,68.72,88.2,63.27,68.05,D
22,Engineering,4.8,99.95,26.7,72.8,92.29,62.04,82.6,57.1,66.7,D
18,CS,3.6,69.85,66.21,99.27,41.03,66.0,40.1,53.44,70.23,C
20,Business,4.1,87.44,58.57,74.33,89.75,53.18,68.4,78.14,72.16,C
24,Mathematics,8.1,69.64,71.46,64.95,74.09,66.17,67.9,90.25,74.68,B
18,Engineering,4.9,86.13,58.11,82.32,88.06,71.76,43.8,78.89,75.01,B
21,Business,3.2,98.3,90.49,72.35,70.34,62.99,57.8,61.23,73.31,B
20,Business,3.8,75.23,69.64,63.81,77.64,76.8,60.6,100.0,74.2,B
18,Business,4.9,91.1,81.0,62.97,62.38,83.08,72.5,88.89,75.5,B
23,Engineering,5.9,61.39,82.17,77.81,65.62,58.4,81.9,62.37,75.76,B
24,Business,3.3,84.64,93.62,62.75,83.79,64.17,66.9,64.09,74.49,B
19,CS,6.8,65.51,76.32,76.42,73.53,59.76,63.5,72.39,75.17,B
22,CS,2.7,81.8,19.32,44.09,91.98,78.51,73.3,82.5,59.59,F
21,CS,2.5,78.98,53.14,70.23,77.16,100.0,60.5,59.47,71.52,C
18,Engineering,4.7,88.56,75.08,100.0,66.27,91.31,70.9,65.13,84.61,A
18,Mathematics,6.4,90.39,66.93,80.42,68.45,81.81,80.1,59.02,77.16,A
22,Mathematics,7.3,69.94,84.57,37.69,47.17,69.78,60.9,85.91,64.09,D
21,Engineering,1.4,51.63,74.3,51.05,63.41,66.2,100.0,59.04,66.22,D
20,CS,3.0,91.27,93.27,48.49,65.52,81.16,65.6,64.4,69.7,C
24,Business,4.0,89.89,69.38,22.17,71.67,78.03,69.3,66.84,58.6,F
23,CS,5.6,80.39,71.68,72.26,61.4,73.71,47.5,68.23,70.65,C
22,Business,6.0,84.0,74.73,75.43,65.42,66.9,72.9,78.25,75.54,B
22,Engineering,7.2,74.52,58.08,60.15,92.22,77.91,94.5,48.08,73.04,B
19,CS,5.9,85.45,65.69,64.23,72.09,58.04,75.5,79.85,70.41,C
24,Business,6.2,70.23,64.04,71.99,75.51,50.9,82.2,67.26,71.41,C
20,Mathematics,3.8,66.66,60.04,67.92,84.15,58.19,91.0,97.81,74.52,B
21,CS,4.2,75.25,63.5,76.55,54.21,82.44,73.1,75.65,73.14,B
22,Engineering,4.2,92.91,55.16,84.72,62.53,61.9,84.6,77.1,73.38,B
23,CS,3.6,98.97,65.86,75.74,67.12,69.66,50.1,84.96,71.72,C
18,Mathematics,3.8,57.54,38.9,100.0,85.71,51.75,76.1,83.75,76.28,B
20,Business,6.3,52.41,80.09,49.45,87.03,75.08,100.0,57.03,74.02,B
21,Business,4.3,50.42,55.78,69.39,88.47,62.72,95.3,94.68,75.8,B
20,Engineering,3.4,67.33,69.45,84.5,68.54,84.12,52.4,90.26,78.1,A
24,Engineering,5.1,100.0,52.47,40.53,100.0,65.39,57.1,88.33,64.55,D
23,Business,6.4,81.17,29.52,76.58,97.71,72.14,56.1,81.11,71.28,C
20,Business,8.1,85.01,55.73,74.5,78.82,76.56,100.0,68.03,77.66,A
21,CS,4.7,86.33,78.94,77.8,86.19,74.36,73.4,56.28,78.53,A
18,Engineering,2.1,57.24,63.89,29.94,70.06,76.7,44.3,78.34,57.09,F
22,Engineering,7.1,70.21,73.59,94.49,87.35,72.78,40.9,65.33,81.26,A
22,CS,1.6,86.55,53.57,49.17,73.98,97.47,100.0,83.1,70.29,C
21,Engineering,0.2,80.21,77.31,61.5,61.14,62.57,55.4,100.0,68.11,D
21,Engineering,7.7,76.43,55.82,78.25,88.34,66.35,96.2,61.7,77.48,A
24,CS,3.4,84.9,81.29,67.84,70.58,69.57,93.0,67.81,75.41,B
20,Business,6.2,79.85,48.78,52.43,97.73,85.7,65.5,80.74,70.72,C
19,Business,3.4,86.75,67.63,53.55,70.01,64.28,80.1,76.79,67.12,D
19,Business,1.4,47.25,65.53,67.0,99.38,74.04,45.3,66.36,71.09,C
19,Engineering,4.9,78.09,71.64,64.3,70.17,90.85,92.2,59.5,75.39,B
19,Engineering,1.9,69.42,57.91,76.5,50.63,75.13,97.1,77.31,71.79,C
19,Business,6.8,90.02,100.0,67.34,43.69,75.36,49.4,79.17,74.32,B
21,Mathematics,3.5,87.81,97.7,48.61,92.69,63.29,72.8,62.8,72.83,B
24,CS,3.3,64.46,55.51,61.41,88.49,91.45,59.3,84.23,72.52,C
22,Engineering,1.8,89.15,73.08,53.15,61.53,58.19,56.1,81.81,63.21,F
23,Business,4.5,73.88,86.95,36.53,82.27,69.71,79.2,78.7,69.19,C
24,Business,5.9,76.45,70.3,54.22,93.44,91.58,100.0,79.99,79.03,A
23,CS,4.0,80.03,35.34,65.91,67.94,40.78,73.6,81.42,60.65,F
18,CS,4.3,68.85,71.55,46.55,62.46,69.84,68.2,52.57,62.35,F
19,Engineering,4.0,86.21,55.15,74.24,73.13,59.78,58.1,88.24,69.87,C
19,CS,4.5,100.0,72.57,55.04,54.48,72.65,32.8,51.79,60.8,F
21,Engineering,3.2,89.53,68.96,61.53,56.71,60.85,93.8,69.85,67.85,D
20,CS,5.2,71.03,73.01,66.7,87.95,43.6,66.1,99.1,73.46,B
24,CS,1.9,95.82,54.78,76.58,75.82,43.27,81.1,75.73,68.43,D
19,Business,4.9,80.58,52.98,69.27,81.16,78.61,79.0,68.93,72.59,C
18,Mathematics,6.1,65.53,63.64,41.53,66.73,89.46,67.2,92.29,67.61,D
18,Engineering,2.8,92.83,58.22,57.77,77.58,79.02,76.0,61.37,67.6,D
22,Business,3.1,81.37,66.17,55.93,85.05,68.81,72.7,94.32,71.34,C
19,Mathematics,5.5,57.0,56.46,68.27,64.27,71.34,91.7,41.91,68.23,D
22,Business,3.6,85.56,53.91,70.97,74.19,72.6,99.0,71.8,72.97,B
22,CS,4.6,70.19,69.51,77.94,100.0,71.93,56.7,82.42,79.29,A
23,Engineering,7.0,73.22,60.4,72.72,77.44,58.01,51.6,75.12,70.39,C
19,Engineering,2.4,83.47,96.61,56.7,84.41,98.83,50.6,73.6,77.44,A
22,Business,1.5,68.22,65.97,64.85,86.87,84.65,74.9,65.09,73.13,B
24,Engineering,0.8,78.68,98.14,57.29,81.42,77.35,60.1,74.57,74.5,B
23,Business,3.8,86.2,60.21,78.37,87.94,68.33,63.0,99.44,77.14,A
24,Business,2.1,94.0,88.27,76.13,88.72,71.94,43.3,64.95,76.47,B
24,Mathematics,3.0,68.06,69.71,64.12,62.02,86.7,66.2,78.29,71.44,C
19,Business,3.3,91.11,68.64,79.18,88.75,60.66,54.5,93.06,76.3,B
22,CS,6.4,89.86,66.94,40.12,46.72,63.04,45.6,73.28,56.98,F
19,Mathematics,5.1,95.24,57.45,69.94,69.25,67.13,100.0,100.0,75.48,B
23,CS,4.8,71.54,94.42,28.34,51.92,56.84,44.0,48.98,55.4,F
20,Engineering,7.3,79.37,91.62,86.24,92.13,67.14,91.4,90.69,89.95,A
23,Engineering,5.7,76.76,54.49,78.01,72.52,64.32,82.4,78.89,73.81,B
20,Engineering,3.5,78.59,93.99,51.95,61.93,76.92,100.0,95.64,76.52,B
22,Engineering,2.7,70.27,43.05,48.45,90.52,89.13,66.6,65.95,64.7,D
24,Business,3.9,75.73,58.56,67.07,62.05,40.35,66.0,77.66,63.51,D
22,CS,6.5,85.28,68.68,65.46,48.67,75.12,68.6,48.54,66.91,D
21,Business,5.9,71.68,62.37,59.37,90.84,78.4,54.5,51.7,69.24,C
18,Business,3.7,61.55,70.95,31.58,69.18,61.31,68.8,70.44,59.01,F
19,Engineering,3.5,88.71,77.8,75.61,82.53,85.81,45.7,77.49,77.56,A
21,Business,3.7,78.48,73.93,52.0,91.08,70.65,70.3,58.21,69.35,C
19,CS,4.0,80.28,45.81,18.5,88.65,80.34,81.0,97.64,59.92,F
20,Business,5.2,81.3,60.91,67.25,68.36,79.21,65.7,53.93,69.06,C
18,CS,5.4,93.97,62.31,79.36,61.09,78.29,94.2,90.69,78.37,A
19,Business,7.3,75.5,73.55,61.79,97.46,65.29,91.8,93.52,79.84,A
22,Business,6.8,89.97,64.38,51.64,92.74,90.51,77.8,88.58,75.89,B
20,Engineering,5.4,74.48,70.44,66.84,87.68,60.71,58.5,75.01,72.45,C
24,Business,3.1,94.57,44.73,47.39,83.06,75.27,31.4,75.07,59.11,F
22,CS,2.9,78.59,74.38,75.67,92.69,58.2,80.5,76.64,77.37,A
19,CS,1.8,64.89,73.36,80.22,71.75,89.56,64.0,86.94,78.93,A
19,Business,4.7,80.16,67.48,61.06,54.28,59.76,58.2,58.86,62.98,F
20,CS,3.4,84.06,75.07,45.59,66.6,71.47,100.0,71.97,68.3,D
18,Mathematics,5.1,59.49,50.92,50.9,72.81,89.03,52.4,55.38,63.06,F
22,Engineering,2.7,88.46,54.42,47.51,87.14,80.3,81.9,92.55,69.05,C
22,Business,3.6,86.7,64.59,66.58,71.95,59.43,53.7,67.82,66.55,D
18,Business,6.0,88.85,52.53,70.6,100.0,78.03,76.6,77.38,76.79,B
21,Engineering,4.9,69.36,80.31,64.57,64.58,71.98,72.8,72.93,72.94,B
19,Engineering,4.4,90.46,77.61,72.76,79.41,65.92,96.1,52.04,76.16,B
19,CS,4.5,76.61,57.26,85.37,56.85,81.19,60.1,86.38,74.67,B
22,Business,6.8,83.61,73.49,56.24,62.4,63.57,81.8,81.54,70.2,C
22,Mathematics,3.6,75.2,83.16,47.93,70.49,78.81,41.1,69.78,66.29,D
20,CS,0.0,82.66,46.67,56.94,65.29,67.0,75.7,74.69,61.3,F
18,Business,3.4,82.1,50.25,61.16,84.99,86.62,67.6,62.02,68.8,C
23,Business,6.3,75.72,84.45,62.56,84.14,68.91,40.2,88.4,74.63,B
22,CS,6.4,83.82,47.43,59.35,61.66,67.34,94.0,90.55,68.3,D
20,CS,3.7,72.38,70.28,69.46,85.21,66.22,89.9,85.59,77.01,B
22,Business,5.0,68.27,60.2,77.53,86.76,86.69,76.8,81.54,79.65,A
20,CS,4.6,72.53,55.31,55.22,96.49,73.52,47.4,81.67,68.34,D
23,Mathematics,7.4,81.27,64.18,52.91,62.49,76.0,52.1,79.67,66.36,D
22,Business,5.6,67.73,62.07,59.56,95.05,69.35,84.5,59.13,72.1,C
22,CS,3.9,74.36,58.29,43.12,65.45,64.54,28.8,67.22,55.64,F
24,Business,3.6,86.96,85.54,86.71,78.87,60.4,75.6,78.55,81.23,A
19,CS,5.1,83.75,100.0,83.57,61.7,75.64,88.2,82.68,85.31,A
23,Engineering,7.0,93.55,54.76,77.6,93.08,55.6,61.3,93.23,75.49,B
20,CS,3.0,71.9,85.09,58.4,92.66,68.79,88.6,60.17,75.13,B
22,Mathematics,0.8,62.55,55.27,61.01,81.39,53.3,57.1,47.41,60.41,F
23,Engineering,3.6,68.65,66.69,76.93,91.06,76.39,85.9,80.11,79.94,A
21,Engineering,2.8,88.97,44.62,75.19,61.68,57.89,57.2,83.11,64.85,D
24,CS,4.8,83.03,73.09,65.11,90.39,50.97,76.4,64.16,71.81,C
23,CS,2.3,94.34,57.47,36.76,53.84,70.91,71.7,96.29,59.18,F
21,Mathematics,6.6,79.48,51.18,74.18,70.65,79.8,47.5,65.52,69.66,C
24,Mathematics,3.6,74.14,49.34,44.42,73.35,57.75,36.2,83.68,56.65,F
22,Engineering,8.0,84.47,96.88,49.64,70.08,68.5,90.7,85.62,76.69,B
22,Engineering,3.9,93.73,82.39,14.23,80.24,62.49,95.3,78.24,61.46,F
19,CS,3.7,74.22,56.87,45.88,100.0,88.48,79.4,61.31,69.33,C
23,CS,1.4,89.03,83.19,74.23,71.06,69.72,75.2,71.47,75.39,B
18,Mathematics,5.9,89.86,81.95,37.88,75.08,38.11,73.7,50.55,60.11,F
19,Mathematics,5.1,92.32,56.41,76.17,64.71,64.34,69.1,73.49,70.3,C
19,CS,5.9,54.65,67.67,77.32,65.97,65.04,51.6,72.75,71.77,C
21,Engineering,3.9,89.4,65.12,37.18,86.61,49.17,54.4,87.74,60.71,F
21,Engineering,2.9,67.32,62.32,31.51,97.69,50.34,57.6,87.64,60.1,F
21,CS,6.3,67.37,63.18,52.98,68.88,68.96,100.0,54.15,67.77,D
18,CS,3.3,93.93,100.0,49.44,65.44,73.65,97.1,59.69,73.02,B
23,Business,6.3,91.58,83.22,60.58,74.77,67.24,65.3,97.67,75.57,B
24,Engineering,4.5,73.78,89.48,66.65,40.01,42.58,96.7,65.89,68.79,C
23,CS,4.4,72.37,30.35,68.47,94.61,56.53,75.5,46.06,63.64,D
19,CS,8.2,97.41,49.97,51.8,94.13,73.11,17.1,90.8,65.51,D
21,Business,7.0,87.03,54.46,67.93,69.37,68.32,65.3,69.41,68.9,C
23,Mathematics,1.2,80.09,67.91,68.37,57.83,65.91,79.9,67.48,67.99,D
21,Engineering,3.8,100.0,80.37,51.96,82.29,75.5,52.1,52.3,67.67,D
18,CS,8.0,78.83,70.47,69.71,63.58,74.23,65.2,54.93,71.69,C
18,Business,7.4,80.41,59.33,93.96,70.26,88.57,65.8,75.04,81.66,A
21,Mathematics,3.5,68.19,66.06,58.78,73.14,79.81,88.2,94.67,73.83,B
22,CS,1.4,78.29,56.94,84.0,97.35,67.53,61.3,80.01,76.15,B
23,Engineering,0.9,91.33,87.51,60.66,100.0,78.6,42.4,76.5,74.83,B
22,Engineering,3.9,93.86,64.8,56.69,86.41,66.08,100.0,82.57,73.05,B
23,Business,6.4,78.17,44.85,38.8,86.29,83.96,49.9,55.41,59.88,F
22,CS,2.1,73.62,80.32,97.41,100.0,48.63,92.4,84.41,86.31,A
24,Engineering,4.7,94.14,56.61,79.05,84.3,68.37,55.0,75.23,73.31,B
20,Mathematics,7.1,74.81,61.84,70.62,100.0,66.75,83.0,90.5,79.47,A
22,Business,2.6,68.32,43.72,54.66,72.22,63.94,68.6,76.1,61.34,F
24,Engineering,3.7,79.59,57.73,36.19,66.94,71.49,63.7,57.27,57.11,F
22,Engineering,2.6,80.78,71.72,74.44,66.66,48.2,68.8,70.38,69.12,C
21,CS,4.9,68.49,55.17,85.38,69.29,97.76,88.1,92.43,82.21,A
21,Mathematics,6.8,70.5,76.92,51.98,89.76,64.82,66.8,89.97,73.24,B
19,CS,4.4,87.53,58.26,45.84,87.7,72.3,98.2,88.43,70.27,C
19,Business,3.9,84.24,63.42,68.97,95.0,72.1,50.1,73.63,72.76,C
19,Mathematics,3.3,60.05,69.55,71.03,77.33,76.51,55.9,64.98,72.03,C
22,Business,2.7,100.0,66.97,55.03,58.25,58.02,87.2,87.58,66.17,D
23,CS,5.2,85.68,58.12,40.61,56.05,74.27,83.9,88.86,63.23,F
21,Business,5.5,65.47,56.81,78.82,91.82,77.63,38.2,97.92,76.79,B
18,Engineering,3.0,89.19,67.54,89.09,51.98,60.22,53.7,61.81,70.12,C
21,Business,5.7,83.67,79.13,67.98,79.13,87.4,72.1,73.13,78.57,A
19,Mathematics,2.9,65.91,68.03,68.02,85.14,53.04,29.0,76.63,66.75,D
18,Engineering,3.4,91.62,53.28,79.8,62.7,73.42,85.9,53.83,70.69,C
23,Engineering,7.0,84.85,52.97,47.65,64.27,63.43,100.0,68.81,64.42,D
20,CS,6.3,95.43,45.0,78.06,65.35,71.46,56.1,73.56,69.06,C
23,Engineering,8.3,69.34,63.77,67.58,51.98,76.68,87.3,84.5,73.66,B
23,Business,2.8,81.53,56.12,82.2,77.23,91.0,78.4,83.07,78.67,A
21,CS,7.9,85.25,77.76,62.26,72.31,56.92,95.8,80.79,75.22,B
22,Business,1.4,100.0,56.91,55.56,73.1,70.91,81.2,63.35,64.81,D
21,CS,7.2,84.58,56.75,59.22,75.71,84.96,72.4,70.83,71.14,C
24,Engineering,7.9,87.22,57.46,83.86,100.0,61.29,69.3,100.0,81.72,A
21,CS,4.7,78.23,74.48,85.39,70.22,94.21,80.8,58.04,81.41,A
22,Engineering,4.8,79.04,66.67,62.51,63.82,65.1,83.1,74.09,69.54,C
22,CS,2.8,80.27,82.51,49.34,92.47,51.82,92.1,75.16,71.07,C
23,Business,4.1,81.89,41.77,100.0,69.62,79.93,65.6,63.47,75.74,B
21,Engineering,6.7,74.26,48.02,65.51,61.48,90.92,67.9,55.02,67.76,D
18,CS,7.4,72.5,50.68,51.83,81.51,79.05,50.1,74.56,65.94,D
24,Business,3.7,89.47,60.05,36.67,75.46,68.18,66.1,85.09,61.53,F
22,Engineering,1.7,78.71,58.58,76.99,65.06,62.24,33.2,78.28,65.91,D
24,Engineering,3.2,66.25,58.63,88.02,64.61,68.56,68.8,64.7,73.06,B
21,Business,4.3,83.13,62.3,42.65,53.78,85.41,56.0,62.66,60.15,F
20,Business,5.6,96.67,59.23,61.44,86.54,100.0,77.0,77.03,76.46,B
23,Engineering,4.3,84.35,41.0,73.07,73.19,76.26,63.6,86.25,69.67,C
18,Business,8.2,70.73,52.52,77.58,69.82,63.2,57.1,64.53,69.99,C
20,CS,2.0,90.93,72.85,74.64,85.04,89.02,71.6,78.08,79.04,A
19,CS,2.5,74.78,90.33,65.23,79.14,74.06,100.0,56.27,77.49,A
24,Mathematics,2.0,92.11,58.14,47.75,97.23,91.99,76.8,81.64,71.18,C
20,Business,6.3,68.99,83.08,46.35,98.22,78.5,73.9,58.11,73.38,B
21,CS,2.3,54.94,55.9,95.9,82.59,75.62,98.7,74.89,82.19,A
21,Business,5.1,97.64,50.89,54.26,82.32,81.53,46.8,81.63,66.43,D
24,Business,6.2,98.14,59.0,53.95,72.66,83.44,82.3,54.6,68.19,D
18,CS,8.2,95.01,100.0,88.8,78.47,55.42,85.2,72.58,86.6,A
18,Business,2.7,77.77,67.21,58.51,89.8,70.62,70.5,56.51,69.11,C
18,Business,6.0,80.07,38.84,69.07,75.18,73.84,90.8,77.1,70.63,C
21,Business,1.5,80.2,49.05,52.15,64.81,64.94,33.0,74.07,56.37,F
24,CS,4.7,89.6,73.63,63.07,60.44,80.27,75.3,79.67,72.6,C
18,Engineering,2.2,80.68,63.36,68.65,89.52,86.3,100.0,96.91,80.43,A
23,Engineering,4.7,99.09,73.84,46.82,70.57,89.36,68.4,74.96,69.49,C
24,Business,3.7,90.3,81.76,53.25,54.22,90.47,93.8,86.95,73.96,B
20,Engineering,5.0,68.19,76.14,62.15,65.64,68.73,70.5,76.78,71.26,C
24,CS,3.7,86.46,66.22,56.59,49.51,38.74,38.1,83.61,57.48,F
20,Mathematics,3.5,75.47,67.54,33.54,66.56,90.34,83.2,92.39,66.41,D
23,CS,3.3,73.37,73.81,61.09,76.72,74.58,82.5,81.01,73.78,B
24,Business,3.9,78.77,50.83,63.26,81.48,69.79,98.2,72.32,70.84,C
23,CS,4.7,81.52,64.42,84.26,79.53,80.84,68.5,47.9,76.21,B
21,Engineering,4.2,61.97,53.93,73.14,58.18,48.4,74.9,40.32,62.34,F
20,CS,4.2,85.75,49.26,75.72,85.03,63.91,76.5,87.15,73.37,B
22,CS,4.3,70.36,53.22,53.64,73.71,71.94,71.1,68.76,64.72,D
19,CS,2.2,68.96,53.46,66.2,99.39,68.84,36.1,85.54,69.05,C
22,Business,2.7,67.24,50.99,66.43,61.71,72.2,53.1,64.88,63.36,D
24,Mathematics,4.8,81.04,60.21,78.57,43.6,81.85,53.5,78.85,70.07,C
21,Engineering,3.7,77.84,33.93,57.06,77.5,100.0,80.8,62.0,66.66,D
24,Mathematics,1.7,95.9,24.98,72.1,85.4,61.4,74.1,88.5,65.76,D
19,Mathematics,2.1,77.08,62.54,75.77,80.41,79.98,80.2,84.63,76.83,B
23,Engineering,7.6,87.26,51.88,100.0,78.36,70.75,73.3,73.07,81.18,A
18,CS,4.5,83.7,66.55,55.04,62.58,65.83,53.9,56.83,62.41,F
18,CS,5.8,86.41,27.47,54.39,60.74,72.15,54.8,52.19,55.34,F
19,Mathematics,5.9,81.98,67.53,100.0,59.12,64.49,59.7,84.22,79.39,A
22,CS,6.2,83.38,87.31,51.47,84.97,70.16,73.3,79.45,74.55,B
21,Business,4.8,73.25,61.95,52.71,81.92,69.94,87.8,66.58,68.82,C
21,Business,4.9,81.79,62.98,72.15,75.53,65.83,80.1,68.85,72.79,C
24,CS,3.4,73.03,42.16,91.65,61.18,72.12,78.1,77.98,73.23,B
22,Business,6.7,73.53,50.98,41.9,84.64,54.45,66.2,85.34,62.13,F
23,Mathematics,1.9,77.71,51.77,80.22,69.15,72.43,73.2,84.23,72.35,C
21,Business,2.3,86.62,79.01,59.4,55.23,54.9,78.1,100.0,69.1,C
19,Engineering,2.2,91.38,70.25,33.81,54.18,74.34,54.1,81.19,58.1,F
18,CS,3.3,87.73,83.78,85.59,77.96,52.48,100.0,75.96,81.24,A
19,CS,4.0,77.8,45.02,68.77,100.0,72.22,69.4,90.73,73.48,B
19,Mathematics,4.4,83.46,83.43,69.64,85.69,43.97,35.1,72.42,69.98,C
20,Business,4.6,94.9,87.69,72.6,92.5,64.41,87.0,63.44,80.2,A
23,CS,3.5,73.5,81.59,75.69,78.39,92.93,81.9,53.61,80.02,A
23,Business,7.2,73.48,70.55,54.47,63.73,45.7,62.6,72.95,64.02,D
22,CS,0.2,61.63,86.78,43.46,75.5,77.14,58.0,58.54,65.04,D
24,Mathematics,2.6,79.92,58.63,29.74,89.09,76.11,66.5,88.09,62.19,F
18,Engineering,3.0,90.31,81.73,70.13,77.07,82.83,55.0,58.64,74.23,B
21,Business,8.1,66.11,78.59,21.43,53.47,46.77,42.9,67.61,52.28,F
20,Business,5.7,77.24,53.43,40.32,65.87,85.55,57.3,69.31,61.01,F
21,Engineering,2.7,71.17,53.57,67.22,75.31,32.05,67.5,90.52,64.14,D
24,Business,5.0,78.55,70.43,82.08,82.68,100.0,63.9,88.14,83.82,A
24,Engineering,2.6,78.31,59.27,65.36,68.14,68.33,56.7,71.81,66.08,D
22,Business,5.7,80.66,66.42,57.02,82.52,51.85,96.7,100.0,73.07,B
20,CS,4.5,71.03,49.11,66.55,74.67,84.17,49.0,88.02,69.56,C
19,Engineering,6.9,66.31,73.9,25.74,69.57,40.94,52.9,82.27,56.05,F
21,CS,6.7,68.59,77.53,61.11,69.97,58.92,65.3,73.37,70.39,C
20,Business,4.2,100.0,87.67,43.8,62.87,56.29,45.2,71.81,62.35,F
24,CS,2.9,86.58,82.28,83.56,70.47,81.26,64.5,86.83,80.87,A
18,CS,4.8,94.63,79.29,57.2,81.79,97.46,31.1,90.83,74.5,B
19,CS,6.0,68.92,69.54,39.02,87.26,52.59,94.9,65.73,65.65,D
22,CS,1.3,86.67,58.56,72.53,74.55,64.94,63.1,83.67,69.72,C
18,CS,5.8,88.9,68.32,49.57,100.0,66.71,45.7,79.86,69.0,C
18,Engineering,4.4,85.67,69.27,51.95,57.29,62.01,29.9,69.21,59.44,F
19,CS,2.8,100.0,73.06,84.38,67.71,42.32,56.0,79.37,71.37,C
23,Business,3.4,74.92,61.72,51.52,82.19,65.4,90.6,69.59,67.66,D
20,CS,5.3,66.16,37.97,53.14,62.32,85.19,48.7,86.16,61.8,F
22,Mathematics,2.1,73.64,57.88,73.46,68.32,66.5,78.0,88.63,71.55,C
20,CS,4.7,77.02,68.14,77.05,63.95,70.91,51.3,50.52,69.5,C
23,CS,6.5,82.79,99.56,51.36,73.21,47.56,100.0,85.51,75.24,B
20,Business,3.9,79.61,78.56,80.45,83.74,75.9,67.8,79.04,80.43,A
19,Mathematics,3.2,96.54,67.63,75.76,84.21,85.55,100.0,75.67,80.88,A
21,CS,3.6,82.94,54.55,81.55,70.07,70.48,100.0,100.0,78.26,A
21,CS,7.0,100.0,59.64,79.44,76.58,58.56,80.9,91.96,76.82,B
22,Engineering,7.4,66.11,70.11,75.16,98.3,63.69,32.5,79.42,75.76,B
23,Business,3.7,81.35,71.13,47.42,80.15,69.6,97.0,87.74,71.24,C
24,Mathematics,7.2,59.63,100.0,69.24,76.47,64.28,80.3,50.22,78.54,A
21,Business,2.7,66.37,76.67,79.34,69.81,68.8,66.9,83.05,76.27,B
24,Mathematics,2.5,100.0,68.08,31.04,76.26,67.46,99.3,64.52,62.12,F
19,CS,5.4,79.06,61.19,66.37,39.19,73.58,50.7,81.46,64.98,D
19,CS,5.8,66.71,72.85,49.94,69.56,88.36,62.9,73.21,69.75,C
20,CS,4.6,87.63,49.31,31.07,59.18,79.84,71.9,96.76,59.2,F
22,Mathematics,4.5,95.49,92.07,69.21,77.25,69.26,90.7,65.86,79.06,A
24,CS,4.3,95.74,69.87,95.06,82.43,83.58,73.2,78.28,84.69,A
21,Business,2.9,95.73,60.31,48.31,48.5,62.17,60.0,88.6,59.47,F
20,CS,1.8,79.44,77.36,64.19,75.78,100.0,70.0,59.73,74.97,B
23,Business,5.5,82.53,70.18,46.38,78.32,73.86,75.4,73.31,68.4,D
20,Business,3.8,66.78,57.02,68.59,84.86,74.07,33.6,65.02,67.58,D
24,Engineering,2.1,87.51,53.34,55.26,86.92,81.16,63.8,49.38,64.83,D
21,Mathematics,1.6,96.14,71.38,79.85,79.26,77.63,60.2,62.33,74.82,B
19,Business,2.7,80.52,45.83,51.9,85.5,55.69,93.3,88.84,65.48,D
19,Engineering,2.8,94.81,60.57,63.94,93.67,41.79,49.6,71.51,65.13,D
24,CS,3.6,88.83,24.79,68.71,73.35,79.42,83.1,79.73,66.57,D
19,Business,7.6,67.46,75.92,53.74,71.75,71.22,49.7,91.68,70.69,C
19,CS,3.7,67.94,63.27,87.74,77.49,54.4,47.1,69.36,72.26,C
19,Business,4.8,72.26,64.5,44.22,81.99,79.17,92.2,85.22,70.48,C
24,CS,5.4,93.57,71.3,67.74,71.51,59.81,57.1,55.21,68.21,D
18,Business,6.2,81.49,63.88,57.81,72.35,78.13,57.5,82.01,69.74,C
20,Engineering,4.0,68.65,63.37,64.48,96.89,47.12,65.3,78.65,70.01,C
22,Business,2.4,81.0,69.32,90.05,68.92,87.96,55.7,78.87,79.07,A
24,CS,5.3,86.1,80.8,58.28,81.06,71.52,80.7,67.33,73.98,B
24,CS,2.9,76.73,71.98,64.18,87.1,67.44,90.0,70.57,74.34,B
20,Business,3.8,100.0,48.07,52.71,68.44,59.5,82.4,64.75,61.23,F
23,Business,2.9,90.9,52.04,36.9,87.69,79.02,58.5,99.72,63.76,D
23,Business,1.4,89.21,64.31,58.47,67.33,97.56,54.1,39.67,65.21,D
20,Mathematics,3.2,76.54,49.03,66.77,77.13,75.15,70.4,42.57,65.58,D
20,CS,5.8,91.46,77.5,43.62,81.69,76.41,53.6,89.8,69.54,C
20,Business,3.0,87.53,73.05,52.48,92.17,67.39,37.4,73.05,66.83,D
24,Business,6.3,66.1,58.55,59.98,70.06,66.09,78.2,88.68,69.96,C
19,Business,3.9,96.17,53.08,57.56,63.56,59.05,81.6,80.02,64.39,D
18,CS,3.2,98.34,79.26,38.37,94.12,71.68,38.2,82.3,65.88,D
22,CS,5.0,72.79,61.17,32.87,87.91,68.28,79.0,84.03,64.33,D
18,Mathematics,5.3,83.17,42.0,60.33,55.16,83.37,81.0,67.41,64.77,D
23,Mathematics,2.4,81.98,38.19,53.02,97.83,66.16,64.6,77.49,63.55,D
20,CS,4.2,92.42,54.37,76.36,91.51,69.44,45.2,78.47,72.39,C
22,Business,5.4,84.26,60.44,15.6,81.81,74.11,31.4,65.93,52.59,F
24,Business,2.1,77.27,66.3,54.23,92.14,86.84,65.9,89.77,72.99,B
23,CS,4.3,87.83,72.77,99.74,100.0,59.57,40.0,98.16,84.38,A
22,Engineering,2.6,81.6,87.39,53.99,69.45,67.26,47.2,81.76,68.38,D
21,Business,3.6,74.4,79.7,62.44,49.6,63.05,75.5,57.4,66.66,D
21,Engineering,4.8,90.1,58.02,88.34,80.3,94.9,86.2,87.26,84.13,A
23,Mathematics,6.9,86.07,46.34,40.28,86.26,58.56,65.0,66.51,59.68,F
21,Engineering,5.0,78.41,94.37,65.38,77.21,81.21,57.2,60.93,76.56,B
22,Business,5.3,81.72,48.05,67.15,76.25,49.81,86.4,79.14,67.87,D
18,Mathematics,5.9,62.96,66.67,74.86,61.71,77.89,60.1,83.04,74.0,B
22,CS,2.2,80.09,66.64,78.05,86.45,60.83,95.0,59.37,75.37,B
19,CS,4.0,69.86,56.01,70.5,61.46,79.58,87.3,71.13,71.35,C
24,Engineering,7.2,100.0,56.15,64.93,80.86,68.2,81.3,74.84,72.28,C
18,CS,4.2,82.86,83.85,35.13,75.71,54.11,83.8,87.06,65.97,D
23,Mathematics,5.2,79.2,67.88,67.88,59.5,80.14,58.1,82.68,71.56,C
22,Mathematics,5.5,72.26,63.71,73.5,81.93,72.97,100.0,48.9,75.67,B
19,Business,3.9,84.1,52.02,73.51,83.59,62.19,83.4,100.0,74.61,B
24,CS,6.2,75.72,80.89,100.0,84.01,89.57,71.3,89.52,91.4,A
21,CS,2.6,43.77,57.49,32.07,80.21,90.48,52.2,76.61,60.9,F
24,Engineering,3.6,88.99,66.41,64.5,72.09,88.15,78.4,88.98,75.21,B
20,Engineering,5.5,99.83,57.44,58.48,79.91,60.16,72.2,84.06,68.42,D
20,Mathematics,2.8,67.12,89.87,63.85,67.89,78.62,89.1,52.97,74.71,B
18,Business,4.6,80.17,86.86,50.95,77.79,67.27,82.1,54.58,70.38,C
20,Business,6.1,84.91,47.17,48.87,75.15,72.41,67.1,39.44,59.93,F
21,Mathematics,2.0,88.19,84.48,39.26,70.31,62.69,68.7,49.01,61.4,F
22,Mathematics,4.6,78.26,67.04,43.21,89.04,53.74,44.0,91.49,63.64,D
24,CS,2.8,81.08,82.37,71.07,69.94,57.01,85.5,71.17,73.9,B
21,Engineering,7.6,79.17,72.63,79.01,64.84,77.06,100.0,51.29,78.44,A
18,Business,4.6,76.19,58.5,61.63,72.9,83.52,28.6,49.07,63.72,D
22,CS,5.8,80.42,94.69,30.03,95.32,80.27,100.0,80.18,75.2,B
23,Mathematics,5.8,73.43,67.21,43.01,83.73,45.17,65.5,80.57,63.19,F
18,Engineering,7.4,85.98,66.35,70.25,84.18,60.18,54.9,70.12,72.2,C
22,Engineering,4.6,67.83,58.4,38.86,90.46,78.4,43.7,73.71,62.71,F
18,Engineering,5.2,88.62,74.5,26.74,69.3,60.73,59.3,61.12,57.07,F
23,CS,4.5,85.3,92.18,44.17,94.19,58.68,65.4,87.07,72.11,C
19,CS,3.4,80.45,20.94,90.36,75.52,62.05,85.5,51.71,67.35,D
23,CS,4.5,98.26,70.88,74.11,100.0,68.59,64.0,73.57,77.7,A
21,Engineering,2.8,70.89,52.82,73.04,86.13,49.74,100.0,63.98,70.65,C
22,CS,8.2,81.73,48.75,62.56,71.98,73.03,99.5,39.75,68.29,D
19,Engineering,7.0,73.42,52.92,38.04,64.15,73.3,58.6,60.88,58.06,F
24,Engineering,4.0,76.16,81.98,76.11,62.54,78.0,93.0,77.97,79.41,A
20,Mathematics,5.0,48.95,52.12,84.9,94.75,51.21,63.0,89.63,75.55,B
24,CS,0.6,76.47,41.64,34.08,79.51,81.99,42.0,64.09,53.69,F
22,Engineering,6.1,66.72,69.27,55.66,82.98,55.97,83.6,63.59,69.16,C
24,Business,2.8,95.3,40.29,65.9,62.79,89.44,73.5,70.82,66.49,D
22,CS,0.8,83.05,92.1,73.13,85.73,75.52,67.3,78.28,79.5,A
20,Business,6.4,87.25,52.56,66.7,97.67,76.89,38.1,90.92,72.81,B
23,CS,6.2,82.31,63.07,78.53,63.36,93.13,51.4,57.2,73.61,B
23,CS,5.9,87.61,47.08,63.15,84.23,59.99,77.7,84.64,69.18,C
24,CS,1.6,75.95,47.61,42.31,69.67,76.07,51.8,100.0,60.06,F
21,Engineering,4.2,61.23,44.82,39.14,41.49,58.81,67.4,73.75,51.97,F
18,Engineering,5.4,62.28,92.82,67.85,43.87,70.2,88.7,90.61,76.66,B
24,CS,1.9,85.37,53.47,27.59,82.11,72.45,70.4,48.84,55.03,F
21,Engineering,6.0,78.03,40.44,43.52,68.45,57.96,83.8,72.88,58.77,F
19,Mathematics,5.2,79.82,61.75,62.09,59.21,47.13,59.5,86.74,64.15,D
22,Engineering,3.4,72.56,42.24,61.17,93.93,90.3,56.2,80.26,69.78,C
23,Engineering,10.1,89.31,61.36,21.94,59.21,94.56,84.6,79.62,63.39,D
23,Mathematics,2.5,73.4,82.38,89.23,71.49,92.64,36.6,73.29,80.1,A
20,Mathematics,3.1,79.19,60.68,62.13,100.0,77.4,90.0,71.57,75.09,B
20,Engineering,3.0,73.42,83.42,17.65,91.7,67.41,88.5,75.68,63.76,D
18,Engineering,4.8,85.21,59.48,49.48,72.34,73.03,70.8,94.5,67.48,D
22,Mathematics,4.8,78.9,66.57,74.81,79.3,54.32,81.5,81.2,74.47,B
20,CS,5.8,73.88,47.19,66.93,81.75,53.34,75.3,83.13,68.52,C
22,Engineering,1.8,70.64,66.09,63.05,91.37,86.73,63.0,78.68,73.92,B
22,Engineering,6.4,77.41,72.42,34.35,69.67,57.0,100.0,69.73,63.96,D
23,Engineering,3.7,69.43,38.73,58.1,60.09,53.24,72.4,90.65,60.33,F
18,CS,2.9,91.87,71.87,68.49,50.01,51.26,63.9,70.53,65.0,D
19,Business,8.8,71.49,88.65,75.65,60.85,74.82,77.6,69.27,79.86,A
18,CS,6.0,90.27,70.53,33.03,78.68,42.97,74.7,66.4,59.37,F
21,Engineering,1.7,56.26,87.25,58.02,86.53,69.88,98.5,47.79,73.8,B
23,Engineering,2.8,71.21,63.5,53.92,92.73,47.32,40.2,71.49,62.45,F
19,CS,0.0,53.1,35.23,59.2,80.08,62.89,74.6,72.46,60.96,F
20,Engineering,5.0,75.22,67.95,47.17,66.11,87.07,78.2,66.76,67.71,D
19,Mathematics,3.7,93.47,43.43,52.53,100.0,59.11,77.7,73.41,65.27,D
18,Engineering,6.2,72.74,68.68,80.67,81.7,56.02,72.4,67.99,75.73,B
19,CS,7.4,79.3,69.6,54.16,83.06,61.01,72.9,79.68,70.74,C
19,Engineering,2.3,73.15,86.8,41.87,76.4,72.66,68.9,100.0,70.32,C
24,Engineering,4.0,74.63,41.33,75.01,51.82,72.81,75.8,60.39,65.08,D
20,Mathematics,4.2,66.87,51.46,66.94,47.96,74.41,95.8,84.54,68.86,C
22,Business,3.1,85.45,29.84,87.16,98.99,57.4,54.7,81.84,70.78,C
23,CS,5.0,86.46,94.11,58.93,79.24,56.83,36.2,66.52,69.68,C
19,Business,5.1,79.02,72.55,69.34,66.45,83.73,70.6,92.37,76.69,B
19,Business,5.8,100.0,79.36,55.25,51.8,89.82,70.3,88.23,72.44,C
20,CS,5.2,72.22,66.95,51.31,87.03,69.29,55.8,65.7,66.98,D
22,Mathematics,7.1,92.08,69.75,78.01,51.96,58.83,46.1,80.24,70.16,C
24,CS,4.6,78.09,69.03,64.53,50.1,54.56,85.5,78.1,67.52,D
20,Mathematics,3.0,85.38,83.74,36.99,87.32,94.31,51.7,84.58,70.22,C
24,CS,1.6,69.29,62.58,82.06,86.48,68.39,48.2,65.62,72.55,C
22,CS,4.2,96.0,71.22,57.84,80.98,63.57,64.1,58.49,67.64,D
20,Business,6.3,75.86,78.53,70.47,71.29,65.16,47.6,77.62,72.99,B
24,CS,2.0,70.13,31.6,71.4,70.23,63.98,80.4,77.46,64.66,D
24,CS,3.9,85.44,69.89,72.68,57.26,88.12,54.1,59.86,70.94,C
20,CS,2.6,77.18,78.47,63.8,83.22,74.17,55.2,78.89,73.15,B
23,Engineering,3.7,74.17,84.0,64.1,64.81,70.79,77.0,68.22,72.74,C
22,CS,3.9,72.69,63.89,61.85,56.87,80.23,92.6,73.44,70.45,C
19,Business,6.8,75.98,80.04,66.46,62.65,100.0,100.0,61.18,79.86,A
22,Business,4.9,100.0,64.64,87.81,61.98,71.36,59.4,83.29,75.99,B
21,CS,4.8,81.24,79.55,81.26,74.38,74.73,61.0,58.52,77.01,B
21,Business,7.1,74.97,69.41,68.76,61.88,63.8,79.5,64.69,71.33,C
21,CS,6.4,76.14,59.81,52.88,93.65,68.24,69.9,53.2,67.62,D
22,CS,5.4,81.93,58.29,57.52,81.17,73.37,79.8,55.8,68.36,D
21,CS,5.9,79.16,63.88,55.97,74.25,64.83,59.1,81.37,67.43,D
23,CS,3.4,82.18,61.49,52.43,77.69,76.17,45.3,60.46,63.38,D
23,Business,2.3,75.42,63.32,58.97,69.46,59.97,100.0,70.22,67.94,D
19,Business,3.6,73.87,66.62,48.08,81.86,33.33,82.8,36.22,58.73,F
22,CS,6.6,75.48,72.0,53.35,75.98,71.96,87.0,48.05,69.4,C
20,Business,3.4,69.77,66.28,62.8,58.92,79.54,60.7,69.71,67.61,D
18,Mathematics,3.4,77.54,66.98,49.24,55.48,80.14,80.7,66.76,64.96,D
20,Business,5.0,89.57,57.18,76.35,84.33,91.47,74.1,93.6,79.98,A
20,Engineering,4.5,100.0,59.01,73.16,87.53,80.16,83.0,60.47,75.5,B
21,Business,2.1,87.0,64.56,67.04,94.16,57.78,94.7,77.67,74.1,B
24,CS,2.2,67.87,70.54,50.61,72.05,66.37,48.9,90.78,65.12,D
19,CS,3.4,65.27,49.25,86.6,58.88,53.9,62.7,89.12,69.63,C
20,Business,1.6,64.86,40.36,77.82,93.24,51.87,84.7,96.45,72.1,C
20,Business,9.7,80.64,56.6,65.19,78.46,63.53,100.0,66.64,73.69,B
22,CS,3.1,74.29,53.59,61.95,72.82,72.48,29.9,60.31,61.67,F
21,Mathematics,5.9,85.2,71.97,52.1,57.0,65.32,70.9,66.85,65.1,D
20,Engineering,4.5,88.25,51.58,65.8,67.5,68.14,79.2,93.72,69.94,C
21,Engineering,4.1,69.58,45.4,44.48,90.32,86.09,74.7,90.15,67.42,D
20,Business,6.0,82.38,100.0,59.07,86.49,49.26,89.2,55.48,75.55,B
19,Business,3.2,99.31,40.85,49.95,79.97,46.61,64.3,89.67,59.14,F
18,Business,8.4,85.42,60.96,75.88,92.78,74.21,50.3,67.6,75.99,B
24,Mathematics,1.8,73.19,31.36,45.26,50.82,81.6,55.4,80.52,54.2,F
24,Business,5.3,68.33,73.14,84.15,70.98,63.82,56.6,54.73,73.88,B
19,CS,3.0,85.34,44.85,42.82,77.58,70.94,100.0,55.16,61.11,F
21,Business,6.6,100.0,61.31,78.41,67.57,69.05,75.3,72.79,74.39,B
18,Engineering,3.0,88.21,100.0,32.83,61.93,48.85,94.1,44.07,61.78,F
20,Business,8.0,84.17,70.49,77.49,84.06,71.07,55.6,88.1,78.98,A
20,Engineering,4.4,83.99,57.54,52.44,49.3,59.79,70.3,68.05,59.64,F
19,Business,4.8,97.45,47.48,68.18,84.88,81.9,91.9,94.41,76.0,B
20,CS,6.6,72.4,81.44,77.56,56.9,44.83,98.4,86.41,76.6,B
19,CS,2.1,100.0,93.81,73.85,88.2,71.95,53.7,51.21,76.48,B
19,Mathematics,7.0,71.57,35.95,40.92,100.0,81.51,62.4,72.6,63.69,D
19,CS,1.1,79.73,29.22,77.52,66.67,72.69,61.4,75.87,64.28,D
18,CS,2.4,78.74,49.14,57.42,76.21,64.78,61.7,65.72,62.14,F
21,Engineering,3.4,95.17,48.39,53.1,84.17,100.0,47.1,63.49,65.99,D
22,Mathematics,0.5,69.04,91.41,39.58,84.14,72.49,44.0,70.46,65.35,D
22,Mathematics,8.1,65.07,77.34,50.52,62.55,76.37,29.1,76.33,66.06,D
21,Engineering,6.2,80.66,45.64,50.0,84.39,77.81,86.5,86.16,68.82,C
22,Engineering,2.1,62.81,63.16,48.72,62.87,56.61,39.6,73.96,57.58,F
23,Engineering,4.6,87.84,83.79,39.01,84.89,52.54,69.9,70.16,65.38,D
24,Business,2.4,95.67,48.02,78.1,77.49,97.25,95.8,100.0,80.03,A
18,Mathematics,7.2,80.06,26.9,54.25,71.04,55.25,80.9,81.22,60.41,F
24,CS,5.7,100.0,61.61,39.73,80.16,73.35,50.2,67.82,61.92,F
19,Business,5.0,77.25,70.91,78.0,77.71,74.02,62.2,78.27,76.89,B
21,CS,4.1,81.61,41.57,69.75,63.94,34.49,84.1,88.17,63.28,F
22,Engineering,2.1,87.74,67.86,72.26,90.63,59.61,81.0,100.0,76.94,B
24,CS,3.5,75.01,43.95,47.41,71.92,78.48,61.2,60.14,59.46,F
24,Business,4.7,85.52,51.51,61.9,56.12,53.52,84.6,87.92,64.92,D
22,Business,2.8,72.25,59.08,46.72,84.97,63.28,59.6,57.42,61.17,F
20,Engineering,6.4,64.74,65.94,89.15,94.87,72.71,85.3,69.19,83.72,A
19,Mathematics,3.6,84.19,59.62,49.43,97.23,62.97,58.5,68.65,65.3,D
20,CS,4.1,67.22,48.18,62.95,71.52,77.63,62.9,94.29,68.66,C
19,Engineering,5.5,68.95,62.79,94.07,90.59,79.1,100.0,62.99,85.28,A
22,Engineering,4.7,100.0,48.83,66.76,85.31,58.04,60.1,62.48,65.9,D
19,Business,5.4,93.52,70.32,72.37,78.43,58.1,50.1,74.84,71.45,C
20,Mathematics,4.3,86.45,37.56,65.95,95.88,75.31,29.9,89.87,67.1,D
20,Business,4.8,100.0,57.58,51.65,91.42,66.78,47.7,63.81,64.29,D
21,Engineering,2.8,74.51,47.37,50.9,84.2,66.03,27.9,81.44,59.61,F
24,CS,6.7,100.0,65.8,69.57,62.53,60.23,96.9,91.27,74.61,B
20,Business,4.4,98.9,60.59,32.8,90.64,63.32,79.1,66.92,61.85,F
19,Engineering,6.7,76.24,71.5,34.37,53.34,68.84,77.8,70.38,61.11,F
18,Business,4.3,93.34,67.1,50.42,62.98,56.69,40.9,74.74,60.21,F
21,Business,4.3,63.25,51.16,65.33,56.86,68.43,100.0,49.53,65.73,D
23,Business,4.0,58.59,80.72,89.87,93.55,48.21,78.8,67.67,81.02,A
24,CS,2.9,88.85,82.12,60.05,92.09,55.99,100.0,68.67,74.97,B
18,Mathematics,4.2,70.48,70.78,61.46,74.04,71.39,47.8,67.82,68.07,D
21,Business,6.1,74.4,55.35,33.8,86.23,70.4,75.4,79.14,63.21,F
20,Business,4.9,56.7,100.0,65.91,46.8,74.41,49.0,75.65,72.87,B
22,Engineering,5.1,66.32,58.72,56.33,67.47,72.29,75.5,60.2,65.73,D
23,CS,1.5,90.3,75.84,33.39,82.09,56.28,59.8,67.01,59.37,F
22,Mathematics,0.3,82.29,73.06,60.31,79.06,71.8,48.4,94.17,69.74,C
22,Engineering,3.7,86.53,95.12,66.71,82.03,81.37,83.7,97.07,83.47,A
20,CS,4.2,79.7,72.82,60.8,58.65,69.44,76.2,63.88,68.13,D
20,CS,6.4,88.27,68.17,69.61,59.73,58.57,53.9,73.47,68.2,D
23,Engineering,3.6,95.68,54.1,73.69,77.21,52.89,75.7,81.42,69.95,C
20,CS,6.4,84.77,52.15,57.36,93.79,85.28,95.4,44.58,71.7,C
23,Engineering,4.8,94.99,80.21,18.05,87.91,63.08,70.1,64.18,59.93,F
19,Business,3.1,80.74,76.2,56.24,84.75,33.91,76.0,52.67,64.33,D
23,Mathematics,5.0,85.59,55.98,71.11,78.35,73.49,66.4,67.11,71.16,C
23,CS,6.9,83.68,87.08,69.61,69.97,56.42,45.1,80.77,73.29,B
24,Engineering,7.5,76.83,82.36,51.24,76.01,93.26,65.7,83.14,75.87,B
19,Mathematics,0.3,79.73,64.59,50.13,82.35,48.66,70.5,72.19,62.03,F
22,Engineering,0.8,67.58,77.17,91.99,86.59,81.25,54.0,69.75,80.98,A
23,Business,1.3,75.53,85.03,74.65,87.14,68.89,81.4,53.99,76.99,B
24,CS,7.6,67.65,74.82,69.95,61.2,84.22,61.9,77.08,75.46,B
18,Business,4.3,76.69,77.75,80.23,77.67,85.25,47.5,95.99,80.56,A
21,Mathematics,4.9,90.04,69.86,58.69,90.07,68.31,83.8,94.88,75.65,B
24,Mathematics,3.0,63.95,87.25,63.46,62.45,75.71,73.1,65.05,72.53,C
20,CS,4.2,92.08,42.47,67.29,91.64,69.88,87.2,73.59,71.09,C
23,CS,1.3,71.24,59.28,43.98,100.0,78.75,51.9,68.57,64.56,D
24,Business,0.9,74.53,64.34,36.74,69.4,73.93,73.4,66.2,59.8,F
24,Business,4.2,78.75,58.02,74.56,53.47,74.4,61.3,73.2,68.7,C
19,Mathematics,4.9,56.6,75.76,48.44,80.21,56.44,51.2,62.52,64.0,D
18,Engineering,4.0,75.03,84.56,72.17,60.72,44.34,65.1,77.04,70.54,C
20,Mathematics,5.6,66.23,38.43,61.87,78.33,100.0,73.5,98.88,73.03,B
22,Mathematics,4.9,85.99,65.37,50.4,95.02,79.94,89.3,85.65,74.38,B
24,Engineering,6.7,72.68,79.86,59.44,74.21,55.89,61.4,88.6,71.67,C
22,CS,5.7,84.5,77.11,64.92,79.59,84.64,91.9,90.85,80.66,A
24,Engineering,7.0,80.54,51.88,75.67,53.36,100.0,87.8,80.41,76.4,B
19,Mathematics,6.2,60.42,85.15,66.61,67.31,74.55,85.0,74.13,77.3,A
20,CS,8.7,91.79,58.04,63.42,77.47,83.67,63.8,82.97,73.83,B
18,Engineering,2.8,80.08,62.43,69.25,66.31,70.4,67.0,73.93,69.26,C
22,Engineering,3.0,81.69,74.48,34.81,65.54,71.87,86.6,72.64,63.37,D
19,CS,2.1,80.48,63.46,53.52,68.68,55.36,97.1,76.96,65.81,D
18,Engineering,4.4,100.0,74.43,84.98,72.67,41.0,61.2,91.73,74.92,B
19,Engineering,6.6,91.78,65.27,65.21,85.76,49.32,72.5,94.12,72.84,B
18,CS,4.7,68.17,95.24,30.58,66.13,58.19,72.7,87.81,65.27,D
18,Business,6.0,64.74,73.81,54.71,63.35,62.51,48.7,47.11,62.64,F
18,CS,3.6,85.11,47.84,100.0,52.8,74.3,53.4,100.0,75.77,B
19,Engineering,6.1,79.49,52.33,63.66,87.9,76.64,48.0,38.54,65.95,D
21,Engineering,5.9,91.02,65.06,68.55,84.34,92.77,94.8,92.79,81.85,A
24,Engineering,3.8,63.35,64.53,79.37,96.86,66.24,65.2,80.73,77.68,A
18,Engineering,5.5,66.55,61.86,61.87,72.16,65.7,46.1,81.54,67.13,D
21,CS,3.3,75.62,63.28,62.78,73.59,83.52,93.1,72.8,73.3,B
22,CS,4.5,79.3,82.5,60.33,61.81,58.92,86.6,72.93,70.91,C
22,Engineering,3.6,60.72,58.52,58.88,54.98,95.41,100.0,61.44,69.87,C
21,Engineering,5.8,82.41,85.42,75.95,60.7,87.26,63.3,76.64,78.96,A
20,Business,3.6,73.76,82.74,55.35,77.23,85.12,77.5,74.94,74.55,B
19,Engineering,4.1,70.49,62.79,55.65,83.99,89.87,49.9,73.7,69.74,C
22,Engineering,6.7,71.57,52.92,94.52,82.87,84.74,43.9,64.36,78.26,A
19,CS,6.7,51.89,66.82,75.32,64.26,86.48,57.9,68.58,74.57,B
18,Business,2.7,73.56,79.4,43.75,77.42,56.13,89.5,56.84,65.02,D
22,Engineering,7.3,73.27,61.2,66.74,89.43,62.99,80.9,70.7,73.94,B
24,CS,5.8,91.41,69.73,64.75,68.51,52.93,85.0,58.56,68.84,C
20,Business,3.2,84.06,68.36,61.68,84.41,93.67,65.5,76.74,74.71,B
23,Business,6.6,79.43,64.71,88.08,81.61,66.09,57.4,93.85,79.95,A
21,Business,3.7,80.32,48.54,56.59,58.76,51.39,93.1,98.49,64.22,D
21,CS,5.4,100.0,85.18,73.57,67.57,83.34,62.7,69.57,77.67,A
19,Business,2.1,81.92,61.61,36.83,74.26,52.73,73.9,88.8,59.74,F
19,Mathematics,0.0,87.58,40.62,67.62,82.51,62.3,77.6,71.73,65.06,D
21,Engineering,3.3,63.33,77.01,26.28,68.54,71.24,64.8,68.01,59.18,F
19,Business,2.3,91.66,71.95,96.36,81.33,68.81,92.3,71.32,83.33,A
24,CS,1.0,85.41,73.34,70.28,71.23,60.35,49.5,68.13,67.75,D
21,Business,4.2,95.76,41.15,53.25,74.1,52.64,90.4,75.86,61.94,F
19,CS,4.1,81.07,52.04,78.23,68.86,72.73,100.0,98.24,76.99,B
19,CS,3.7,82.16,49.92,63.01,87.92,76.58,48.5,67.12,66.97,D
19,Engineering,2.3,78.25,67.42,43.17,83.64,81.18,53.8,80.52,65.74,D
19,CS,4.4,73.9,77.5,41.95,59.39,90.51,79.1,64.97,67.18,D
18,CS,3.4,80.69,80.42,71.32,74.2,59.03,76.2,62.12,73.0,B
24,CS,3.4,66.89,44.5,81.13,74.51,63.02,87.6,78.0,72.13,C
24,Engineering,6.5,78.09,42.65,66.84,42.78,67.22,68.3,73.85,62.55,F
24,Business,5.2,47.46,72.74,64.52,77.25,49.51,91.1,82.28,72.86,B
21,CS,2.3,82.32,66.81,100.0,67.37,86.57,78.6,44.81,79.94,A
19,Business,4.4,85.63,88.3,73.68,46.14,62.36,67.5,100.0,74.99,B
23,Mathematics,1.8,92.6,51.48,54.17,62.55,78.71,59.4,51.56,59.73,F
21,Engineering,3.9,64.75,63.03,65.15,88.0,74.12,100.0,89.33,77.35,A
21,Business,4.9,100.0,59.02,51.49,85.98,47.8,88.3,71.84,65.78,D
22,Business,5.3,69.69,93.97,44.88,66.07,42.0,55.4,80.46,64.7,D
24,Mathematics,4.2,90.84,76.42,37.64,100.0,58.08,86.8,59.66,67.03,D
22,Business,7.4,70.87,72.13,68.29,52.17,76.35,59.4,81.19,71.95,C
21,Business,5.5,88.94,68.92,58.13,86.18,56.29,65.5,89.81,70.87,C
21,Mathematics,6.3,74.23,51.12,71.01,78.95,72.54,66.0,89.02,72.9,B
22,Mathematics,2.7,84.48,100.0,51.8,73.35,75.19,63.3,66.14,72.11,C
18,Engineering,3.4,100.0,70.63,70.06,77.72,59.43,67.0,60.59,70.18,C
20,CS,4.0,91.24,69.16,54.07,81.3,97.22,67.2,99.02,75.45,B
21,Mathematics,6.5,79.16,49.08,89.71,86.32,97.38,61.8,62.87,80.0,A
20,Engineering,1.0,88.51,55.51,100.0,64.37,80.25,69.3,78.95,78.12,A
20,Engineering,5.1,82.57,50.06,85.35,71.01,100.0,71.5,100.0,80.97,A
23,Business,3.0,80.79,38.32,65.5,83.29,46.39,83.2,73.08,63.89,D
22,CS,0.0,66.05,44.92,33.61,69.77,53.99,43.9,86.57,50.68,F
19,CS,4.9,81.52,64.49,81.2,77.56,56.0,60.7,61.19,71.93,C
21,CS,5.3,92.42,62.32,70.28,74.27,60.6,97.3,90.8,75.24,B
22,Business,7.5,84.09,78.53,45.53,46.71,53.73,74.3,84.08,64.02,D
23,Business,6.1,88.75,56.72,43.57,64.14,90.79,51.2,68.91,62.72,F
18,Engineering,4.0,88.11,92.04,24.96,55.22,58.14,81.3,70.85,60.12,F
22,Mathematics,2.7,70.02,75.75,88.32,84.29,45.82,92.3,64.74,78.22,A
19,CS,1.4,97.64,64.31,58.51,78.87,65.83,39.5,67.32,63.5,D
23,Engineering,3.6,77.52,54.95,83.73,82.9,69.54,38.7,80.54,72.7,C
19,Mathematics,9.0,82.18,73.84,76.54,57.19,79.21,51.9,97.76,77.66,A
20,Business,2.7,86.96,55.11,61.84,62.06,93.28,80.8,81.88,70.49,C
23,Business,6.9,93.78,77.06,49.1,76.33,65.79,52.4,82.68,68.42,D
24,CS,1.9,85.19,75.43,56.1,75.4,35.84,80.8,60.74,63.71,D
22,Engineering,4.7,80.68,63.08,74.74,60.78,67.9,72.3,77.92,71.71,C
22,Business,3.3,45.59,48.94,68.3,82.42,57.07,51.5,99.71,67.97,D
22,Mathematics,5.9,57.05,84.49,64.63,93.13,46.08,62.6,66.99,73.08,B
20,Business,2.6,85.13,73.05,34.5,84.36,64.6,87.3,88.21,66.16,D
21,Engineering,7.2,64.61,60.99,35.08,83.55,78.1,69.2,68.37,64.33,D
21,Mathematics,6.7,95.62,87.75,93.22,79.51,53.3,53.2,63.12,80.42,A
20,CS,4.1,86.56,69.06,59.35,75.49,68.67,76.2,70.53,69.96,C
22,CS,3.8,89.01,72.5,59.9,91.03,51.96,76.0,88.76,72.29,C
23,Mathematics,2.4,64.33,55.2,70.16,78.81,64.12,77.0,78.26,70.25,C
18,Engineering,6.9,75.14,37.03,54.99,69.46,91.13,59.4,76.72,65.05,D
20,Mathematics,1.6,51.95,47.2,61.02,66.13,94.51,79.9,82.15,68.85,C
19,Business,4.1,90.68,67.03,38.79,83.45,81.57,60.6,67.45,64.65,D
20,Mathematics,2.8,84.96,77.21,78.75,86.67,43.83,72.7,93.79,76.69,B
21,Engineering,1.4,100.0,59.54,98.47,80.88,74.86,100.0,75.4,83.05,A
18,Mathematics,3.2,79.56,81.12,61.48,59.07,85.83,100.0,76.67,75.67,B
20,Business,3.2,67.54,56.57,67.23,74.18,77.38,53.3,96.93,70.84,C
24,Mathematics,5.1,65.25,66.07,82.6,91.0,88.01,75.2,75.93,82.51,A
21,CS,3.4,71.47,59.05,45.42,89.9,62.6,79.6,90.26,67.0,D
22,Business,5.8,70.2,70.6,56.59,52.28,68.16,76.0,69.73,66.64,D
18,CS,7.6,78.96,62.26,65.16,50.78,69.27,72.2,81.44,69.17,C
24,CS,4.4,81.81,51.9,68.83,56.12,66.28,52.5,96.28,66.47,D
21,CS,2.6,94.91,50.73,37.88,98.71,77.54,40.0,74.35,60.68,F
20,Engineering,5.2,78.08,59.96,53.43,63.6,78.61,59.0,72.49,65.1,D
22,Mathematics,4.7,54.62,53.24,38.61,60.53,74.37,63.7,62.96,57.48,F
20,Business,6.6,100.0,61.29,55.98,71.35,73.29,51.0,64.41,65.59,D
19,Business,5.8,63.62,66.21,15.22,61.37,66.05,49.0,90.72,53.79,F
19,Engineering,4.1,82.09,67.81,50.11,81.12,61.46,50.7,100.0,67.1,D
19,Mathematics,3.3,65.03,51.72,99.0,55.04,69.19,18.8,75.73,69.78,C
23,Engineering,3.8,79.04,94.52,58.87,84.27,79.65,71.5,87.14,78.92,A
20,CS,6.2,79.11,78.7,71.89,87.52,78.38,100.0,70.12,82.3,A
24,Business,4.7,89.54,87.21,76.39,75.46,71.89,73.2,94.61,81.59,A
21,CS,2.5,62.6,72.45,75.17,99.12,60.83,51.5,81.2,75.55,B
19,Engineering,2.8,78.63,79.9,81.49,75.35,80.38,99.2,100.0,85.11,A
22,Business,7.1,75.68,40.66,74.12,57.53,43.22,79.4,71.84,64.15,D
21,CS,5.7,98.83,58.93,64.8,91.93,67.69,47.0,97.29,72.45,C
20,Engineering,8.1,99.2,47.16,64.58,69.74,78.33,46.6,71.62,66.89,D
18,CS,7.0,71.29,70.3,100.0,89.49,60.18,57.9,71.58,82.96,A
22,Business,1.8,91.95,53.51,70.28,85.49,57.69,100.0,82.33,72.4,C
21,Engineering,7.6,79.53,82.74,67.66,58.33,99.86,81.8,54.94,78.05,A
23,CS,3.2,87.89,76.62,47.29,91.25,66.4,91.1,100.0,73.87,B
24,Engineering,4.0,60.69,79.05,48.57,98.05,60.97,56.8,95.58,71.47,C
24,Mathematics,6.6,52.38,61.56,45.15,79.3,81.2,79.9,79.34,69.16,C
18,Engineering,1.8,77.54,53.8,52.45,65.13,88.84,76.6,97.86,67.94,D
23,CS,4.4,76.8,71.13,45.28,73.02,74.86,51.9,81.12,65.49,D
18,Business,4.8,72.71,83.98,46.93,76.23,81.68,56.6,66.37,69.26,C
22,CS,3.4,89.84,78.32,39.32,61.6,57.7,63.5,85.74,61.98,F
20,CS,4.8,62.0,66.49,34.69,72.25,66.05,84.1,74.92,62.75,F
23,Business,5.3,96.81,49.86,61.97,54.39,60.29,86.9,46.45,61.75,F
18,CS,3.3,77.73,79.01,63.49,82.92,72.26,63.6,66.09,72.74,C
24,Business,4.3,77.02,64.83,72.39,73.73,68.76,75.9,61.3,71.93,C
24,Business,5.1,86.66,54.14,71.43,85.11,58.64,57.1,88.68,70.95,C
24,Engineering,4.1,79.85,53.79,42.43,74.47,83.3,79.6,74.14,64.58,D
22,Mathematics,3.7,69.07,81.9,100.0,51.22,55.01,39.3,68.05,74.9,B
19,Business,6.3,79.63,99.57,55.91,70.27,86.1,65.6,75.11,77.36,A
23,Engineering,2.5,84.52,73.34,58.74,80.57,72.02,100.0,69.26,73.35,B
19,Engineering,5.6,75.95,31.85,45.7,51.1,98.76,77.8,65.8,59.72,F
19,Engineering,3.5,67.41,80.88,79.06,84.61,79.19,57.9,48.25,76.83,B
23,CS,3.1,81.58,96.95,17.94,74.66,100.0,54.9,70.71,65.08,D
23,Engineering,4.3,86.02,56.32,72.27,74.31,78.28,84.9,60.9,72.56,C
21,CS,5.1,89.17,92.76,88.49,83.24,60.87,100.0,74.42,86.71,A
21,Mathematics,3.9,73.21,64.88,45.16,82.43,76.71,69.2,54.4,64.7,D
21,Mathematics,4.6,91.5,66.28,62.41,66.22,63.02,22.0,79.32,63.8,D
24,CS,4.0,91.93,81.45,77.65,81.38,71.46,60.8,52.56,75.85,B
24,CS,2.6,78.95,68.74,62.87,66.0,47.1,79.4,78.43,66.66,D
24,Business,3.2,96.1,65.93,54.22,60.15,84.24,52.4,70.21,64.97,D
20,CS,2.5,45.23,61.27,70.35,50.11,68.93,78.8,61.96,66.54,D
21,Business,5.0,89.61,66.04,62.83,58.17,54.22,100.0,76.71,69.09,C
19,CS,4.2,72.64,77.9,73.69,52.79,88.46,66.5,67.96,74.42,B
24,Mathematics,3.9,79.43,54.41,59.66,73.87,99.26,72.7,75.38,71.51,C
23,Mathematics,3.1,83.61,37.96,68.11,73.41,33.75,89.7,71.6,61.78,F
18,Mathematics,4.9,92.77,81.77,40.18,100.0,60.79,54.2,61.26,66.52,D
18,Business,5.6,67.32,46.51,52.76,71.96,65.58,74.3,97.81,65.77,D
19,CS,3.6,69.22,63.49,65.97,67.04,81.34,36.2,77.65,67.93,D
24,CS,2.9,77.29,35.08,53.38,77.0,45.09,91.5,84.68,60.41,F
22,CS,4.0,77.55,65.24,71.99,67.39,41.53,83.3,73.77,68.69,C
21,CS,7.3,67.87,66.32,52.62,84.11,74.48,58.4,81.86,70.51,C
24,CS,4.6,67.99,84.31,42.01,87.29,72.19,83.3,100.0,74.02,B
23,CS,4.5,65.22,66.29,50.4,63.71,75.9,54.6,96.09,66.64,D
24,CS,5.9,93.48,65.09,36.19,92.82,99.1,85.7,63.48,70.53,C
24,Business,4.3,52.76,91.17,71.06,63.18,75.94,78.9,75.48,78.01,A
22,CS,3.1,71.13,51.83,64.61,77.35,94.52,70.8,89.72,73.13,B
23,CS,3.0,72.59,71.66,67.69,90.06,71.73,92.1,95.16,79.13,A
22,Business,1.1,78.39,63.42,96.11,80.51,100.0,72.6,57.52,82.16,A
23,Engineering,3.9,86.68,94.22,65.04,62.8,72.59,35.3,73.42,71.49,C
18,Business,6.7,95.51,62.22,53.39,70.32,86.63,73.3,78.85,70.57,C
22,Business,4.4,77.34,50.76,87.29,83.35,69.48,70.2,79.78,76.46,B
19,Engineering,4.2,68.81,42.85,55.71,60.56,79.09,66.1,81.01,63.04,F
23,Mathematics,1.3,80.83,58.01,66.38,79.29,46.57,85.4,82.44,67.83,D
22,Engineering,8.2,96.89,77.91,52.57,93.3,49.68,100.0,100.0,76.9,B
22,Business,5.7,74.34,62.78,80.85,85.96,68.28,80.3,66.06,77.43,A
24,CS,6.7,76.35,67.12,59.16,50.27,83.65,64.9,82.33,69.33,C
24,Engineering,4.8,75.63,74.89,61.66,82.73,70.53,61.7,86.24,73.66,B
20,Engineering,4.7,62.29,43.25,66.44,80.72,72.64,37.9,85.19,66.24,D
18,Mathematics,4.7,49.04,49.46,71.25,61.81,62.48,53.5,69.39,64.55,D
23,Business,1.5,56.82,69.01,43.79,78.93,65.91,88.8,75.71,65.87,D
19,Mathematics,3.7,77.97,64.94,73.22,94.79,69.9,64.9,86.29,76.63,B
20,Business,2.7,90.56,50.78,68.37,99.84,72.44,85.4,53.67,71.77,C
21,Engineering,2.8,62.79,69.04,73.28,72.84,64.48,67.7,86.52,73.21,B
22,Engineering,4.1,69.41,59.38,64.89,69.04,98.56,79.1,65.61,73.0,B
20,Engineering,7.2,51.31,100.0,88.55,86.54,58.22,100.0,70.17,88.9,A
18,Engineering,2.6,76.13,65.54,94.03,67.57,63.79,86.4,89.2,79.88,A
20,Mathematics,4.4,86.55,42.68,52.57,62.54,65.69,66.8,79.03,60.32,F
22,CS,2.5,79.45,46.73,85.12,63.92,79.32,53.4,100.0,72.96,B
24,Engineering,6.1,60.95,72.26,59.25,74.61,69.6,33.6,69.98,67.27,D
19,CS,2.8,80.8,53.05,42.19,83.11,67.02,78.2,64.35,61.44,F
23,CS,1.8,68.8,70.46,82.12,94.01,61.87,55.7,73.41,75.92,B
21,CS,4.6,82.11,59.53,70.09,71.12,78.19,100.0,89.87,76.62,B
22,Engineering,4.1,64.29,62.05,79.05,71.64,87.95,80.7,64.11,76.59,B
21,Mathematics,5.4,71.67,56.97,71.68,59.58,67.08,69.7,53.81,66.95,D
18,CS,4.1,88.12,73.45,40.36,68.38,92.02,47.1,56.15,63.23,F
19,Business,1.0,75.09,62.14,67.39,74.87,39.56,51.1,63.72,61.79,F
18,CS,4.8,97.14,65.74,43.84,76.46,61.85,77.1,84.34,65.59,D
21,Mathematics,5.6,87.65,56.81,71.58,76.22,63.81,59.8,69.08,69.53,C
18,Mathematics,2.4,66.07,85.37,95.27,73.87,87.54,81.5,72.14,86.43,A
23,Business,3.6,100.0,27.1,65.31,69.52,82.02,57.5,89.85,64.28,D
18,Business,3.4,86.13,63.65,56.87,78.03,64.73,32.7,64.63,62.64,F
24,Mathematics,2.2,64.32,68.38,64.97,90.01,60.76,86.1,73.74,72.87,B
20,Engineering,6.3,44.03,88.5,59.43,60.88,68.47,45.1,76.76,70.27,C
22,CS,3.7,90.01,65.9,67.74,74.73,61.66,92.7,68.8,71.96,C
18,Business,1.8,58.1,42.33,25.82,86.39,100.0,71.8,79.46,60.2,F
21,Business,5.1,73.1,74.07,62.2,78.21,47.63,53.1,53.22,65.53,D
24,Mathematics,5.1,81.47,73.9,70.8,65.91,76.29,56.3,72.49,72.78,C
20,Mathematics,7.1,77.93,45.27,50.73,74.39,56.72,93.5,64.74,63.31,F
20,Mathematics,4.0,75.72,39.02,35.53,93.78,54.59,75.3,92.43,59.49,F
20,Engineering,6.5,70.8,47.61,93.72,53.18,76.71,78.2,74.1,75.6,B
24,CS,6.6,86.91,100.0,69.64,95.84,100.0,55.9,75.86,86.74,A
22,CS,7.4,75.78,56.45,59.07,79.57,62.95,97.6,86.67,72.52,C
18,Engineering,6.1,72.73,77.44,39.91,67.01,66.23,76.8,77.95,65.97,D
23,Business,2.9,63.43,29.61,58.17,84.03,69.62,74.4,68.84,62.19,F
22,Engineering,5.6,83.7,61.18,51.07,85.48,70.22,72.6,76.81,68.65,C
22,Engineering,3.8,84.35,49.07,52.45,53.49,62.63,65.2,92.06,60.59,F
24,Business,5.0,81.83,63.13,64.09,76.94,67.47,77.7,71.5,70.93,C
22,Engineering,6.5,82.49,65.5,45.69,69.63,41.13,62.2,100.0,62.89,F
20,CS,4.9,70.32,58.41,54.84,81.68,70.28,76.9,70.59,68.13,D
23,Mathematics,4.6,89.21,51.13,72.38,81.63,80.97,74.2,85.9,74.64,B
20,Engineering,5.5,85.05,61.72,86.51,60.79,62.78,66.9,68.96,73.17,B
20,Engineering,6.6,71.64,73.81,63.39,75.17,72.14,70.8,94.49,75.7,B
21,Engineering,3.9,100.0,78.66,68.49,62.18,75.57,92.7,82.33,76.39,B
22,Business,3.2,82.93,70.73,70.38,73.23,72.26,98.2,84.66,76.97,B
22,Mathematics,5.2,95.44,90.59,62.18,45.5,68.71,100.0,81.63,74.67,B
24,CS,4.6,81.64,64.13,57.55,80.64,48.18,62.3,65.06,64.45,D
19,Business,5.0,81.52,100.0,60.92,90.02,64.05,88.0,91.94,81.88,A
24,Engineering,4.6,92.98,79.8,60.6,58.3,96.45,64.0,100.0,76.05,B
24,CS,4.2,63.21,41.79,68.54,62.15,57.87,82.6,70.35,64.32,D
23,CS,3.4,64.73,74.06,57.35,64.77,73.1,84.3,97.63,72.59,C
19,Business,1.9,80.04,56.56,67.72,72.41,90.21,62.6,82.62,71.49,C
24,Engineering,2.9,70.8,74.36,56.62,80.41,80.07,55.3,63.39,69.25,C
18,Business,2.5,64.48,54.9,90.03,63.89,56.21,61.5,71.17,70.52,C
19,Business,4.0,78.71,56.21,61.52,50.83,58.39,76.7,54.26,61.18,F
20,Engineering,5.8,76.46,88.44,93.78,62.51,73.98,100.0,96.27,88.82,A
19,Business,5.2,84.0,57.25,29.89,74.04,44.71,77.4,73.19,55.89,F
23,Mathematics,1.1,79.23,60.16,100.0,85.87,74.5,54.7,79.94,80.1,A
21,CS,8.3,77.51,47.47,49.91,69.32,47.01,68.2,93.41,62.23,F
22,Engineering,0.8,62.75,40.8,66.69,84.12,77.77,53.6,84.27,66.64,D
18,Business,5.0,78.23,86.89,70.12,83.69,67.15,85.9,68.29,78.96,A
20,CS,3.6,68.8,71.7,50.14,64.6,76.39,66.8,71.85,66.2,D
18,CS,3.5,93.4,65.08,66.35,59.23,79.93,43.3,100.0,69.88,C
24,Engineering,4.3,100.0,66.87,29.26,84.75,69.45,59.4,62.01,59.57,F
19,Business,3.3,79.53,91.32,78.4,79.65,79.11,79.5,78.07,83.01,A
24,Business,2.6,88.96,76.56,74.62,71.23,69.92,81.6,60.33,74.36,B
18,Engineering,5.0,82.95,65.13,61.71,77.95,84.67,69.4,75.81,72.95,B
23,CS,1.8,89.39,52.98,68.24,80.03,66.53,53.0,80.0,67.25,D
20,Business,6.2,91.27,72.0,77.46,75.47,85.35,90.2,84.58,82.34,A
21,Mathematics,3.5,96.73,75.84,67.13,90.15,88.79,40.6,61.34,74.09,B
22,Business,6.5,59.78,79.64,38.27,69.68,76.82,77.9,52.96,65.72,D
19,Mathematics,6.1,73.96,80.82,82.74,60.11,56.34,81.4,69.94,76.64,B
18,CS,3.2,72.95,73.91,96.17,66.3,54.86,65.0,97.89,79.7,A
24,CS,9.3,100.0,56.27,40.76,82.71,84.42,54.3,74.03,66.03,D
20,Engineering,4.2,81.88,47.58,74.36,72.57,73.39,87.6,67.25,71.3,C
19,Mathematics,4.5,100.0,56.3,50.98,79.44,71.64,54.2,100.0,66.89,D
20,Engineering,6.3,79.3,81.13,62.25,81.36,52.2,84.6,80.24,74.57,B
24,Mathematics,3.0,68.11,57.55,68.27,61.95,65.34,79.7,73.75,67.93,D
24,CS,8.8,76.54,56.95,64.16,88.26,76.35,62.4,83.22,74.29,B
19,CS,1.5,82.55,43.12,35.64,83.49,64.67,68.3,79.51,57.07,F
21,Engineering,4.7,61.04,78.78,72.75,73.16,60.56,41.3,85.97,72.72,C
22,Business,6.8,71.19,72.77,83.98,81.84,58.51,51.7,80.18,77.39,A
24,Mathematics,8.2,89.08,36.1,52.01,76.65,49.89,73.3,66.53,59.89,F
21,Engineering,3.6,79.19,77.86,84.93,100.0,61.16,69.9,94.78,83.49,A
20,CS,4.3,56.77,67.69,67.08,95.4,100.0,65.6,78.95,79.58,A
21,Business,5.2,93.28,70.5,69.28,61.1,77.86,73.5,88.39,74.52,B
23,Engineering,5.4,68.16,40.06,61.96,54.12,76.69,82.1,74.86,64.62,D
19,Business,5.0,70.88,81.01,81.6,66.99,48.64,77.0,76.08,75.83,B
22,CS,5.5,88.82,98.2,93.62,100.0,66.39,70.0,99.87,92.42,A
23,Business,3.6,66.37,67.84,57.25,72.75,84.86,69.8,88.08,71.97,C
20,Mathematics,2.4,100.0,86.96,40.3,76.37,85.54,57.3,62.24,66.92,D
20,Engineering,7.7,84.1,64.57,77.82,79.67,95.88,64.5,86.45,81.54,A
21,CS,6.1,79.72,79.66,71.61,75.93,65.18,82.8,80.51,77.96,A
24,CS,3.2,100.0,62.99,76.59,64.38,87.83,65.4,58.63,72.41,C
18,Engineering,3.0,81.36,100.0,53.8,75.52,44.27,71.4,77.05,70.45,C
22,Mathematics,3.5,66.78,82.23,46.44,58.26,66.06,52.6,59.04,61.94,F
21,CS,5.4,93.62,76.29,76.28,61.18,42.4,41.6,77.13,68.25,D
19,CS,2.9,67.04,67.2,59.75,90.14,52.73,55.7,68.21,66.64,D
20,CS,6.1,82.88,67.11,36.26,73.01,61.23,81.1,100.0,65.6,D
23,Business,5.9,86.45,70.58,78.48,66.36,60.76,74.9,96.47,76.82,B
21,Mathematics,6.6,81.37,85.58,51.87,67.85,76.6,100.0,82.13,75.86,B
19,CS,2.9,66.32,58.86,80.82,72.12,55.75,93.4,66.71,72.66,C
24,Engineering,7.0,76.2,56.83,40.11,69.13,74.03,45.8,100.0,62.95,F
24,Business,5.3,86.19,89.62,74.4,90.37,73.53,48.9,82.03,80.57,A
21,Mathematics,5.1,67.46,56.6,53.43,100.0,79.07,64.9,86.04,71.85,C
22,Business,4.6,63.98,75.12,67.85,64.53,83.33,44.2,82.42,72.52,C
18,CS,5.0,78.66,60.0,60.39,69.31,88.9,75.4,70.42,70.93,C
24,Business,4.4,60.38,75.78,55.31,71.64,75.64,62.1,62.88,68.54,C
21,CS,3.9,63.52,51.38,86.04,81.07,64.44,38.8,71.53,70.9,C
20,Mathematics,2.6,84.57,88.47,64.56,89.68,40.19,69.3,71.16,71.89,C
21,Mathematics,3.7,76.62,76.29,69.4,63.64,75.25,75.2,55.6,71.84,C
19,Business,7.0,79.34,46.92,67.34,58.3,69.54,54.4,77.04,65.41,D
18,Engineering,5.4,100.0,78.29,75.15,73.75,82.53,71.0,78.29,79.27,A
21,Engineering,4.2,74.19,67.87,71.94,57.32,94.33,66.1,75.99,74.21,B
22,Business,1.1,75.3,48.14,68.7,69.37,68.04,92.4,79.46,68.59,C
20,CS,6.8,94.75,89.2,72.96,79.8,56.23,70.1,71.89,77.73,A
21,Business,6.1,79.86,52.98,62.12,53.22,60.43,95.5,76.67,66.55,D
21,Engineering,0.0,84.44,50.95,55.1,81.21,71.27,98.3,73.14,66.74,D
23,Engineering,2.3,82.66,46.8,72.83,93.48,70.37,95.0,76.37,74.07,B
20,Engineering,2.5,86.79,37.77,61.89,68.08,81.07,77.9,75.2,65.05,D
22,Mathematics,5.4,72.65,65.31,88.73,36.06,43.07,68.7,84.1,69.53,C
18,CS,1.9,84.83,91.34,47.99,92.9,44.83,84.3,57.03,68.41,D
21,CS,7.7,68.65,54.73,72.27,89.99,70.85,65.0,58.25,72.93,B
22,Mathematics,3.2,83.47,56.31,75.39,74.36,77.74,93.7,62.51,73.92,B
18,Business,4.9,85.46,47.25,74.86,77.36,74.31,69.8,84.69,72.56,C
23,CS,5.8,90.82,50.86,59.46,79.3,80.63,70.4,63.86,68.33,D
24,CS,4.7,100.0,68.62,69.02,65.8,62.28,63.6,61.21,68.47,D
20,CS,2.9,81.38,70.55,73.71,64.34,60.8,30.2,71.19,66.58,D
21,Mathematics,5.9,82.82,85.34,60.45,89.8,61.17,72.9,67.93,74.88,B
24,Business,8.4,91.05,57.6,78.77,76.13,57.02,55.2,61.57,71.0,C
24,Business,6.2,82.62,60.29,74.21,57.01,84.79,68.5,97.15,75.26,B
19,Business,5.4,91.67,100.0,53.96,67.93,73.26,65.6,63.02,72.93,B
24,Business,8.5,100.0,71.97,47.58,67.16,79.38,20.8,77.29,64.71,D
22,Business,0.7,72.31,69.2,66.85,84.64,63.16,59.5,77.6,70.12,C
23,Business,6.1,86.9,42.06,60.53,86.16,76.96,93.5,83.73,71.81,C
24,CS,3.6,85.54,72.92,22.28,87.41,79.68,96.1,80.92,65.83,D
22,Business,0.3,74.62,57.97,42.73,100.0,59.86,100.0,90.7,67.61,D
24,CS,3.4,93.63,53.56,53.91,68.01,46.14,81.8,74.06,61.29,F
18,Business,7.6,80.81,30.2,53.19,83.12,59.92,100.0,61.1,63.36,D
20,Engineering,4.6,72.37,64.02,72.29,79.47,57.22,71.3,52.02,69.63,C
21,Business,5.0,75.65,77.06,66.24,68.86,66.22,46.6,76.3,70.34,C
23,Engineering,3.2,77.57,96.15,90.9,97.51,69.32,72.3,86.5,89.0,A
18,Engineering,4.2,61.79,79.66,53.95,62.71,68.83,75.4,95.38,71.03,C
22,CS,6.7,73.89,81.41,77.6,62.39,80.62,63.9,80.85,78.84,A
20,Mathematics,1.2,93.57,64.47,49.38,80.05,81.65,36.4,73.31,63.53,D
19,CS,5.2,85.76,40.99,69.47,80.02,67.66,100.0,69.66,70.76,C
21,Business,7.7,67.7,40.53,67.3,87.64,76.88,100.0,50.87,71.91,C
21,Business,3.2,73.14,73.69,84.3,68.59,55.19,74.7,100.0,77.66,A
21,CS,5.1,85.87,75.49,78.01,71.94,78.63,42.1,67.16,74.56,B
20,CS,7.4,63.62,68.06,55.29,66.01,50.52,47.3,91.39,65.25,D
24,Business,5.4,75.65,46.88,61.18,78.97,71.96,22.4,87.79,64.09,D
18,CS,2.8,75.86,52.24,84.87,69.2,73.03,51.9,72.9,71.12,C
21,CS,1.7,74.12,65.43,81.78,76.62,48.23,69.1,92.95,73.4,B
18,Business,3.5,87.83,69.31,58.83,71.5,89.13,89.9,100.0,76.35,B
20,Business,4.9,83.37,80.66,77.46,87.84,67.87,92.7,87.35,83.18,A
21,Business,4.4,67.81,50.54,57.57,77.64,87.15,70.0,93.64,70.66,C
22,CS,5.2,75.98,28.52,49.39,69.02,66.86,75.3,63.94,57.43,F
18,Business,5.5,68.99,77.91,46.44,88.17,64.98,54.5,79.87,68.67,C
22,Business,3.9,81.61,69.17,53.02,83.39,63.82,41.0,76.23,65.49,D
19,Business,3.0,91.7,67.49,46.71,78.12,90.77,58.9,61.51,66.39,D
18,Business,2.9,89.92,57.92,55.32,75.02,71.88,92.2,88.5,69.74,C
23,CS,2.3,79.65,71.71,70.78,67.4,86.79,62.7,70.76,73.2,B
21,Mathematics,7.2,85.14,70.16,27.5,57.74,61.65,63.9,67.77,56.96,F
18,Engineering,4.1,93.13,62.85,55.87,83.77,68.05,90.1,62.98,69.46,C
21,Engineering,3.7,92.41,50.02,52.95,55.27,53.45,73.4,88.57,60.24,F
18,Engineering,4.6,73.18,62.54,31.17,80.82,64.55,88.3,77.28,62.52,F
18,Engineering,1.4,82.91,72.04,64.43,85.94,56.0,67.2,55.9,68.04,D
22,Mathematics,7.0,94.33,70.63,77.61,59.55,53.96,64.4,51.74,69.55,C
19,Engineering,6.8,75.64,78.37,50.38,80.49,61.09,67.5,74.01,69.58,C
18,Mathematics,2.4,75.62,82.7,76.84,90.51,52.77,93.6,93.02,80.95,A
24,Mathematics,4.9,76.68,87.07,89.99,54.81,78.76,77.9,78.55,82.54,A
24,CS,4.8,65.72,66.73,82.08,71.6,74.47,70.2,65.72,75.87,B
21,Engineering,3.8,68.09,64.58,74.87,81.76,59.1,94.3,73.54,75.19,B
19,Engineering,5.3,86.75,62.01,59.98,100.0,94.23,89.8,81.35,79.3,A
23,CS,3.4,93.92,83.08,59.04,85.59,82.76,68.7,54.94,73.64,B
22,CS,2.2,77.87,76.29,37.57,79.09,100.0,42.1,90.96,67.8,D
23,Mathematics,4.4,78.13,70.06,85.89,54.47,54.87,66.7,76.26,72.68,C
24,Mathematics,6.1,98.05,56.01,83.86,84.64,71.34,79.8,84.58,79.24,A
24,CS,5.1,91.52,85.13,55.8,71.69,53.91,65.3,81.36,69.82,C
20,Business,4.3,79.81,56.79,55.51,89.51,74.19,67.6,98.51,71.33,C
24,Business,4.8,96.75,65.22,83.44,91.27,80.71,76.9,100.0,83.96,A
19,Engineering,4.0,76.87,56.7,55.59,93.16,57.27,67.2,60.64,65.37,D
22,Business,4.1,82.32,63.46,50.11,86.45,89.26,69.3,76.71,70.73,C
19,Business,4.4,68.71,93.82,57.04,75.17,92.94,100.0,79.07,81.2,A
21,Business,2.8,75.86,86.13,42.23,61.16,73.04,58.5,87.09,65.98,D
21,Mathematics,5.1,74.37,71.5,49.35,84.28,68.46,70.9,70.58,68.71,C
18,Engineering,4.1,53.99,63.34,65.65,72.62,67.38,76.0,78.2,70.83,C
20,Engineering,4.7,95.12,38.84,31.99,80.49,67.09,87.8,87.23,59.36,F
18,CS,1.5,76.22,51.01,60.54,72.25,72.33,56.0,80.76,64.48,D
24,Business,4.0,85.2,59.81,88.07,78.39,78.62,68.9,75.54,78.38,A
21,CS,3.6,67.73,80.97,79.32,90.13,53.64,73.0,55.45,76.2,B
18,CS,9.4,100.0,65.47,43.05,73.95,75.72,72.1,85.04,68.87,C
24,CS,7.9,67.59,89.31,61.59,81.42,94.33,76.2,79.07,82.18,A
24,CS,7.1,92.79,65.12,66.7,71.59,64.53,75.2,85.3,73.05,B
19,CS,4.7,100.0,59.41,69.84,71.74,53.24,77.4,89.36,70.61,C
19,Business,3.8,85.73,93.73,58.96,58.07,57.17,75.6,75.15,70.69,C
22,Engineering,4.7,81.58,56.99,45.08,78.81,47.67,80.6,68.92,61.2,F
22,Business,4.0,90.54,62.1,97.86,75.32,64.35,100.0,72.28,81.96,A
18,Engineering,2.7,62.49,77.2,81.89,92.43,96.54,47.7,73.27,81.8,A
19,Mathematics,3.9,70.93,79.72,33.25,80.7,85.99,76.8,68.5,67.4,D
18,CS,5.2,57.89,45.54,45.34,59.73,48.26,83.1,78.57,57.68,F
24,Business,3.0,82.78,77.19,52.33,50.0,65.59,45.5,89.68,63.49,D
21,Business,3.3,63.99,59.26,50.08,75.92,70.48,100.0,59.8,66.47,D
22,Business,3.4,95.32,100.0,99.02,63.46,78.54,98.1,79.92,90.51,A
22,Engineering,4.3,89.26,67.04,40.85,62.16,78.88,82.0,85.39,65.71,D
20,Business,4.9,85.76,72.38,48.34,84.65,74.09,66.9,75.54,69.48,C
20,CS,2.4,89.32,61.08,83.97,100.0,48.36,39.5,67.18,71.53,C
22,Engineering,3.3,87.91,63.4,63.87,80.8,67.99,55.7,78.37,69.22,C
23,Business,5.9,80.9,76.16,46.63,55.22,47.68,87.3,65.96,62.93,F
19,Business,3.9,66.01,87.88,55.57,74.75,87.55,92.5,70.16,76.81,B
23,Engineering,3.6,69.69,61.21,68.29,61.43,46.11,78.6,59.61,64.48,D
23,Engineering,6.0,76.08,53.38,56.87,83.48,78.72,65.4,77.98,69.4,C
22,Business,6.0,92.97,69.56,100.0,79.87,59.73,89.0,79.32,84.68,A
23,Mathematics,4.7,88.43,62.11,34.6,83.87,60.86,56.1,99.99,62.47,F
19,Business,1.8,67.25,46.73,57.8,74.82,37.51,89.8,72.59,60.67,F
22,Engineering,7.4,72.38,55.13,63.91,92.09,74.1,66.6,87.78,74.27,B
24,Business,4.4,63.35,65.23,55.19,90.37,46.94,46.5,64.12,63.46,D
20,Engineering,3.4,87.33,42.8,84.07,72.57,64.34,57.4,71.33,68.89,C
23,Engineering,1.9,87.25,83.35,23.06,91.48,91.22,95.4,74.63,68.95,C
18,Business,1.2,76.45,55.95,81.74,67.63,52.02,65.8,77.48,68.59,C
21,Mathematics,4.8,96.0,100.0,68.68,65.62,76.55,82.3,86.37,81.2,A
22,Mathematics,6.5,72.88,49.08,64.73,87.18,71.91,73.9,90.61,72.8,B
24,Engineering,7.0,88.12,56.64,40.13,54.12,43.27,87.0,74.27,57.6,F
18,Mathematics,5.8,66.24,43.62,52.59,57.36,70.51,95.9,85.19,64.69,D
23,Business,3.7,94.37,92.1,77.53,64.94,67.91,82.2,71.93,78.87,A
23,CS,7.0,66.1,42.38,59.14,81.53,65.8,60.4,78.26,65.68,D
24,CS,4.6,82.8,71.06,71.37,61.51,66.49,94.3,85.0,75.05,B
18,CS,2.2,73.86,57.24,34.74,90.91,100.0,61.9,82.83,66.08,D
24,Mathematics,7.5,94.72,56.85,65.31,62.92,55.77,91.6,70.89,68.77,C
19,Business,8.0,82.94,66.38,62.05,82.31,72.45,77.6,47.28,71.59,C
24,CS,5.7,73.77,54.73,65.8,70.18,97.8,52.5,77.42,71.72,C
22,Mathematics,4.9,74.5,55.19,55.14,74.81,70.69,74.9,39.06,63.25,F
21,CS,5.5,76.38,84.41,31.99,55.14,45.68,100.0,91.82,63.53,D
21,Engineering,2.4,77.26,64.98,61.15,79.31,58.78,80.3,84.34,69.72,C
21,Business,3.1,81.01,94.41,77.58,77.32,79.35,71.9,48.68,79.26,A
23,Engineering,3.7,92.94,55.04,60.79,85.14,71.05,55.5,69.5,67.02,D
24,CS,5.1,90.02,72.07,73.37,91.36,57.91,60.8,52.64,72.71,C
21,Business,1.6,86.36,61.11,98.92,76.45,72.95,87.4,74.12,81.26,A
21,Business,6.9,91.15,45.28,48.2,65.92,56.15,72.0,64.5,58.93,F
24,Mathematics,5.0,88.96,63.27,54.3,89.49,61.82,65.6,72.2,67.92,D
22,Business,4.8,72.46,74.76,83.3,79.71,69.01,64.7,54.42,76.56,B
23,Engineering,5.6,77.95,67.15,59.66,89.11,85.02,88.8,64.58,75.59,B
20,CS,3.7,63.13,75.03,74.11,57.36,86.11,75.9,53.49,73.55,B
18,Engineering,7.2,73.17,51.71,78.18,62.04,76.4,57.0,83.76,72.24,C
18,CS,2.2,74.58,87.22,68.55,72.34,60.02,56.9,75.35,72.19,C
23,Engineering,0.8,77.46,55.69,65.47,78.84,66.98,30.8,80.69,64.2,D
23,Engineering,4.1,91.98,56.67,52.75,63.22,63.26,42.6,66.17,59.06,F
21,CS,1.7,91.06,71.3,69.48,77.18,66.45,70.3,75.75,72.1,C
24,CS,9.7,93.48,60.06,85.54,88.64,60.01,57.1,87.39,79.27,A
20,CS,6.4,75.61,59.95,70.54,69.03,66.61,81.4,77.03,72.54,C
22,Mathematics,4.0,82.68,67.32,8.07,82.14,78.05,100.0,58.82,57.8,F
20,Business,4.4,82.39,61.26,55.41,68.63,70.28,35.5,87.31,64.19,D
20,Mathematics,6.5,91.35,74.45,55.65,70.07,68.46,96.0,71.49,72.36,C
22,Business,0.1,84.86,64.05,67.12,77.72,69.24,78.1,90.35,71.88,C
22,CS,10.5,67.11,50.01,57.54,80.3,75.93,72.6,88.26,72.03,C
22,Engineering,5.5,86.57,94.74,88.88,76.53,84.67,39.2,90.06,85.47,A
22,Business,5.7,66.8,42.6,50.38,94.27,40.25,87.1,74.55,62.83,F
18,CS,5.8,85.96,66.67,63.33,68.59,84.77,72.5,61.52,71.64,C
22,CS,2.5,71.66,52.46,78.07,78.73,63.38,59.6,68.66,69.31,C
20,Business,5.7,93.3,89.51,72.79,75.02,68.16,100.0,86.37,82.7,A
23,CS,4.9,70.07,79.89,64.58,68.22,49.91,79.2,72.7,70.71,C
22,CS,4.0,100.0,67.66,66.24,62.81,94.98,57.3,91.03,73.91,B
23,CS,4.4,92.64,61.14,59.56,58.84,61.17,51.1,71.62,62.57,F
18,CS,6.2,100.0,70.12,59.38,63.33,65.91,52.4,88.89,68.45,D
24,CS,6.8,78.74,54.89,60.16,78.46,68.67,55.3,58.65,65.89,D
18,CS,2.6,71.63,69.25,76.66,67.35,77.71,42.4,66.49,70.8,C
22,CS,1.9,79.55,49.99,64.57,98.01,78.37,92.2,69.54,72.95,B
24,Engineering,4.6,54.07,44.64,39.09,65.13,77.53,67.6,80.19,59.13,F
24,Engineering,4.1,74.88,67.22,91.35,100.0,59.79,82.7,58.64,81.0,A
21,Engineering,5.4,54.16,77.47,58.31,62.44,91.04,57.3,64.51,70.89,C
18,Mathematics,0.0,87.55,63.31,86.47,54.4,73.02,96.5,68.62,74.23,B
20,CS,0.7,76.4,51.73,76.03,80.18,72.88,61.6,41.0,66.72,D
22,Engineering,3.6,65.05,71.48,83.75,62.01,60.54,40.7,75.93,71.27,C
21,Mathematics,5.0,89.08,39.35,81.72,72.54,71.32,50.7,78.64,69.4,C
23,Business,6.8,69.71,64.09,50.46,91.36,78.25,62.1,66.81,69.69,C
20,CS,6.4,80.85,48.23,58.75,71.45,65.75,83.3,77.75,67.16,D
20,Mathematics,6.9,76.65,63.31,62.3,84.14,59.7,83.1,100.0,74.69,B
20,Engineering,3.1,70.43,99.36,74.07,99.71,95.92,83.6,80.36,89.38,A
20,CS,4.8,100.0,71.8,53.13,75.39,85.81,78.4,83.76,73.1,B
22,Business,4.4,87.48,63.21,70.85,84.48,61.73,74.6,95.2,75.01,B
21,Business,2.7,89.64,83.21,59.74,70.79,82.75,60.3,100.0,74.97,B
23,Engineering,1.0,62.32,81.43,66.48,59.11,80.99,61.8,76.23,71.55,C
23,Mathematics,1.7,75.54,69.23,71.83,84.79,59.38,67.8,67.01,71.35,C
19,CS,2.7,72.54,42.09,67.74,70.51,60.03,44.9,100.0,64.16,D
21,Engineering,7.3,72.99,66.38,51.78,76.46,98.9,49.1,73.43,71.02,C
24,Business,5.9,78.33,81.46,65.1,81.82,63.74,61.5,51.37,71.89,C
18,Engineering,3.7,73.21,76.35,61.09,64.69,53.0,41.9,88.0,66.09,D
18,Business,6.0,65.21,80.19,52.67,85.91,54.24,100.0,80.58,73.92,B
22,CS,5.7,84.97,68.44,51.39,53.88,59.43,65.9,55.6,61.1,F
20,Engineering,4.6,89.92,70.86,82.37,49.4,52.42,61.9,81.65,70.81,C
21,Mathematics,5.4,77.67,47.74,67.42,74.91,62.32,75.2,87.05,69.28,C
19,Business,2.7,77.3,61.58,59.01,59.99,88.54,59.5,64.15,66.01,D
23,Mathematics,2.9,100.0,66.12,69.1,84.7,57.01,78.9,73.0,71.85,C
22,CS,1.1,87.79,49.32,67.91,65.69,76.48,100.0,72.71,69.38,C
18,Mathematics,2.3,96.38,83.02,43.73,57.88,71.95,64.2,95.88,66.36,D
20,CS,6.7,81.59,87.35,79.69,73.03,70.95,98.1,81.94,84.33,A
21,CS,3.8,81.99,70.12,79.58,96.44,100.0,88.8,45.87,82.73,A
23,Engineering,5.4,70.62,87.23,89.67,58.56,59.95,62.7,75.09,78.6,A
22,Engineering,2.2,74.62,52.85,51.66,81.33,65.53,53.3,57.09,60.24,F
21,Engineering,7.3,76.16,54.66,55.28,71.34,61.17,63.3,91.25,66.5,D
19,Engineering,4.8,71.56,67.23,88.75,65.7,88.6,45.2,80.69,78.21,A
18,Mathematics,3.9,100.0,90.61,57.13,59.39,76.23,98.3,64.2,73.8,B
19,Mathematics,3.3,74.22,44.75,98.86,84.6,88.79,100.0,86.37,84.9,A
19,Business,4.8,87.98,47.51,84.66,72.59,71.35,41.0,87.07,71.7,C
24,Business,4.0,92.52,38.93,46.86,52.84,67.82,100.0,49.86,56.93,F
22,Mathematics,2.1,100.0,84.21,53.3,69.5,52.25,65.3,59.29,64.6,D
19,CS,3.7,100.0,48.61,59.0,69.73,84.32,35.7,85.35,64.48,D
19,Engineering,7.3,83.93,74.42,55.23,80.96,79.12,77.8,36.19,70.51,C
23,CS,3.2,100.0,50.38,78.44,74.92,67.64,28.1,76.28,67.03,D
21,Engineering,4.5,80.04,68.2,43.45,90.43,68.76,70.8,86.56,68.54,C
21,Business,3.5,85.27,72.39,62.74,100.0,90.82,56.9,75.12,76.88,B
18,Business,3.5,84.0,53.7,59.74,65.43,47.81,82.1,69.24,62.53,F
23,Engineering,4.6,86.96,47.25,78.79,74.79,59.85,67.0,54.49,67.73,D
23,CS,4.0,83.23,56.56,48.64,74.06,43.2,39.1,76.12,57.01,F
24,Engineering,6.4,80.72,50.76,66.71,68.36,58.25,55.0,75.99,65.46,D
21,Business,1.5,92.81,66.43,32.1,79.18,62.59,71.5,93.38,61.42,F
18,Engineering,1.8,91.71,34.49,70.69,62.85,67.88,98.2,85.85,67.02,D
20,Business,4.8,65.39,67.51,51.3,75.48,92.29,61.2,59.44,68.52,C
19,Mathematics,3.9,83.88,49.01,74.25,59.58,67.14,30.2,86.68,64.72,D
24,Engineering,6.4,93.02,85.74,55.53,78.39,54.69,48.5,78.14,69.63,C
20,Engineering,2.9,87.35,64.17,57.52,93.29,87.38,71.7,66.97,72.51,C
21,CS,5.6,78.93,55.69,39.81,63.99,42.43,80.3,80.88,57.96,F
22,Business,3.0,98.1,90.6,77.16,70.05,83.99,81.4,98.83,83.9,A
19,Business,4.1,81.73,76.73,75.69,69.31,57.26,75.7,74.03,74.06,B
23,Business,4.4,100.0,91.94,61.96,89.83,74.74,100.0,63.65,80.23,A
19,Engineering,5.5,100.0,59.66,77.09,72.05,88.11,48.6,81.26,74.82,B
23,Mathematics,6.2,83.77,77.55,72.18,74.05,63.11,100.0,53.56,76.19,B
21,Engineering,4.3,100.0,59.57,64.34,82.44,72.71,100.0,76.53,74.29,B
21,Engineering,6.5,89.16,96.83,52.44,92.56,82.02,16.7,58.63,72.07,C
23,CS,6.3,68.2,100.0,46.08,71.42,61.79,95.5,72.62,73.77,B
18,Engineering,4.7,89.99,48.68,51.17,100.0,100.0,63.9,42.59,68.09,D
24,Mathematics,5.1,97.02,46.25,82.94,68.89,61.48,82.5,66.47,71.13,C
20,Business,0.6,92.68,70.35,69.74,58.45,82.0,64.4,70.03,69.8,C
24,Business,2.4,100.0,73.16,38.2,74.47,63.93,79.8,77.73,63.8,D
21,Business,4.2,79.2,62.97,38.27,92.89,82.33,47.4,74.91,64.69,D
19,Engineering,3.7,56.27,63.1,66.26,76.37,62.93,46.3,70.03,66.88,D
18,Engineering,4.0,61.55,79.2,81.98,80.17,61.61,59.8,66.69,76.35,B
18,Business,2.1,75.64,65.08,62.68,74.88,73.09,67.2,76.74,69.46,C
23,Business,5.5,78.49,74.16,75.54,100.0,38.77,78.7,98.7,78.8,A
22,Business,7.5,73.66,68.72,43.44,93.03,91.37,85.3,83.43,75.06,B
20,Business,6.3,78.72,76.86,55.79,62.96,77.65,80.5,90.76,73.48,B
19,Business,6.0,75.78,83.41,60.53,50.95,72.56,62.2,68.26,69.41,C
20,CS,4.1,73.57,81.27,76.56,77.17,92.06,58.2,59.24,78.4,A
19,Business,5.2,94.22,61.59,61.31,55.29,93.01,77.5,58.82,69.19,C
19,CS,2.8,60.8,61.83,62.42,88.77,71.91,74.8,59.78,70.05,C
21,Mathematics,8.2,78.29,52.95,83.78,69.05,64.93,40.2,70.63,71.0,C
22,Engineering,5.5,94.11,73.24,67.27,65.71,75.08,61.7,69.23,71.79,C
21,Business,6.9,65.58,43.92,71.94,47.54,68.01,61.5,84.85,65.78,D
21,Mathematics,2.6,78.91,66.93,59.99,58.88,84.97,46.5,96.64,68.57,C
21,Engineering,5.0,95.28,53.95,59.78,81.7,62.36,69.2,65.61,66.31,D
21,Engineering,3.7,83.06,50.84,44.08,75.15,87.93,55.6,74.85,62.75,F
22,Business,3.8,94.19,59.62,73.02,63.92,65.72,59.6,57.99,66.94,D
21,CS,5.1,62.76,70.29,72.09,44.87,70.67,83.6,57.6,69.69,C
23,Mathematics,3.6,76.53,48.84,86.42,86.71,65.25,60.5,55.35,71.87,C
18,Engineering,4.3,100.0,77.38,37.39,86.88,64.66,62.0,81.67,65.94,D
23,Engineering,5.0,59.08,88.31,61.84,73.9,72.16,86.7,72.81,76.57,B
22,Engineering,3.7,86.85,59.52,78.2,73.33,45.4,74.2,94.75,71.92,C
24,Engineering,3.6,63.77,68.36,59.63,87.42,78.28,89.7,74.69,74.65,B
21,CS,6.2,86.25,46.43,57.52,76.98,62.84,81.1,87.77,67.5,D
19,Engineering,3.9,85.45,52.87,82.77,76.06,68.07,52.3,93.07,73.51,B
18,CS,6.5,79.38,62.53,84.64,61.27,43.41,24.5,93.61,68.66,C
22,Engineering,1.7,74.84,57.25,41.75,63.94,78.59,62.4,60.23,58.47,F
20,Business,4.7,68.8,75.72,77.2,71.48,56.98,77.3,70.0,74.65,B
24,CS,1.6,81.28,75.54,61.53,74.72,60.57,41.9,90.63,67.91,D
22,CS,4.4,67.88,77.84,60.98,80.11,70.17,36.1,63.8,68.59,C
18,Business,1.9,87.51,92.51,66.39,83.8,77.73,84.9,82.56,80.34,A
18,CS,3.1,98.55,35.21,54.39,81.14,67.95,85.9,91.59,65.02,D
20,Business,3.3,89.15,69.25,95.14,79.23,69.23,50.9,40.0,75.4,B
23,CS,5.7,89.15,57.94,49.5,68.35,57.79,44.4,95.03,62.15,F
19,Engineering,0.0,83.37,65.13,77.11,99.59,93.17,72.2,86.14,80.91,A
19,CS,7.4,70.53,59.95,58.36,72.89,73.74,46.6,53.0,65.15,D
18,CS,3.8,88.21,90.78,91.15,60.94,71.22,58.1,56.27,78.66,A
19,CS,4.8,85.23,64.05,44.77,76.61,51.91,81.9,68.07,62.92,F
19,Business,6.4,74.1,46.57,35.0,90.46,41.99,43.1,73.43,54.53,F
22,Engineering,4.9,72.24,71.35,70.76,100.0,48.13,90.9,68.7,76.13,B
18,Business,4.4,90.28,34.43,69.06,92.07,87.28,20.6,70.6,65.83,D
22,Business,3.5,70.01,76.42,78.52,61.37,63.84,68.6,62.4,72.47,C
24,Engineering,1.6,86.26,63.93,60.33,82.56,51.59,86.7,61.87,66.66,D
18,CS,5.2,77.05,38.09,73.58,69.58,58.92,69.8,90.95,67.64,D
23,Business,4.5,95.82,68.05,49.59,100.0,81.42,55.2,87.44,72.21,C
19,CS,1.6,96.77,46.25,38.9,70.56,75.04,99.0,79.45,61.4,F
24,Engineering,6.3,76.89,84.43,70.7,77.68,86.04,73.2,75.08,80.63,A
21,CS,6.1,73.58,78.44,75.58,60.1,85.51,100.0,86.22,81.88,A
19,Engineering,2.4,77.82,72.82,88.52,79.03,59.59,83.2,64.01,77.83,A
21,Business,0.7,74.51,63.25,65.46,60.41,63.03,65.6,100.0,67.71,D
24,Engineering,5.2,73.41,58.19,80.87,71.45,71.59,90.1,72.58,76.22,B
21,Engineering,7.8,66.54,59.37,22.61,70.15,58.62,75.4,67.51,56.16,F
18,Engineering,3.7,69.57,61.23,38.14,51.94,99.24,42.5,55.97,58.06,F
18,CS,1.7,88.16,72.68,71.14,75.71,53.62,51.9,50.73,66.39,D
19,CS,5.6,81.23,64.88,63.83,79.11,55.56,98.9,62.66,71.28,C
22,Mathematics,6.4,69.51,58.5,91.76,96.96,64.55,71.6,71.85,81.0,A
18,Engineering,5.3,76.51,80.03,87.14,73.94,86.81,70.7,44.21,80.4,A
24,CS,7.2,78.14,59.31,74.65,80.19,56.41,65.7,70.08,71.92,C
23,Business,2.5,73.48,47.17,45.1,76.19,56.04,100.0,96.64,63.71,D
22,Mathematics,4.8,100.0,81.8,38.66,69.65,64.74,74.2,86.67,66.6,D
23,Business,5.0,93.19,68.15,52.82,70.87,92.16,71.7,60.6,69.66,C
21,Engineering,2.5,71.82,62.93,66.34,83.15,60.76,62.3,85.5,70.1,C
22,CS,3.1,83.2,60.2,52.9,64.3,75.11,52.6,97.54,65.39,D
20,Business,7.4,88.24,58.97,38.52,69.01,54.39,65.8,77.6,59.9,F
21,Engineering,5.6,81.78,77.09,60.54,54.45,61.82,90.9,91.63,72.07,C
23,Business,3.3,69.28,87.12,68.59,84.85,65.97,71.5,90.33,78.46,A
24,Engineering,5.6,77.38,51.48,69.77,75.96,67.72,39.2,72.83,66.78,D
23,Engineering,2.0,85.54,49.56,68.46,66.39,84.25,82.0,90.01,71.25,C
22,Mathematics,6.3,76.37,61.13,74.71,88.23,63.76,58.1,38.58,70.26,C
21,CS,3.9,88.63,71.62,82.65,68.16,99.67,70.7,78.14,81.13,A
24,Business,0.0,75.0,72.39,49.28,68.38,84.18,100.0,79.12,70.06,C
19,Engineering,2.2,78.56,75.3,74.31,53.45,63.09,34.5,59.32,65.32,D
19,Business,5.3,63.85,54.81,45.24,84.51,95.37,45.5,83.56,67.07,D
24,Business,4.6,85.23,77.6,74.63,84.52,52.43,89.3,77.83,77.46,A
18,Mathematics,4.8,76.82,64.24,79.69,67.33,68.32,85.2,74.52,75.47,B
19,Engineering,5.7,87.68,74.93,75.88,70.59,67.53,48.4,70.67,73.22,B
22,Business,6.8,86.42,55.32,51.52,63.92,99.43,56.3,98.41,69.89,C
24,CS,6.1,83.63,64.09,70.1,58.82,62.43,69.9,51.91,67.27,D
22,CS,3.3,81.1,90.58,63.29,36.48,74.68,74.9,86.55,71.57,C
21,CS,1.2,69.64,47.24,69.05,84.59,98.81,85.1,88.12,75.6,B
22,Business,4.0,82.8,62.06,55.99,74.93,73.87,78.6,39.28,65.32,D
19,Business,5.1,83.06,34.5,75.19,66.31,52.62,72.7,100.0,67.12,D
23,Business,5.8,85.15,77.54,54.78,82.27,77.31,60.9,96.83,74.55,B
24,Business,0.5,79.7,48.0,86.2,80.81,72.71,50.2,88.65,72.62,C
22,CS,5.8,55.07,74.65,51.37,93.72,76.68,27.8,82.74,69.86,C
18,CS,3.9,74.06,71.16,51.6,76.17,73.89,50.1,78.73,67.05,D
21,Business,5.3,85.63,57.39,56.95,88.67,57.1,89.1,83.04,70.29,C
23,Engineering,2.7,70.97,74.9,54.19,100.0,78.17,61.2,99.86,75.42,B
21,CS,5.8,77.76,77.65,76.62,72.69,85.61,97.3,78.06,82.7,A
18,CS,2.4,88.85,56.21,35.55,69.39,61.75,76.2,79.41,58.34,F
20,Business,5.9,66.49,53.97,56.44,81.89,72.08,95.5,89.56,72.28,C
22,CS,4.1,79.04,43.59,58.52,70.31,75.51,64.4,75.73,64.21,D
18,Business,5.1,77.86,47.18,64.02,84.16,60.89,75.9,92.83,69.82,C
24,Engineering,3.8,90.66,45.94,63.46,73.32,63.3,90.2,51.59,64.8,D
21,Business,2.9,67.76,60.71,57.65,86.33,86.81,58.7,61.99,68.93,C
18,Business,5.0,63.57,57.57,71.13,77.73,81.53,63.1,86.47,74.2,B
18,CS,5.9,60.95,82.5,71.66,35.32,70.34,87.1,73.3,72.84,B
19,Engineering,3.8,56.4,54.03,82.68,60.81,94.21,88.0,50.32,74.6,B
21,Business,3.1,94.27,71.67,47.61,78.78,85.17,49.2,64.06,66.09,D
23,Mathematics,2.1,76.45,65.25,71.91,78.65,88.92,100.0,70.81,77.89,A
23,Mathematics,2.1,78.2,58.76,57.88,63.51,55.97,57.0,77.59,61.55,F
18,Engineering,7.4,80.65,60.14,61.07,59.54,40.24,97.3,69.98,65.74,D
22,Business,5.7,81.85,66.44,90.09,87.56,81.64,54.8,78.78,81.9,A
19,Engineering,4.2,99.16,94.78,64.28,86.8,70.59,21.8,64.04,72.53,C
18,CS,6.6,77.94,81.15,68.07,62.48,84.1,63.3,83.28,76.6,B
21,Business,4.0,68.99,64.35,47.7,86.38,67.08,83.5,100.0,70.55,C
24,Business,3.3,81.06,73.0,75.32,77.16,79.58,70.1,89.52,78.32,A
20,Engineering,4.5,83.3,69.03,56.11,85.8,54.41,81.4,98.6,71.92,C
24,Engineering,5.9,76.57,65.37,80.42,72.68,56.51,74.6,98.88,76.88,B
24,CS,3.9,87.01,75.19,68.36,100.0,72.75,76.2,46.07,75.64,B
24,Mathematics,6.8,96.7,65.3,69.52,71.32,54.57,65.7,75.57,70.33,C
20,CS,4.7,68.89,41.43,35.43,88.74,58.41,41.9,90.87,56.61,F
22,Engineering,6.3,75.22,72.45,50.16,85.99,77.72,67.6,75.86,71.59,C
19,CS,7.1,75.14,70.58,70.77,73.12,93.15,81.6,72.33,79.23,A
23,CS,4.1,85.21,93.58,62.2,84.01,69.4,100.0,75.55,79.99,A
21,Business,4.1,84.12,45.61,71.45,54.98,65.53,84.4,74.51,66.57,D
18,Business,7.5,78.68,51.21,76.78,74.02,74.74,52.5,100.0,74.59,B
24,Mathematics,7.0,86.19,43.34,56.44,75.98,85.87,52.7,80.46,66.69,D
18,Mathematics,3.1,78.1,61.99,70.57,82.0,89.44,65.7,78.33,75.24,B
23,Business,6.1,55.98,59.67,52.68,93.11,55.55,69.6,78.82,67.93,D
19,Mathematics,5.3,70.07,88.51,42.96,93.35,60.11,58.5,64.19,68.53,C
24,Business,3.9,92.49,44.4,58.7,85.31,57.7,59.6,84.09,64.26,D
23,Engineering,6.0,74.73,85.14,57.51,66.89,93.55,69.9,90.62,77.4,A
22,CS,4.2,98.57,66.68,30.82,73.32,100.0,76.5,44.55,62.78,F
23,CS,3.4,81.95,56.02,63.79,75.6,64.66,40.8,76.43,64.8,D
24,CS,6.4,82.07,94.7,60.5,71.72,83.29,95.7,65.71,79.68,A
18,Engineering,3.2,75.13,72.68,76.12,48.16,54.14,77.4,80.13,70.07,C
19,CS,4.0,94.96,68.19,44.86,86.89,72.45,91.7,63.71,68.54,C
24,Business,1.4,79.22,79.85,68.87,60.97,90.76,71.6,72.29,74.48,B
20,Engineering,3.4,92.6,69.64,78.12,80.65,56.96,33.3,80.92,71.13,C
20,Business,8.0,67.54,54.17,71.98,72.62,93.24,75.7,69.09,75.79,B
18,CS,2.8,68.01,35.75,78.32,54.9,66.72,64.3,94.55,66.17,D
22,Business,6.0,100.0,53.32,44.67,82.08,50.65,20.8,45.69,53.62,F
23,CS,2.8,86.45,69.38,78.51,96.5,67.64,43.5,67.14,74.51,B
22,Business,5.6,76.33,71.39,57.1,85.94,78.57,99.6,98.37,78.68,A
20,Business,5.7,79.23,70.41,71.0,55.45,78.23,56.6,86.1,72.55,C
23,Business,3.4,83.87,50.18,44.97,57.18,78.43,56.9,64.56,57.71,F
19,CS,5.5,99.8,67.04,80.03,77.14,34.35,41.6,78.16,68.87,C
23,Business,4.7,80.29,68.16,46.73,65.78,39.83,58.9,78.48,59.58,F
19,Engineering,3.5,99.63,83.15,49.63,78.69,58.02,48.2,56.85,64.28,D
18,CS,3.2,66.96,75.1,55.35,70.46,75.3,35.8,80.09,66.68,D
23,Mathematics,3.7,63.2,74.04,71.37,89.52,80.78,72.9,51.26,76.03,B
19,CS,1.2,81.57,78.05,64.37,83.26,74.63,80.9,66.42,73.94,B
19,Engineering,5.1,95.76,81.7,43.39,90.03,65.86,73.6,75.43,70.19,C
18,Business,5.5,79.25,58.43,70.84,71.25,89.73,80.7,64.71,74.38,B
19,CS,4.7,83.54,75.87,62.11,73.82,78.05,38.9,85.5,71.38,C
18,Engineering,5.7,90.46,63.43,50.27,82.99,59.0,59.4,100.0,67.86,D
19,Engineering,3.6,71.6,73.32,47.65,84.46,77.25,80.7,68.81,69.97,C
23,Engineering,3.2,62.17,46.17,49.69,75.17,63.32,62.4,58.56,58.61,F
20,CS,5.1,83.19,76.5,61.15,96.1,69.83,77.2,82.12,77.02,B
20,Business,6.9,72.48,76.96,65.41,72.14,80.45,61.4,78.93,75.39,B
24,Business,0.4,78.85,97.85,63.78,65.21,78.38,53.4,83.32,74.11,B
20,CS,2.8,58.37,56.55,51.59,70.07,68.77,88.5,72.99,65.16,D
22,Engineering,2.6,84.69,67.56,61.41,83.97,74.03,66.3,66.05,70.17,C
21,CS,2.7,71.69,64.65,72.34,78.74,55.09,83.7,64.31,70.86,C
24,CS,4.6,85.06,44.47,62.05,67.63,100.0,56.2,69.61,67.53,D
22,CS,4.0,60.94,60.79,78.2,78.22,82.23,59.8,80.4,75.71,B
22,CS,5.1,73.92,84.31,54.24,79.75,39.09,47.7,47.43,63.02,F
18,Engineering,5.0,88.24,40.46,47.01,68.58,78.76,98.5,93.12,65.96,D
23,Business,5.0,100.0,75.4,59.57,67.56,78.51,77.0,79.74,73.04,B
23,Engineering,0.7,92.13,67.89,44.31,61.85,82.39,68.2,76.37,63.31,F
23,CS,7.0,75.77,72.51,68.47,84.43,78.78,90.0,71.19,79.14,A
19,Business,3.6,84.62,42.12,74.29,75.18,56.3,67.8,81.55,67.17,D
23,Engineering,7.7,83.81,62.46,81.2,62.26,68.73,89.1,69.35,76.2,B
21,Engineering,7.2,60.04,56.19,100.0,92.21,47.7,41.4,82.89,78.25,A
23,CS,6.4,72.01,48.03,57.53,67.99,79.15,80.2,78.34,67.99,D
22,Business,4.2,73.2,51.24,45.63,85.69,77.72,68.7,86.21,66.04,D
19,CS,3.7,79.85,63.38,53.06,85.09,62.59,100.0,79.29,70.52,C
20,Business,2.9,87.81,84.64,49.21,60.72,72.0,73.9,92.62,69.7,C
23,Business,3.0,100.0,70.0,76.66,52.56,48.47,73.8,95.43,70.58,C
21,Mathematics,4.1,89.32,50.65,85.5,77.05,83.16,43.5,100.0,76.21,B
20,Business,6.1,64.05,59.99,82.55,85.65,56.36,38.3,94.92,74.44,B
18,CS,4.7,87.53,88.73,47.31,59.55,71.42,87.6,96.28,72.32,C
24,Mathematics,2.2,75.72,84.27,49.96,69.49,87.32,79.8,74.59,71.9,C
23,CS,6.8,83.03,40.95,67.27,76.14,67.24,89.6,70.28,69.27,C
24,Business,4.7,82.54,49.49,37.3,78.87,47.69,69.6,59.01,55.28,F
22,CS,4.0,94.99,91.01,76.48,77.92,47.76,82.0,76.73,77.87,A
19,CS,1.8,78.24,47.5,61.67,93.91,74.41,63.9,72.49,67.79,D
24,CS,4.1,70.56,69.27,52.66,100.0,85.9,73.5,83.9,75.33,B
19,CS,2.5,80.66,49.81,55.74,65.06,50.19,48.4,100.0,60.06,F
23,Business,3.9,84.38,76.02,82.03,97.79,71.37,85.0,83.77,84.01,A
20,Business,3.7,98.4,35.53,70.63,82.42,49.97,57.1,72.06,62.92,F
24,CS,4.4,71.41,65.84,43.67,60.4,69.03,60.9,59.46,59.92,F
20,Engineering,4.3,68.03,76.28,75.16,74.61,57.99,70.6,70.07,73.91,B
21,Engineering,3.1,63.41,27.9,59.66,91.52,78.7,73.3,100.0,67.89,D
20,Engineering,6.2,83.17,56.97,38.65,76.31,86.12,95.8,67.27,66.76,D
24,Business,4.6,79.08,63.76,47.61,65.26,58.83,67.5,51.03,59.8,F
24,CS,2.1,98.01,69.59,63.7,74.38,67.45,94.5,61.62,70.96,C
20,CS,6.0,100.0,100.0,63.98,84.37,79.55,93.6,58.85,82.03,A
24,Engineering,6.9,59.2,77.87,58.15,75.24,63.38,85.6,68.98,72.72,C
19,Engineering,5.9,90.79,56.76,65.34,64.59,95.08,72.9,62.28,71.37,C
18,CS,3.3,69.31,72.6,60.92,81.8,80.8,62.1,70.93,72.14,C
18,Mathematics,5.3,74.31,66.76,68.13,71.96,71.69,100.0,95.98,77.59,A
20,CS,2.6,89.26,91.78,69.1,76.85,61.91,44.0,85.67,74.17,B
24,CS,5.9,63.23,68.72,30.16,85.39,56.83,100.0,85.0,65.58,D
23,CS,4.3,84.64,77.24,96.94,58.13,62.17,53.9,80.49,78.16,A
18,CS,4.0,73.68,77.79,75.47,70.75,69.23,70.9,64.57,74.74,B
20,CS,5.2,77.07,68.88,66.96,78.3,77.99,56.8,56.32,71.22,C
24,CS,4.0,80.53,65.76,57.62,68.05,54.41,69.0,77.26,65.43,D
19,Business,1.9,80.21,70.59,35.06,71.83,60.61,65.0,78.74,59.83,F
19,CS,3.1,70.31,62.4,79.29,82.93,59.42,81.2,76.75,74.96,B
20,CS,7.5,69.94,41.43,46.34,82.55,51.47,83.3,63.06,60.68,F
22,Business,7.1,87.42,79.59,82.65,82.33,86.76,65.2,79.83,84.13,A
19,Business,5.5,86.8,28.68,40.84,73.75,35.35,100.0,91.13,56.22,F
23,Engineering,0.0,68.97,68.78,64.78,79.77,68.38,61.5,88.25,70.39,C
18,Engineering,5.0,82.13,83.01,56.24,59.53,58.53,88.8,71.44,69.71,C
18,CS,2.6,91.0,51.03,42.41,81.21,88.02,91.2,69.59,65.69,D
23,Business,2.5,68.51,61.02,67.3,78.34,68.81,54.5,50.63,66.23,D
20,Mathematics,4.3,93.56,83.19,50.54,92.59,77.08,96.4,60.25,75.07,B
18,Business,4.4,83.05,56.01,59.91,81.71,55.42,100.0,74.91,69.44,C
23,Mathematics,7.7,83.78,54.46,51.06,69.03,78.36,62.3,94.41,67.84,D
21,Engineering,6.5,84.43,63.14,60.97,96.93,76.04,56.9,92.3,75.03,B
18,Business,2.9,92.06,71.99,31.7,83.28,55.81,58.6,86.87,60.77,F
23,Engineering,7.2,90.22,39.81,46.12,72.73,68.57,61.7,78.26,60.59,F
19,CS,4.6,76.77,64.48,75.21,69.79,50.18,75.2,67.76,70.05,C
22,Business,2.2,71.91,73.48,42.94,66.46,71.94,100.0,67.44,66.18,D
23,Engineering,4.0,83.05,75.11,100.0,75.0,30.42,78.4,73.12,77.99,A
19,Mathematics,1.9,75.34,66.54,55.33,84.08,70.45,42.9,71.14,65.44,D
21,Business,7.7,74.66,69.46,75.95,48.71,74.51,96.0,59.41,74.55,B
18,Mathematics,4.5,48.78,63.5,77.59,75.8,58.63,63.2,54.45,70.16,C
22,Engineering,6.5,84.27,74.36,29.25,60.11,63.28,35.8,68.35,55.82,F
24,Business,6.4,66.14,61.56,48.38,60.12,66.54,81.1,87.95,65.93,D
22,CS,3.9,60.0,71.04,61.29,76.54,67.07,82.5,61.55,70.49,C
20,Business,4.8,83.1,62.95,89.69,52.43,28.71,87.0,68.71,69.64,C
21,CS,4.9,67.23,64.32,86.83,100.0,69.97,88.7,71.32,82.86,A
24,Engineering,5.9,84.71,57.07,86.03,81.47,64.74,89.9,75.71,78.67,A
24,CS,2.7,100.0,91.86,77.27,89.02,56.0,87.3,89.98,82.38,A
24,CS,4.3,82.4,32.49,66.71,73.15,81.7,89.9,73.98,68.28,D
20,Business,8.5,71.9,71.28,67.13,91.28,71.26,87.4,60.43,77.81,A
23,Engineering,4.9,81.09,64.59,53.4,97.86,83.86,79.5,78.85,74.48,B
19,Engineering,5.2,68.45,65.64,68.53,76.1,48.99,80.9,72.33,70.37,C
20,CS,6.2,92.73,40.9,54.81,76.16,94.12,89.5,75.88,69.8,C
18,CS,3.1,75.51,67.39,61.29,67.94,88.66,88.1,54.06,71.12,C
18,Engineering,6.3,82.54,53.2,49.41,71.62,64.11,86.2,67.87,64.38,D
18,Business,3.5,69.79,74.39,40.33,97.69,64.23,100.0,72.25,70.24,C
22,CS,0.3,69.32,55.73,55.89,74.02,86.76,63.3,77.55,66.26,D
19,CS,1.5,100.0,64.3,81.99,80.07,77.89,89.1,41.46,74.96,B
19,Engineering,5.2,61.69,55.83,48.23,76.04,100.0,89.8,93.85,73.01,B
24,CS,6.6,63.15,63.03,84.81,63.77,69.89,100.0,79.88,79.39,A
22,CS,1.2,87.86,81.22,56.98,72.46,70.02,91.2,84.47,72.88,B
21,CS,6.4,89.06,64.15,51.39,73.39,45.38,52.0,42.62,58.72,F
19,Business,1.8,76.8,53.95,38.76,77.99,80.09,48.6,94.32,61.32,F
20,CS,4.7,84.94,69.5,30.27,76.98,66.72,100.0,67.15,63.6,D
20,Engineering,5.4,63.68,93.24,64.95,82.03,65.68,41.7,58.9,73.05,B
20,Business,5.8,82.85,76.12,54.35,74.05,91.54,68.1,68.14,72.89,B
19,Business,3.4,79.84,73.23,60.48,79.15,81.18,69.4,83.84,73.86,B
21,CS,5.8,66.91,59.61,100.0,70.64,53.5,71.0,65.33,77.08,A
21,Business,4.7,57.42,80.11,36.02,80.0,71.11,84.4,88.47,69.13,C
21,CS,5.3,77.62,56.02,76.02,66.03,93.28,43.5,62.52,71.16,C
19,Engineering,5.9,79.76,90.99,45.62,93.16,81.38,99.4,67.56,77.71,A
22,CS,6.1,91.26,56.27,40.88,78.84,84.34,84.1,74.54,66.91,D
20,Mathematics,7.1,78.33,47.84,95.76,77.47,68.34,95.1,70.35,80.26,A
20,CS,3.1,67.27,75.2,36.09,78.99,47.94,60.8,92.25,61.76,F
22,CS,2.3,100.0,35.94,92.11,84.23,77.99,81.9,68.56,75.35,B
20,Mathematics,4.6,85.54,60.54,41.92,91.66,96.25,31.4,53.86,63.7,D
21,CS,6.7,77.13,34.99,36.84,77.58,84.68,91.0,71.1,61.95,F
19,CS,2.9,87.43,60.88,66.92,81.68,95.85,27.4,82.1,71.28,C
24,Engineering,4.5,100.0,54.41,55.63,72.54,68.45,77.3,72.62,65.96,D
23,Business,5.8,70.89,56.4,76.7,71.24,91.23,44.0,83.18,74.28,B
20,Business,6.2,92.62,69.86,55.99,78.53,72.26,76.0,70.67,71.15,C
22,Engineering,6.2,77.51,50.65,64.8,62.32,51.77,80.6,50.46,62.89,F
18,CS,2.8,96.19,65.88,69.85,73.91,90.23,66.0,86.26,75.38,B
19,Engineering,4.7,96.09,68.56,47.03,54.86,68.0,45.2,77.19,60.84,F
20,CS,7.9,83.01,66.4,88.23,59.59,48.52,69.7,69.85,73.87,B
21,CS,4.1,61.11,74.72,48.03,64.34,75.01,54.0,75.82,65.29,D
22,Mathematics,3.9,78.93,57.28,46.82,93.58,78.05,72.3,62.77,66.7,D
20,Mathematics,3.6,73.78,45.75,70.01,67.74,78.49,59.9,100.0,69.88,C
24,Business,5.2,73.34,29.31,50.03,70.76,65.22,43.2,62.59,54.45,F
20,Business,4.3,84.8,55.1,83.61,68.57,53.24,63.4,69.61,69.83,C
24,CS,7.1,70.09,57.51,73.74,72.89,62.61,62.7,53.93,69.16,C
19,CS,4.1,76.95,69.57,79.61,93.24,76.52,78.2,84.9,81.62,A
18,Mathematics,2.1,99.65,55.75,77.15,75.15,68.35,74.7,67.43,71.08,C
24,Mathematics,4.0,86.62,41.79,62.45,61.31,34.92,92.2,65.6,59.31,F
21,Engineering,2.0,70.01,33.34,79.02,62.97,60.4,54.9,94.32,64.8,D
22,Mathematics,2.0,72.1,56.46,36.73,62.53,100.0,93.7,93.45,66.41,D
22,Mathematics,6.2,80.17,28.62,64.04,71.47,74.89,63.9,75.56,63.94,D
20,Business,7.1,94.66,82.98,69.66,85.92,69.34,77.3,91.12,81.18,A
19,Business,4.3,96.05,52.1,80.58,70.95,62.45,61.0,67.12,69.57,C
22,Mathematics,2.6,81.23,58.57,39.27,61.54,85.17,100.0,100.0,66.8,D
23,CS,5.2,78.73,70.96,76.68,81.85,63.93,82.0,97.07,79.57,A
18,CS,3.5,84.12,94.57,66.03,80.41,73.76,77.4,94.06,80.74,A
21,Business,7.1,95.53,52.68,67.94,68.24,63.49,59.5,79.45,68.12,D
22,CS,4.0,68.17,68.62,53.88,49.72,85.31,64.9,69.13,65.55,D
21,Business,2.5,84.38,54.85,61.29,92.54,86.75,70.9,90.19,73.61,B
19,Engineering,6.8,70.57,62.14,53.74,63.97,87.42,70.2,75.76,69.25,C
24,Engineering,3.7,98.74,80.18,49.42,74.8,85.62,76.5,82.77,72.7,C
24,CS,5.6,75.03,49.79,89.94,55.11,53.87,76.3,100.0,73.72,B
18,Business,4.7,78.39,57.01,85.62,62.53,82.03,82.8,73.72,76.77,B
22,Business,5.5,51.97,86.77,59.38,89.48,89.94,54.1,94.68,79.71,A
23,CS,5.0,88.36,72.84,77.14,74.73,38.95,89.4,91.01,75.3,B
19,CS,3.3,91.34,53.93,58.86,100.0,77.51,88.8,81.28,73.73,B
18,Business,3.5,77.78,64.01,81.46,65.35,83.38,90.3,76.19,77.95,A
20,Mathematics,7.3,85.38,41.49,60.39,77.29,42.51,81.3,65.34,62.7,F
18,Engineering,4.4,69.2,62.73,78.87,73.66,97.14,47.4,100.0,78.77,A
23,Engineering,7.0,62.38,36.9,53.08,47.3,49.22,58.8,63.81,53.54,F
23,Engineering,4.2,98.95,73.01,52.44,78.29,68.31,100.0,74.99,71.92,C
22,CS,6.1,100.0,91.33,43.94,76.63,60.72,70.0,76.95,69.8,C
20,CS,1.7,78.87,59.93,61.99,74.34,67.04,52.1,63.43,64.19,D
22,CS,2.0,50.0,61.53,65.39,92.05,45.22,87.8,78.33,70.13,C
21,CS,4.8,87.84,77.45,76.25,72.14,64.98,88.0,89.76,79.11,A
19,Business,2.7,68.98,54.23,58.6,74.43,87.25,48.9,57.09,64.63,D
22,Engineering,7.4,76.8,62.25,73.57,75.52,65.56,51.0,76.03,72.09,C
20,Engineering,7.6,80.33,69.01,86.97,71.66,82.62,68.7,96.47,83.35,A
21,Business,2.0,79.19,38.82,76.05,77.86,53.76,72.0,77.44,66.27,D
22,Mathematics,2.1,83.41,49.83,82.43,68.53,95.07,93.3,77.93,77.41,A
20,CS,5.6,68.54,72.69,74.94,59.5,57.22,87.0,47.62,70.79,C
24,CS,3.2,79.96,64.96,76.97,69.34,79.37,86.2,65.61,75.17,B
23,CS,3.2,80.67,89.73,44.16,96.04,82.62,60.5,86.52,74.3,B
21,Engineering,4.7,72.17,80.12,43.34,88.23,70.18,76.5,60.71,68.86,C
23,Engineering,4.8,80.86,46.8,67.84,79.76,99.14,92.8,62.51,74.48,B
19,Business,6.1,86.09,94.09,64.74,73.0,77.67,62.8,76.16,77.79,A
24,Business,4.9,97.01,52.15,62.22,80.44,63.03,70.3,93.48,69.44,C
20,Business,4.6,70.78,69.39,100.0,71.41,63.79,80.1,61.73,80.64,A
21,Mathematics,6.0,75.01,82.78,38.07,84.68,75.0,59.9,55.71,66.49,D
23,Mathematics,5.2,100.0,57.61,55.66,79.55,59.81,70.4,68.59,65.62,D
18,Business,0.0,76.13,60.73,55.77,60.43,85.0,61.0,85.03,65.29,D
22,Engineering,5.0,64.69,66.01,58.92,100.0,88.27,92.0,64.17,77.24,A
24,CS,7.3,78.17,37.65,53.27,70.26,52.83,46.4,92.91,59.56,F
24,Engineering,4.6,74.14,53.07,72.78,53.84,81.92,77.0,69.82,69.79,C
21,Engineering,6.9,75.77,66.74,81.79,64.13,67.96,90.1,73.68,77.53,A
19,Business,6.1,85.47,65.87,90.11,87.92,83.74,46.3,70.08,80.64,A
22,Business,3.6,100.0,75.75,73.81,75.69,78.45,53.4,80.58,75.61,B
20,Engineering,4.4,79.71,68.08,78.87,79.37,74.61,78.3,73.8,77.78,A
21,Mathematics,5.4,75.54,81.82,61.45,74.79,68.29,62.4,57.76,70.98,C
23,Business,6.8,82.76,62.29,66.75,83.83,49.16,68.8,76.81,70.39,C
22,Business,6.7,75.51,61.43,82.57,70.61,55.68,83.1,100.0,77.66,A
23,CS,3.1,81.86,46.44,58.88,93.58,74.5,36.9,94.38,66.84,D
19,Engineering,5.8,79.55,65.52,60.08,79.09,75.12,93.2,60.42,72.52,C
23,CS,3.4,69.94,56.43,74.11,60.62,79.34,51.8,85.81,69.97,C
24,Engineering,4.9,87.41,90.75,71.63,81.71,64.46,24.0,78.87,74.3,B
19,Business,4.1,81.64,50.75,91.42,74.85,84.1,82.2,72.93,78.98,A
19,Business,6.4,83.29,80.1,31.01,84.79,74.13,76.4,75.62,67.56,D
20,CS,7.9,75.47,91.52,45.91,67.49,69.77,81.0,65.66,71.28,C
22,CS,4.6,74.39,67.45,93.86,78.23,50.24,98.6,67.25,79.8,A
19,Engineering,3.4,64.87,52.68,68.17,64.11,58.07,75.1,82.18,66.74,D
22,CS,7.3,68.91,86.58,46.68,59.99,61.25,71.2,64.87,66.76,D
23,Engineering,4.6,77.38,56.54,94.82,70.34,70.9,73.9,81.13,78.74,A
19,Business,7.3,77.47,83.66,46.7,60.49,73.0,99.3,77.76,72.12,C
22,Engineering,3.2,94.45,56.22,55.22,66.13,62.98,74.5,71.66,63.39,D
22,Engineering,5.5,70.44,63.06,53.53,94.36,81.23,100.0,73.27,75.09,B
19,Business,3.9,81.81,60.11,80.0,82.31,73.59,54.3,84.18,75.2,B
24,Mathematics,4.0,98.36,45.26,65.48,71.2,63.28,71.5,93.44,67.36,D
18,CS,6.0,66.13,56.77,61.56,70.77,75.56,39.6,89.88,67.72,D
18,Business,4.5,89.9,89.59,88.06,71.67,76.55,69.6,100.0,85.78,A
24,Business,7.7,96.92,43.56,83.68,74.52,65.51,60.6,67.71,71.5,C
24,Business,7.5,84.84,82.33,75.03,46.47,60.66,63.0,84.42,73.54,B
20,Business,4.0,67.74,78.44,53.8,52.08,72.81,69.8,92.09,68.75,C
21,CS,6.9,78.91,74.09,84.83,60.64,95.09,79.3,50.54,80.06,A
24,Engineering,5.2,81.53,84.95,40.85,75.08,50.99,88.7,66.24,66.25,D
24,Mathematics,1.5,83.93,99.37,70.25,99.76,88.04,53.6,74.09,82.64,A
23,CS,0.3,78.63,82.03,93.29,57.88,82.0,60.2,81.7,79.72,A
20,Business,6.6,75.68,67.96,61.88,58.76,68.52,67.7,69.41,68.26,D
22,CS,4.3,79.8,80.86,60.62,68.6,72.95,64.6,52.56,69.46,C
18,Mathematics,3.7,76.28,76.7,40.49,75.31,56.7,58.3,77.63,62.73,F
23,Mathematics,3.7,71.18,30.48,34.02,91.21,58.68,66.8,88.75,56.19,F
22,CS,6.6,79.29,53.86,49.07,36.35,73.35,100.0,69.4,62.19,F
19,Business,1.3,97.56,55.12,58.83,70.78,64.52,85.3,80.89,66.24,D
24,Business,3.6,86.23,70.43,72.73,72.41,53.18,26.9,67.52,65.99,D
23,CS,3.7,83.29,69.36,58.65,63.03,54.07,66.1,69.25,64.42,D
22,CS,6.1,72.86,65.78,70.36,61.03,62.38,65.2,75.25,69.87,C
18,Engineering,4.9,67.09,70.24,42.28,69.1,74.84,61.3,74.1,64.31,D
24,CS,2.8,85.23,70.23,63.84,60.2,75.4,88.3,64.21,70.19,C
24,Business,4.6,66.54,85.74,43.94,63.04,75.01,71.8,82.27,68.74,C
23,CS,1.7,70.17,65.26,59.03,64.42,61.2,71.1,51.3,62.69,F
18,Business,4.6,73.49,47.48,51.83,90.13,66.96,82.0,74.01,66.51,D
19,CS,7.6,76.42,43.16,80.35,51.85,82.7,24.0,86.63,67.78,D
18,Business,2.7,69.78,63.29,64.61,72.31,64.67,100.0,100.0,73.94,B
18,Mathematics,4.2,76.33,73.72,61.1,87.16,67.5,65.8,83.34,73.29,B
22,CS,8.2,96.06,62.25,64.65,96.17,92.49,56.8,73.25,77.25,A
19,Business,8.0,72.31,57.87,52.05,79.51,81.51,63.0,71.94,68.84,C
20,Business,5.9,76.0,56.27,30.44,59.51,64.94,71.1,39.58,53.07,F
19,CS,4.2,92.77,73.11,46.91,68.03,56.7,70.3,73.7,63.9,D
20,Engineering,4.7,79.79,78.93,56.13,72.56,61.45,100.0,90.09,74.09,B
21,Engineering,2.5,95.07,57.34,70.47,76.02,74.03,80.3,77.03,72.1,C
21,Mathematics,4.9,99.57,74.23,86.66,59.86,63.38,55.7,97.3,77.08,A
19,Business,4.1,79.57,48.48,70.1,81.54,95.69,78.5,66.45,73.86,B
20,Business,2.6,85.27,90.33,74.55,76.79,91.54,85.5,86.39,84.17,A
20,Engineering,7.9,100.0,82.46,79.11,83.98,57.39,86.8,48.46,78.91,A
22,Business,6.1,53.92,83.01,68.69,71.67,73.31,68.0,85.05,77.31,A
22,Business,5.4,69.28,63.82,65.26,84.64,66.52,58.4,91.63,72.72,C
19,Business,4.0,100.0,64.68,78.43,100.0,93.3,73.4,47.32,79.53,A
20,CS,6.3,51.75,69.29,77.4,68.72,94.19,71.3,69.79,78.77,A
23,Business,5.4,100.0,61.28,63.47,88.45,89.27,71.8,67.2,74.55,B
19,CS,5.1,67.76,66.93,61.78,63.2,59.29,71.6,90.98,69.1,C
22,CS,6.4,67.1,55.17,43.63,72.05,79.56,49.6,100.0,65.02,D
19,CS,7.3,62.97,50.99,59.33,57.33,77.55,79.9,94.44,69.31,C
23,CS,3.2,75.15,93.22,60.29,56.62,59.9,55.1,94.38,70.76,C
23,CS,5.7,95.01,42.64,81.4,78.81,91.31,72.3,85.29,77.07,A
22,CS,5.8,77.41,90.94,76.47,86.79,88.33,66.1,73.45,84.25,A
19,Business,6.7,100.0,71.48,80.38,57.85,71.31,63.0,92.91,76.72,B
21,Business,4.6,93.0,39.03,57.44,53.33,98.31,51.9,85.11,63.78,D
21,Business,4.4,98.15,62.79,60.19,88.43,70.96,64.5,68.9,70.06,C
21,CS,6.3,86.61,84.43,91.32,60.68,64.13,89.2,74.65,82.54,A
23,Engineering,7.8,78.99,43.96,100.0,94.71,69.98,61.3,100.0,83.53,A
20,Mathematics,3.9,63.92,53.62,64.06,84.76,65.52,71.9,92.75,70.9,C
18,CS,2.4,65.53,55.72,39.39,73.4,62.8,70.6,60.22,57.67,F
24,Business,3.5,83.22,72.47,80.23,59.33,68.96,72.8,83.48,75.18,B
18,CS,5.0,78.11,60.27,38.93,65.06,100.0,71.5,63.14,64.46,D
19,Business,3.7,73.64,48.2,63.96,65.56,65.78,88.7,64.37,65.69,D
21,Mathematics,3.2,76.01,64.46,43.59,61.62,60.82,90.2,55.95,60.55,F
21,Business,3.0,82.6,44.27,62.32,71.23,68.67,58.5,100.0,65.88,D
22,Engineering,3.6,100.0,72.06,72.46,62.22,53.94,94.1,77.98,72.58,C
21,Business,3.4,71.45,76.66,35.59,61.05,66.36,79.8,62.19,61.02,F
19,CS,5.5,70.44,36.65,41.66,63.24,44.04,73.4,75.81,53.59,F
23,CS,5.6,88.53,64.43,28.03,75.43,66.51,69.6,92.42,61.59,F
23,CS,1.2,94.61,42.62,54.77,77.16,73.2,64.8,82.71,62.86,F
20,Business,6.9,67.89,54.74,58.72,63.53,62.89,67.8,82.68,66.03,D
22,Business,3.8,64.92,76.46,72.62,69.99,67.02,59.2,92.43,74.69,B
24,CS,2.9,68.73,48.8,57.14,85.04,51.69,48.9,50.88,58.84,F
20,Business,5.0,79.52,50.4,73.83,76.92,88.76,52.4,60.07,70.83,C
18,Business,3.7,55.52,56.28,76.12,82.44,79.23,75.4,57.46,73.48,B
22,Business,3.9,88.33,47.34,49.63,68.01,81.27,72.1,61.45,62.05,F
19,Engineering,3.3,90.57,37.46,75.5,63.31,78.99,63.6,92.57,68.75,C
23,Business,5.5,79.5,54.69,40.59,76.4,56.24,78.6,66.14,60.24,F
24,Engineering,6.1,96.09,26.96,49.86,78.01,73.18,52.8,53.32,56.69,F
20,Business,7.2,75.63,23.4,74.27,72.9,42.9,100.0,70.5,64.98,D
18,CS,5.1,69.44,83.9,61.96,55.53,86.1,49.7,100.0,74.13,B
19,Business,4.4,75.9,74.4,61.27,67.79,73.77,37.1,78.51,68.26,D
20,Business,5.0,64.52,45.52,74.28,86.03,78.68,85.4,80.27,75.16,B
23,CS,5.0,98.66,61.23,85.92,64.71,76.07,98.4,74.34,78.91,A
19,Mathematics,5.3,73.65,51.53,56.64,66.63,62.98,71.1,70.75,63.57,D
22,Engineering,2.3,76.29,54.31,43.13,90.54,92.39,62.7,87.14,67.37,D
18,Business,4.6,97.32,44.17,65.95,70.84,77.09,19.8,70.57,62.15,F
23,Mathematics,4.9,87.33,76.92,52.53,63.11,69.85,47.5,69.83,65.27,D
21,CS,3.0,60.1,70.67,64.11,74.0,78.36,90.2,67.21,73.46,B
19,Business,2.5,97.66,84.73,73.21,100.0,82.75,64.3,100.0,84.0,A
24,CS,4.8,93.03,81.99,45.0,52.63,77.3,70.2,67.48,65.56,D
18,Engineering,3.3,86.87,63.69,76.8,78.31,56.1,70.1,68.46,71.45,C
22,Engineering,4.1,62.87,77.91,72.56,85.1,69.22,39.4,100.0,76.49,B
20,Business,3.9,94.24,66.35,64.71,63.69,47.99,52.2,75.94,64.2,D
18,Business,7.5,86.65,63.71,66.86,84.66,72.38,75.4,54.15,73.06,B
18,CS,2.0,78.34,62.32,79.44,87.66,52.67,57.5,82.46,72.34,C
19,Mathematics,4.3,76.43,51.48,31.58,77.88,66.33,73.9,80.52,58.99,F
22,CS,3.4,61.9,74.7,57.71,78.72,85.51,84.1,75.06,74.5,B
21,Business,3.9,65.82,56.68,54.12,59.71,68.59,67.5,53.54,60.87,F
22,Business,5.0,98.89,76.25,59.47,80.08,81.24,64.8,89.85,75.25,B
19,Engineering,2.4,99.15,83.34,57.1,90.86,84.04,60.5,51.42,72.42,C
24,Engineering,5.6,80.19,79.81,62.21,88.73,67.87,51.5,63.02,72.37,C
20,CS,5.9,88.14,35.05,83.62,68.23,78.53,49.7,86.34,70.66,C
22,CS,4.6,71.49,82.7,83.92,82.22,54.21,46.2,50.19,74.12,B
24,CS,2.6,81.02,60.88,57.92,68.5,67.03,80.8,81.19,67.38,D
23,Engineering,7.0,72.87,54.65,53.77,54.71,47.23,39.5,60.46,55.85,F
21,Mathematics,4.2,85.4,83.4,71.15,99.79,79.24,65.9,89.13,82.48,A
19,Mathematics,5.8,93.83,58.12,75.99,91.35,79.32,87.9,76.33,79.34,A
21,CS,4.8,81.77,61.45,17.55,61.33,61.59,68.1,77.9,52.99,F
20,CS,7.0,83.8,57.05,61.19,75.17,54.93,61.4,77.56,66.68,D
21,Business,4.8,90.51,58.5,77.39,82.75,61.72,89.6,81.52,76.1,B
23,Business,3.6,75.7,54.52,64.18,75.2,79.1,70.5,86.52,70.8,C
21,Engineering,5.0,77.82,78.19,61.2,54.33,80.29,61.2,68.42,69.65,C
23,CS,5.4,92.9,55.76,58.96,73.02,31.59,79.5,46.93,59.87,F
19,Engineering,3.5,71.83,100.0,42.33,69.23,78.08,68.0,63.53,69.7,C
20,CS,3.8,95.76,56.4,76.37,61.49,75.65,37.7,70.35,67.47,D
22,Engineering,2.9,90.97,72.75,32.91,82.24,57.27,94.7,87.61,65.03,D
19,Engineering,4.2,73.03,46.95,55.95,91.02,55.98,70.4,60.4,63.4,D
23,Engineering,8.0,90.0,45.08,70.4,71.42,71.51,99.3,59.53,71.46,C
22,CS,3.0,74.68,77.56,56.62,66.58,52.98,52.3,63.76,63.54,D
21,Business,4.5,83.03,68.25,89.06,74.7,85.72,79.0,57.24,80.31,A
18,Engineering,5.8,100.0,67.04,51.87,70.42,71.27,60.7,77.91,66.98,D
23,Business,4.7,80.87,70.4,77.64,65.21,52.5,59.9,100.0,73.37,B
23,Mathematics,5.6,90.6,67.36,57.77,70.29,63.08,91.9,49.8,67.78,D
18,Engineering,7.4,67.79,51.44,28.21,83.24,46.57,84.4,82.89,58.65,F
21,Engineering,4.5,77.22,56.2,85.77,83.68,61.24,61.5,70.78,74.19,B
18,CS,6.1,86.04,63.53,69.09,84.73,60.66,68.6,61.36,71.29,C
23,Mathematics,8.2,95.87,85.59,66.64,100.0,92.28,56.5,46.78,80.38,A
18,CS,4.7,91.1,55.33,53.37,71.45,71.52,48.7,85.11,64.25,D
23,Engineering,8.6,67.18,69.93,43.78,74.85,75.63,65.4,57.77,66.31,D
22,CS,5.1,84.07,54.7,71.76,51.35,77.72,28.3,73.13,64.52,D
21,Mathematics,7.9,87.14,63.76,39.97,73.32,87.06,75.6,100.0,70.31,C
21,Mathematics,4.8,72.75,86.32,50.14,53.18,82.07,60.0,87.51,69.74,C
24,Engineering,5.9,90.72,26.95,54.73,50.76,64.8,76.2,80.12,57.72,F
24,Engineering,3.7,65.66,69.44,35.14,97.67,54.47,56.4,63.39,61.08,F
24,Mathematics,4.2,83.83,48.36,70.61,72.2,66.94,69.8,64.13,67.22,D
19,Business,4.5,84.5,53.67,84.02,60.88,69.92,85.2,90.37,75.37,B
18,Business,2.4,61.37,75.95,55.32,80.43,86.64,76.1,94.78,75.13,B
22,CS,4.5,81.63,49.78,67.9,46.57,60.23,73.3,76.21,63.55,D
18,CS,4.7,83.8,51.12,49.95,69.99,87.03,73.7,63.68,64.85,D
24,CS,4.1,75.62,60.52,54.7,69.85,51.62,65.1,79.8,63.27,F
20,CS,1.8,77.99,48.29,83.35,57.42,69.2,65.8,79.41,69.08,C
19,Business,6.5,92.08,79.76,42.12,74.84,70.8,100.0,76.26,71.31,C
19,Engineering,3.7,68.48,80.57,39.68,95.39,63.5,42.0,64.38,64.34,D
19,CS,2.6,93.56,87.4,53.18,72.0,74.24,73.9,72.82,71.34,C
18,Business,4.4,85.72,74.58,49.11,73.81,77.98,79.1,93.04,71.83,C
22,CS,4.0,82.27,62.87,63.02,39.69,71.16,84.9,52.7,63.87,D
23,CS,5.3,93.2,69.22,81.96,94.84,66.4,63.9,87.97,80.46,A
22,Engineering,8.4,77.66,73.18,71.98,80.32,62.32,54.9,90.91,76.41,B
22,Engineering,8.1,100.0,74.67,64.72,77.66,69.57,71.7,81.07,75.76,B
22,Business,2.2,78.75,52.17,72.27,75.54,40.59,86.7,75.71,66.88,D
22,Mathematics,3.6,84.44,60.24,44.56,81.92,84.57,76.4,76.22,67.45,D
18,Engineering,3.7,84.59,58.54,56.83,47.28,35.58,84.3,81.21,59.59,F
24,Business,4.7,81.52,57.77,70.73,85.76,63.32,85.6,48.17,70.86,C
21,CS,4.1,70.38,78.43,48.19,45.48,78.18,55.9,81.96,64.53,D
19,Engineering,6.5,77.3,48.06,42.68,100.0,92.67,71.4,58.46,67.55,D
22,Business,5.1,76.99,66.51,72.01,53.39,66.59,79.4,100.0,73.39,B
22,Engineering,4.0,74.83,12.29,89.84,81.53,42.87,79.2,72.11,65.2,D
18,Mathematics,6.4,81.47,73.95,69.74,69.88,68.03,75.8,84.2,75.6,B
20,CS,2.8,75.89,86.52,55.5,45.01,66.33,67.6,84.07,67.22,D
19,Business,6.5,65.28,53.91,16.92,85.67,100.0,81.7,79.62,63.09,F
22,Engineering,4.0,76.57,54.56,58.39,67.36,97.57,96.9,70.48,71.91,C
21,Business,2.0,74.99,93.02,34.91,84.8,72.24,57.6,67.86,66.18,D
21,Engineering,4.2,73.69,74.38,67.43,72.97,88.96,61.3,95.4,77.16,A
23,CS,7.2,91.42,54.6,87.77,69.97,78.33,84.7,72.96,78.86,A
19,Business,6.4,78.71,57.79,49.85,94.66,58.61,75.5,79.82,68.24,D
24,Business,3.6,81.34,73.72,55.79,65.2,72.27,49.2,75.01,66.32,D
19,Engineering,4.5,78.07,48.08,82.56,61.19,49.33,59.1,83.95,67.52,D
22,CS,3.7,78.83,45.82,71.11,86.33,83.7,74.9,63.88,71.73,C
24,Engineering,3.7,71.68,44.38,67.69,66.46,67.49,77.9,67.22,65.64,D
21,Business,8.0,75.96,47.73,78.11,58.69,50.48,47.3,64.13,64.5,D
18,Mathematics,6.2,78.09,73.09,40.11,65.05,69.18,91.9,71.6,66.24,D
23,Business,1.7,87.3,75.64,60.96,87.79,69.46,76.6,73.74,72.89,B
24,Engineering,0.4,97.76,54.91,71.31,62.23,73.29,65.0,100.0,69.4,C
18,Mathematics,4.3,80.06,43.8,50.17,84.56,78.78,56.1,56.95,61.77,F
19,CS,3.5,94.35,46.5,75.12,68.65,66.46,67.6,66.11,67.22,D
18,Business,4.5,97.19,74.99,55.17,76.38,65.61,50.6,79.81,68.14,D
24,Engineering,6.3,98.94,60.4,53.72,100.0,74.06,78.1,94.29,74.69,B
20,Engineering,4.7,89.72,59.31,66.32,93.42,75.53,51.7,64.22,71.04,C
19,Engineering,5.1,75.57,83.04,47.03,67.41,78.23,39.0,83.06,67.32,D
18,Mathematics,3.2,84.22,65.77,72.36,86.96,45.16,60.1,90.19,71.31,C
22,Business,5.7,83.57,77.41,73.26,76.29,39.01,67.6,42.13,68.58,C
22,Mathematics,4.6,76.01,33.03,70.72,74.43,42.29,82.7,99.07,65.81,D
23,Engineering,3.8,63.28,58.49,60.48,60.57,48.67,65.5,67.9,61.47,F
22,Mathematics,6.9,87.74,65.73,40.53,86.5,61.76,98.5,70.88,67.93,D
22,Engineering,5.4,94.32,53.29,51.22,66.54,80.92,70.3,100.0,67.87,D
22,CS,1.2,93.85,66.59,93.84,45.67,69.76,18.9,56.28,66.9,D
18,Business,6.3,77.63,47.76,78.03,76.12,67.12,72.9,85.35,73.42,B
20,Engineering,6.9,79.36,53.05,58.22,65.8,72.54,52.6,86.68,66.2,D
20,Business,4.2,86.44,61.67,83.36,67.62,93.31,53.4,65.5,75.47,B
18,Engineering,4.2,86.59,85.67,56.1,88.2,58.81,62.7,56.22,70.01,C
20,Business,6.5,77.29,57.49,59.98,57.72,68.9,44.6,77.56,63.95,D
19,Engineering,0.9,80.34,63.14,77.01,73.37,82.96,83.1,80.15,75.96,B
22,Engineering,7.3,72.19,49.55,44.67,84.39,82.24,64.3,100.0,68.39,D
22,Engineering,3.2,72.67,43.38,25.18,55.06,68.7,73.5,79.77,51.72,F
18,Engineering,3.5,68.84,60.0,76.34,43.77,64.06,64.8,67.63,66.07,D
18,Business,1.5,79.72,38.01,72.75,78.61,60.54,68.0,92.05,67.05,D
20,Mathematics,4.9,100.0,71.52,24.33,80.26,58.57,70.5,83.88,60.32,F
24,Engineering,4.2,84.64,89.71,70.96,74.05,62.52,91.6,59.29,76.9,B
23,CS,0.8,76.87,78.22,51.86,80.76,100.0,74.8,44.02,70.6,C
18,Engineering,2.6,90.69,68.88,70.18,75.85,69.86,100.0,90.48,77.03,B
20,Business,6.7,86.97,70.21,41.05,74.84,42.63,64.1,68.83,60.62,F
21,Business,5.7,79.12,69.07,87.8,59.48,75.04,70.8,92.9,79.55,A
20,Engineering,5.0,80.05,74.4,42.5,88.88,67.74,47.9,68.27,65.24,D
20,Engineering,6.0,82.57,68.75,48.5,97.87,69.03,60.1,72.09,69.55,C
18,Business,3.8,85.64,64.14,60.41,51.79,73.2,90.0,71.82,67.78,D
24,Mathematics,4.6,99.7,51.12,74.18,75.24,59.71,100.0,69.85,72.01,C
24,Business,6.8,82.1,81.84,50.59,73.55,83.79,56.9,78.79,72.12,C
19,Engineering,4.7,70.05,50.62,64.15,60.23,62.18,75.5,89.26,66.56,D
18,Business,3.9,84.71,78.65,65.48,85.43,61.18,91.1,67.65,75.19,B
19,Engineering,5.4,65.03,47.34,40.47,50.34,72.25,70.1,60.74,55.78,F
18,CS,6.4,63.81,68.09,41.35,87.62,73.04,69.0,89.07,69.13,C
23,CS,7.0,73.58,86.26,37.61,88.03,71.89,61.7,68.74,69.07,C
20,Engineering,3.2,92.6,63.46,69.91,77.15,57.17,76.0,76.34,70.65,C
18,Mathematics,4.9,98.65,46.44,59.54,77.7,65.42,86.3,89.46,68.64,C
20,Business,4.4,81.67,59.11,85.09,51.69,100.0,64.8,87.28,77.51,A
24,Mathematics,2.7,65.74,57.38,79.88,79.42,99.05,42.8,79.9,75.83,B
18,Mathematics,7.7,84.31,71.24,66.7,76.0,57.72,85.1,84.41,75.12,B
24,Mathematics,3.7,94.06,68.87,92.41,80.33,46.92,100.0,79.8,80.41,A
22,Business,5.8,89.5,62.67,62.61,74.22,68.05,47.7,64.04,66.73,D
18,CS,2.3,98.49,74.74,53.53,84.68,89.28,64.3,40.16,68.7,C
24,CS,4.9,100.0,56.44,65.56,68.76,56.16,59.8,79.52,66.08,D
24,Business,7.3,84.79,77.17,74.36,80.92,44.3,48.1,61.0,71.09,C
23,CS,4.4,77.17,42.28,50.18,65.79,71.28,50.4,62.97,57.61,F
19,CS,1.5,86.67,64.18,62.89,75.81,94.78,49.1,100.0,72.95,B
20,Mathematics,3.5,100.0,74.03,38.66,59.29,47.2,79.8,78.11,59.92,F
18,Engineering,2.1,71.11,69.83,66.14,74.61,86.73,83.8,48.25,72.26,C
23,Business,5.2,86.48,69.94,69.77,90.14,58.45,47.0,63.61,70.87,C
18,CS,3.3,98.44,72.57,63.55,62.43,54.58,67.5,64.21,65.95,D
18,Business,4.6,74.32,73.61,53.67,66.39,70.07,56.1,75.54,66.76,D
20,CS,3.3,86.45,51.71,97.4,91.16,52.49,71.0,92.99,79.16,A
20,Engineering,2.6,76.26,71.91,36.0,85.74,76.63,54.4,66.2,62.9,F
21,Business,2.7,96.35,44.26,53.12,78.0,56.17,36.0,47.87,54.65,F
22,Engineering,3.7,93.95,55.68,69.11,66.71,83.53,3.3,76.29,64.21,D
21,Business,5.4,72.19,66.46,34.92,91.84,46.3,71.4,86.78,63.01,F
24,CS,5.3,90.49,74.39,70.17,62.74,66.47,85.5,74.51,73.96,B
24,CS,4.0,100.0,86.51,21.13,83.22,76.47,67.0,55.66,61.86,F
18,Engineering,4.3,78.67,47.79,60.57,75.48,100.0,81.4,100.0,74.34,B
20,CS,7.3,74.22,74.81,79.52,63.09,82.64,65.4,76.92,78.56,A
21,Business,3.1,88.13,80.4,64.28,84.21,66.05,59.2,93.07,74.68,B
20,Engineering,3.0,84.0,43.4,51.7,60.84,54.87,50.3,87.42,56.82,F
20,Business,4.5,76.41,86.53,83.39,72.74,52.13,64.8,71.99,76.98,B
19,Business,7.8,95.2,59.91,77.56,81.05,100.0,69.0,80.19,81.23,A
24,Business,2.7,80.26,74.55,62.87,52.45,65.19,42.9,85.37,65.59,D
23,Mathematics,5.9,91.94,51.68,59.96,87.77,66.6,87.7,100.0,73.2,B
21,Business,0.0,69.22,55.65,52.71,51.33,36.91,58.0,51.07,51.09,F
22,CS,5.7,66.92,70.62,77.48,52.32,88.31,81.5,73.87,76.85,B
23,CS,5.3,80.48,64.88,54.98,86.54,66.27,75.9,100.0,72.63,C
21,Engineering,3.1,88.0,68.14,78.0,100.0,63.74,67.6,81.96,78.1,A
22,Engineering,4.4,85.0,96.09,59.74,83.86,55.74,76.8,56.98,73.66,B
23,Mathematics,5.9,71.35,66.57,48.49,52.83,58.06,93.9,88.53,65.69,D
23,Engineering,7.5,90.9,73.27,72.65,43.13,76.01,92.0,63.91,73.66,B
20,Engineering,6.1,82.41,69.36,45.23,72.04,71.95,66.8,91.96,67.97,D
23,CS,6.1,84.42,79.24,65.58,84.59,49.89,89.7,85.52,76.27,B
20,Engineering,4.3,74.0,45.26,74.16,96.37,41.23,79.3,39.88,66.01,D
18,CS,4.0,83.69,64.93,56.5,69.22,75.52,86.4,59.15,68.2,D
22,Business,6.4,99.77,76.63,56.21,67.81,100.0,51.1,46.36,70.31,C
24,CS,4.2,85.67,63.6,69.88,80.9,77.86,65.7,69.68,73.14,B
24,Mathematics,3.8,75.2,51.43,64.98,80.0,83.16,48.6,74.57,68.47,D
22,Business,6.9,82.01,75.02,66.12,74.01,90.14,58.6,91.96,77.97,A
23,Business,3.0,72.46,60.35,49.1,73.7,52.51,61.6,58.33,59.22,F
24,Business,6.5,67.46,54.11,85.28,86.14,61.06,74.0,79.7,77.11,A
18,Engineering,2.6,83.16,81.68,68.89,53.1,61.63,56.1,88.26,69.95,C
18,Engineering,4.0,61.47,73.21,73.47,56.27,72.88,60.9,56.42,69.79,C
21,Mathematics,4.9,82.49,80.32,82.89,81.49,80.14,45.2,83.45,80.49,A
22,Mathematics,2.2,98.35,62.16,70.47,64.24,61.93,55.4,73.89,66.53,D
24,Mathematics,1.8,92.57,51.04,76.59,88.92,61.83,62.7,92.91,72.26,C
20,Engineering,5.9,91.65,60.22,51.92,71.95,83.61,79.8,50.66,66.95,D
21,Business,2.1,63.53,52.54,78.56,66.76,71.96,52.8,76.21,68.83,C
19,Engineering,6.8,81.24,48.85,69.08,67.07,62.62,55.4,69.78,65.87,D
20,CS,4.4,73.26,42.79,50.66,84.74,66.91,74.8,84.11,64.59,D
24,Engineering,3.3,100.0,87.16,40.85,68.97,81.47,90.5,50.16,67.97,D
19,CS,5.6,55.68,58.66,37.65,58.55,66.98,81.9,100.0,62.85,F
21,Mathematics,3.5,87.37,77.46,68.25,85.06,66.6,47.6,52.4,70.47,C
22,CS,2.0,82.69,59.27,82.91,62.09,79.13,46.5,57.44,69.3,C
19,CS,2.9,83.17,46.77,68.68,63.05,50.15,96.2,94.36,67.44,D
21,Mathematics,5.6,84.23,68.42,78.84,66.97,64.01,65.4,61.78,72.5,C
21,Business,4.3,76.88,65.13,25.48,77.48,73.59,81.3,42.3,57.84,F
19,Business,4.8,100.0,48.35,53.44,71.9,48.08,86.2,77.84,62.5,F
20,CS,7.1,69.84,71.38,90.11,72.85,61.55,94.2,50.01,79.44,A
22,Business,3.5,83.38,73.44,60.49,56.8,43.21,82.8,63.9,64.26,D
23,Business,3.1,70.25,70.99,49.13,52.07,83.27,72.6,58.71,63.92,D
21,Business,3.1,77.64,69.15,81.42,80.75,81.98,49.7,80.55,77.24,A
18,CS,6.5,76.83,66.17,64.36,73.16,62.72,71.9,85.31,71.9,C
18,Engineering,4.0,82.31,59.13,80.46,66.1,77.08,40.7,67.65,70.28,C
22,CS,6.9,80.48,76.38,84.88,64.9,71.39,54.6,88.96,78.99,A
21,Business,2.2,78.84,82.06,75.14,43.39,62.7,27.7,73.5,66.09,D
18,Mathematics,6.2,66.17,72.3,75.87,60.94,73.55,29.1,61.93,69.6,C
19,Mathematics,3.9,93.28,66.87,43.19,78.38,65.16,62.6,68.78,62.95,F
24,CS,7.3,71.01,78.09,67.01,83.27,61.73,59.0,70.08,74.03,B
21,CS,3.0,100.0,60.62,61.86,69.19,87.88,60.1,84.5,70.2,C
21,Business,6.1,74.66,63.28,52.57,80.28,88.88,60.4,66.12,69.5,C
24,Business,5.5,64.15,71.01,52.1,66.16,49.07,96.0,78.63,67.33,D
23,Business,5.4,98.61,79.06,56.73,91.36,68.72,100.0,81.74,77.72,A
20,CS,7.4,72.06,65.14,69.57,80.23,86.04,56.2,74.18,75.58,B
23,Business,7.0,92.63,59.58,80.8,100.0,65.26,59.2,76.15,77.98,A
21,Business,6.5,74.39,60.77,44.56,83.26,65.33,81.5,92.04,68.41,D
20,Engineering,5.9,79.6,62.06,52.38,70.32,56.84,44.0,100.0,64.55,D
23,Engineering,2.6,61.84,69.01,73.73,96.23,45.61,80.3,63.46,72.87,B
18,Business,2.3,78.87,40.79,64.12,84.26,85.74,75.7,84.36,70.05,C
24,CS,3.8,69.98,36.88,38.2,65.18,100.0,64.8,81.22,60.12,F
18,Engineering,7.1,84.48,70.9,75.22,95.28,60.07,70.6,94.99,80.16,A
18,Business,1.5,63.5,67.09,61.16,91.59,79.07,70.7,57.49,70.93,C
18,CS,3.2,72.92,52.04,68.82,95.7,81.85,89.4,83.99,76.63,B
19,CS,4.9,63.64,80.47,76.1,82.87,64.4,91.3,67.97,79.39,A
24,Business,6.9,71.8,57.98,84.73,73.59,87.18,89.5,81.24,81.65,A
18,Business,3.5,60.5,52.91,87.92,59.74,63.99,80.2,73.41,72.63,C
24,CS,5.9,58.16,53.36,74.06,45.29,72.11,37.3,74.65,64.64,D
20,Engineering,3.3,69.22,74.76,14.49,63.34,69.35,59.1,62.17,52.98,F
20,Engineering,4.3,73.92,45.3,54.42,76.66,98.11,85.0,73.14,69.57,C
19,Business,2.6,96.0,95.59,79.39,41.83,61.23,71.3,70.55,73.88,B
24,Mathematics,6.0,96.82,84.23,87.68,93.09,41.92,73.8,91.38,82.92,A
19,Engineering,4.4,77.41,75.48,62.34,60.38,100.0,56.9,98.68,75.61,B
19,Business,5.1,81.37,57.46,54.9,75.36,47.52,54.1,71.7,61.52,F
20,CS,1.8,77.46,66.58,79.35,77.8,27.66,45.2,81.19,66.48,D
22,Business,2.6,93.87,84.64,41.59,78.19,90.85,73.2,88.94,72.27,C
19,Business,2.4,92.53,77.89,67.09,71.33,99.82,100.0,76.39,80.22,A
22,Business,4.8,96.94,67.42,87.6,69.29,67.98,100.0,85.55,81.31,A
20,Mathematics,3.7,80.27,69.11,82.45,92.74,91.04,82.5,67.83,83.01,A
19,CS,2.7,64.95,86.64,100.0,79.31,52.62,87.2,67.22,83.91,A
22,CS,4.4,76.3,64.14,80.47,62.42,65.1,92.3,77.39,75.27,B
22,Business,1.6,81.0,53.85,58.97,81.96,86.02,85.7,89.75,72.0,C
20,Mathematics,4.6,79.26,55.59,32.78,72.94,76.74,62.7,99.99,61.97,F
21,Engineering,3.3,92.74,78.39,76.02,72.89,68.0,84.1,65.44,76.22,B
24,Mathematics,1.2,85.74,71.43,63.06,98.81,77.88,69.5,71.59,74.42,B
24,CS,3.6,82.41,75.41,66.32,84.74,67.84,78.6,60.04,73.53,B
18,CS,6.1,73.97,72.5,100.0,87.4,65.75,68.4,76.43,85.01,A
18,Mathematics,2.8,70.72,61.11,53.45,86.39,74.9,55.9,68.95,66.34,D
20,Engineering,5.3,76.63,74.19,62.65,55.94,59.59,100.0,100.0,73.61,B
21,Business,3.6,70.94,44.23,81.39,95.65,59.28,50.1,94.26,72.74,C
22,CS,4.4,67.44,50.4,51.55,73.0,93.5,100.0,41.35,66.86,D
22,Business,5.4,100.0,70.62,80.64,74.67,58.57,36.1,72.61,71.87,C
24,Engineering,3.4,81.49,53.72,55.16,86.02,76.97,92.8,69.34,69.65,C
20,Mathematics,4.5,83.51,62.91,8.0,69.27,93.0,53.5,69.68,53.89,F
18,Engineering,4.5,79.07,66.45,61.25,80.81,50.25,79.8,83.06,69.86,C
23,Engineering,8.0,63.41,74.62,84.47,71.47,76.56,53.4,64.24,78.23,A
22,Engineering,1.8,75.34,59.88,71.89,72.78,70.9,89.9,91.59,74.14,B
20,Business,2.4,79.71,85.34,69.93,70.29,70.37,91.4,92.82,78.77,A
22,Mathematics,7.1,71.94,76.13,73.92,82.4,70.59,42.7,83.08,76.48,B
19,Business,3.5,81.54,30.84,57.61,76.49,84.8,51.2,56.5,60.16,F
20,Engineering,1.6,78.65,49.08,53.46,62.74,57.56,85.5,83.4,61.59,F
24,CS,4.2,74.42,47.69,30.63,99.11,64.67,73.7,60.1,58.77,F
20,Business,3.1,76.38,73.84,58.05,85.31,50.07,45.3,61.59,64.73,D
21,CS,6.1,79.67,60.87,52.84,88.97,61.09,95.0,95.95,72.68,C
24,CS,3.7,84.9,76.82,69.14,86.02,81.36,92.4,67.7,79.07,A
23,CS,5.5,83.48,57.44,83.26,78.78,84.79,66.2,69.92,77.36,A
19,Business,6.0,99.77,64.36,27.33,63.21,73.4,73.5,71.24,59.04,F
19,CS,6.3,62.75,63.7,66.89,87.67,57.93,90.3,47.37,71.56,C
19,Engineering,3.6,78.63,60.19,79.81,86.82,52.52,54.0,81.71,72.25,C
23,Mathematics,3.5,73.97,80.9,62.69,74.45,88.67,92.3,79.63,78.4,A
22,CS,2.8,90.14,52.14,71.42,56.17,65.55,69.1,64.46,64.87,D
19,Engineering,4.6,75.71,52.79,51.82,98.19,73.15,54.2,76.91,67.22,D
24,Mathematics,2.5,82.52,100.0,100.0,66.83,78.03,43.8,80.65,85.42,A
19,Business,7.4,78.26,61.03,64.8,90.33,61.45,90.0,79.78,75.09,B
18,Mathematics,7.8,86.06,85.11,19.04,74.6,87.83,63.9,79.38,65.33,D
23,CS,0.0,80.95,42.99,47.71,74.96,87.77,67.8,82.53,62.35,F
24,Mathematics,3.2,76.87,74.57,64.02,73.92,56.74,91.1,59.98,70.43,C
21,Mathematics,5.9,87.36,40.21,63.74,91.93,48.47,83.8,75.88,67.14,D
22,Mathematics,6.2,74.41,40.2,72.44,67.6,76.23,94.6,69.74,70.88,C
18,CS,5.7,76.27,71.79,39.37,64.06,87.78,85.0,76.91,67.99,D
19,Engineering,5.9,79.19,71.53,55.01,90.05,76.8,65.0,68.34,72.12,C
18,Engineering,4.8,75.09,74.57,74.49,66.57,89.62,89.5,83.0,80.34,A
22,CS,4.0,83.66,65.93,81.49,96.61,98.28,50.6,77.99,81.73,A
23,Mathematics,7.2,79.81,71.9,56.19,60.68,79.49,82.0,95.02,73.56,B
22,Business,3.1,79.14,57.17,32.99,90.06,79.54,79.1,80.49,64.28,D
24,Mathematics,5.1,100.0,99.81,51.04,75.78,45.87,45.2,81.1,68.7,C
22,Mathematics,4.5,75.75,78.84,68.4,53.66,77.79,59.6,72.49,71.46,C
22,Mathematics,2.9,85.34,61.31,63.14,70.1,39.01,100.0,89.46,67.97,D
18,Engineering,5.9,64.63,76.68,78.79,71.84,79.39,82.9,71.6,80.06,A
18,Engineering,2.0,81.59,52.49,46.49,58.18,54.67,73.6,100.0,59.73,F
22,CS,7.7,77.33,62.91,63.59,83.2,68.99,81.2,58.33,72.29,C
21,Business,4.6,73.84,80.58,41.69,79.75,76.51,60.9,100.0,70.45,C
18,Business,3.0,63.12,85.78,37.21,57.72,83.69,58.0,85.61,65.39,D
20,CS,3.6,71.35,69.88,76.32,89.04,72.03,83.9,68.84,78.11,A
23,CS,5.6,43.76,93.87,48.35,84.49,66.28,83.0,75.54,74.55,B
20,Engineering,2.8,77.56,54.49,37.09,74.91,75.65,69.8,86.04,61.59,F
21,Business,5.9,77.24,63.58,95.09,84.12,73.26,12.9,66.41,75.73,B
21,Engineering,6.0,79.88,59.39,66.1,84.84,57.61,69.4,100.0,73.02,B
20,Mathematics,6.1,79.64,48.95,43.38,73.0,67.35,49.7,79.58,59.83,F
24,Mathematics,2.1,63.1,78.75,82.54,83.86,52.1,83.4,95.51,79.85,A
21,CS,5.6,92.69,64.12,70.76,99.21,59.13,59.5,84.19,74.97,B
19,CS,7.6,94.99,54.25,70.72,64.53,51.15,47.5,95.63,67.53,D
21,Engineering,3.0,71.37,53.1,56.53,48.88,65.74,64.7,55.49,58.29,F
24,Business,4.5,92.43,60.96,74.82,79.66,65.55,66.0,67.2,71.99,C
23,Business,4.7,74.4,79.15,79.3,60.32,74.0,53.7,75.21,75.01,B
18,Mathematics,5.8,75.67,59.99,49.24,79.87,61.89,69.9,51.58,63.08,F
24,CS,4.4,83.49,69.53,51.81,77.67,68.32,71.1,80.62,68.72,C
18,Mathematics,2.2,75.25,63.45,70.61,61.99,77.77,62.2,88.73,71.03,C
22,Business,6.9,78.51,64.04,66.0,80.38,60.16,26.5,84.06,68.2,D
19,Mathematics,3.7,76.0,61.87,57.67,84.09,77.8,65.3,60.99,68.44,D
19,CS,4.9,57.05,86.04,77.98,81.27,95.11,50.1,55.09,80.03,A
23,Business,3.9,83.11,68.98,67.4,65.51,98.3,82.7,75.04,76.31,B
19,CS,7.4,66.28,100.0,92.64,88.27,71.51,38.0,69.87,86.25,A
19,Mathematics,4.4,85.62,71.39,67.32,62.46,49.04,60.1,81.01,67.51,D
19,CS,3.5,66.82,73.17,84.17,71.95,100.0,92.4,74.84,84.15,A
19,CS,5.3,70.34,68.56,56.4,70.89,99.18,55.9,92.69,73.65,B
20,Business,1.8,90.1,78.54,48.07,71.44,62.77,96.7,74.49,68.28,D
21,Mathematics,3.8,77.83,69.76,54.15,59.72,80.15,72.1,69.63,67.25,D
22,Business,0.8,91.91,67.2,46.46,89.13,76.95,52.6,57.75,63.72,D
21,Business,6.2,88.97,78.63,38.9,75.78,50.94,68.5,62.06,62.56,F
24,Business,3.0,73.42,38.32,80.62,74.3,74.48,42.9,97.12,69.67,C
22,CS,4.6,82.61,59.68,90.8,68.14,43.14,79.6,50.34,71.16,C
19,Mathematics,3.7,93.44,56.84,68.97,83.7,58.14,46.8,89.18,68.78,C
20,Mathematics,3.6,69.94,60.59,90.96,62.69,96.29,62.7,54.52,76.77,B
23,Business,5.5,73.08,78.73,73.19,69.79,68.83,67.1,46.71,72.63,C
22,CS,2.8,71.62,83.65,93.19,80.26,47.88,81.7,70.42,80.52,A
24,Business,3.7,88.73,69.1,57.88,60.74,93.65,51.4,68.56,68.19,D
18,Business,7.6,59.98,87.17,54.14,71.54,56.76,43.8,84.2,69.52,C
23,Business,6.8,99.79,62.27,24.41,80.22,79.63,79.8,69.84,62.12,F
18,Business,2.8,69.37,82.46,62.82,65.48,64.42,38.6,84.63,68.55,C
23,Engineering,7.4,91.98,79.45,54.16,78.57,63.23,45.5,72.71,68.93,C
23,Business,5.6,78.18,38.19,44.79,70.71,73.43,77.5,96.06,62.85,F
24,Business,6.4,68.13,69.27,59.72,79.57,100.0,68.9,70.4,75.84,B
23,Business,7.1,100.0,100.0,77.32,68.64,89.75,75.1,69.74,84.99,A
23,Business,6.7,83.16,70.16,47.08,58.07,42.64,73.9,60.82,60.08,F
18,Engineering,4.2,74.02,61.44,62.58,71.81,40.39,82.1,66.03,64.81,D
22,CS,4.9,80.62,78.12,94.59,72.21,53.57,73.9,50.1,77.72,A
24,Mathematics,2.4,76.14,82.9,77.26,51.26,74.83,84.4,76.75,75.99,B
19,Engineering,4.0,68.13,38.1,87.69,72.37,76.55,66.1,84.92,73.37,B
24,Business,6.0,76.02,88.67,66.58,53.25,89.23,84.0,68.36,77.32,A
23,Engineering,2.6,59.07,69.79,48.31,96.66,59.46,66.8,67.13,66.56,D
19,CS,2.9,68.84,60.13,67.31,81.57,59.51,79.8,59.85,68.8,C
23,Business,4.4,80.33,69.17,58.94,72.68,84.69,62.3,58.16,69.37,C
19,CS,4.8,82.49,63.96,69.4,66.03,86.94,77.6,74.17,74.13,B
21,Business,4.3,71.74,77.16,63.75,78.95,63.04,53.3,84.45,71.78,C
19,Business,6.2,91.81,57.27,63.45,85.57,74.67,47.5,82.6,70.63,C
19,CS,4.7,90.11,49.12,38.58,93.62,50.43,36.7,94.14,58.44,F
21,Engineering,3.3,57.07,89.4,59.07,67.75,46.42,69.4,72.7,68.59,C
19,Engineering,5.6,83.43,71.33,35.44,80.98,51.95,100.0,71.06,64.74,D
19,Business,5.9,82.42,52.61,62.57,65.85,85.0,26.4,84.78,65.99,D
24,CS,4.2,93.68,78.17,65.93,54.84,38.8,79.9,77.65,67.31,D
22,CS,2.3,94.63,56.88,77.23,62.2,86.56,100.0,62.02,74.21,B
22,Mathematics,8.9,82.92,79.64,32.96,78.34,56.15,91.6,90.74,68.67,C
23,Business,4.7,80.48,39.93,62.35,61.71,73.64,75.6,52.22,62.13,F
19,Mathematics,3.7,63.43,51.06,52.9,66.0,87.31,52.0,90.81,65.21,D
22,Engineering,4.2,74.97,64.16,90.91,60.95,83.1,61.7,85.64,78.55,A
22,Business,3.0,100.0,46.86,41.66,44.2,79.67,43.2,89.13,55.18,F
23,Engineering,3.5,100.0,57.39,47.3,63.31,76.77,42.9,72.69,59.99,F
18,Business,4.4,95.19,70.77,62.27,85.48,79.92,95.6,74.69,76.87,B
20,Business,4.7,72.0,42.14,58.2,82.38,56.05,100.0,64.43,65.45,D
24,Business,2.7,58.05,66.76,74.12,63.97,62.5,70.5,92.21,72.18,C
21,Engineering,1.3,69.7,78.55,72.21,60.96,49.93,75.9,57.7,68.02,D
24,Engineering,11.4,99.08,71.67,48.27,65.64,88.12,79.8,53.62,70.92,C
21,CS,4.2,82.17,49.93,55.29,73.7,68.7,29.2,64.35,59.39,F
18,Business,3.3,91.49,51.43,62.04,98.14,70.9,46.9,81.68,68.76,C
24,Engineering,7.3,85.48,64.17,51.68,80.19,84.79,42.8,82.96,69.31,C
23,CS,4.8,77.31,82.47,28.1,67.25,83.96,47.9,54.57,60.25,F
19,CS,5.6,69.63,59.1,81.92,74.26,66.74,61.3,93.89,75.87,B
19,Mathematics,6.7,80.88,83.8,59.77,54.4,77.08,72.4,85.34,73.54,B
19,Engineering,6.2,84.96,63.56,48.91,87.73,58.86,28.1,57.08,60.99,F
18,Business,5.1,71.42,55.4,59.41,71.48,81.13,82.5,78.81,70.48,C
19,Mathematics,6.9,86.96,81.39,62.94,93.07,78.79,77.0,100.0,82.09,A
18,Business,6.6,67.24,59.74,49.59,68.78,58.5,48.4,72.03,61.26,F
24,CS,6.2,94.0,42.16,71.66,69.43,47.01,60.2,62.68,62.78,F
18,Mathematics,5.6,66.81,76.26,70.71,80.44,69.23,58.1,88.65,76.39,B
23,Mathematics,7.0,93.12,29.78,74.59,71.96,54.17,83.3,84.77,67.56,D
23,Engineering,2.6,89.4,74.07,78.91,83.38,100.0,54.3,66.67,79.39,A
24,Business,6.6,74.61,47.04,56.0,78.48,66.83,89.8,90.63,69.35,C
22,Engineering,7.5,79.71,43.26,61.44,64.28,79.55,58.2,81.54,66.38,D
22,Engineering,5.2,70.88,75.21,68.4,70.07,67.68,70.8,76.98,73.6,B
24,Engineering,5.4,100.0,86.38,62.21,80.52,67.28,67.4,72.3,74.78,B
23,Mathematics,6.3,87.32,81.11,86.5,69.35,74.76,48.6,88.3,80.63,A
21,Business,4.4,67.55,64.65,87.7,60.25,87.69,86.9,100.0,82.32,A
19,CS,6.4,75.03,56.91,50.53,100.0,68.27,100.0,52.99,70.28,C
18,Engineering,5.6,80.5,80.59,38.71,69.61,69.89,62.1,59.02,63.57,D
18,Mathematics,6.7,72.82,58.18,72.36,70.07,61.38,45.3,58.0,66.74,D
24,Business,1.2,92.66,65.99,67.58,72.69,82.36,80.1,57.94,71.13,C
23,Business,3.5,66.48,80.34,50.29,79.55,64.06,64.8,56.46,66.57,D
21,Mathematics,1.7,84.44,69.97,65.12,68.23,43.12,88.0,80.35,67.92,D
23,Business,3.5,74.51,81.98,68.38,82.02,47.73,84.6,88.78,75.46,B
21,CS,5.8,67.89,51.02,34.38,90.18,85.2,64.5,64.8,62.66,F
23,Business,4.5,100.0,56.97,39.24,62.33,68.24,80.3,100.0,63.03,F
21,CS,4.3,80.43,62.54,57.14,87.16,88.2,32.8,82.3,69.61,C
23,Mathematics,6.1,91.52,76.52,54.09,59.26,85.04,56.8,75.24,69.43,C
21,CS,7.9,82.45,77.55,36.64,71.45,71.71,53.3,100.0,67.26,D
19,CS,1.6,84.51,57.48,55.94,77.65,74.43,41.9,76.29,63.71,D
23,Business,5.9,86.96,53.98,33.71,76.44,78.14,62.5,86.84,61.98,F
20,CS,5.7,70.06,61.68,72.29,80.1,74.91,91.5,62.52,75.53,B
23,Business,4.6,58.54,80.74,47.36,70.32,63.39,64.5,71.35,66.3,D
20,Engineering,5.4,100.0,44.39,19.44,73.69,60.3,57.8,53.28,48.62,F
21,Mathematics,5.9,66.43,99.95,68.49,67.2,98.44,82.0,100.0,86.53,A
21,Business,3.0,76.79,63.64,77.66,76.65,69.11,51.5,76.87,72.23,C
18,Mathematics,2.1,77.95,69.16,78.71,89.29,78.14,75.7,82.69,79.45,A
23,Business,4.3,76.66,53.5,61.69,69.41,85.83,79.7,87.28,71.34,C
20,Engineering,4.6,95.78,67.78,41.96,85.49,66.14,62.4,82.99,65.73,D
22,Mathematics,3.9,65.93,54.86,72.49,46.16,75.44,34.1,63.79,62.7,F
18,Engineering,1.9,90.41,56.02,66.46,94.24,60.07,84.7,70.3,70.74,C
23,CS,5.7,77.61,51.09,64.18,86.13,56.25,67.7,90.4,69.49,C
20,Mathematics,3.2,79.08,49.48,44.22,75.37,52.93,61.9,72.17,57.41,F
18,Engineering,4.6,54.55,71.94,67.27,81.64,62.15,73.4,61.15,71.89,C
23,Engineering,4.9,80.91,62.65,37.29,80.64,76.52,55.9,56.91,61.02,F
23,Engineering,6.4,60.78,36.2,38.8,89.76,100.0,58.5,69.95,63.39,D
20,Mathematics,8.2,71.25,73.19,100.0,60.27,54.0,92.8,75.65,82.72,A
18,Engineering,4.9,75.37,54.78,65.03,62.04,90.79,34.5,94.33,68.72,C
21,Engineering,5.5,72.44,47.54,52.86,84.69,71.05,67.6,80.35,66.27,D
19,Business,2.8,63.46,75.62,64.44,76.12,47.53,51.5,88.97,68.45,D
24,CS,4.1,66.78,82.05,73.17,77.82,63.86,49.2,57.71,72.35,C
23,CS,8.8,77.68,56.03,40.26,65.74,56.72,81.7,91.36,63.36,D
24,Business,4.6,77.22,75.68,83.82,56.7,82.37,50.6,56.18,74.12,B
24,CS,4.9,81.81,69.62,39.48,96.05,81.2,64.5,94.06,70.66,C
21,Engineering,4.4,88.26,90.55,68.57,72.45,67.86,81.6,90.29,79.12,A
19,CS,2.4,85.03,67.74,82.33,76.13,93.56,68.7,73.3,79.1,A
23,Engineering,6.9,85.24,38.67,52.8,68.46,79.3,63.6,73.34,62.88,F
18,Business,7.9,58.27,96.14,37.9,66.21,82.29,69.1,90.79,72.81,B
20,Engineering,2.4,67.25,83.33,58.42,61.46,54.2,94.1,100.0,72.15,C
22,Engineering,4.4,76.17,46.77,83.93,71.48,47.42,90.4,100.0,73.61,B
23,CS,2.9,60.71,51.84,50.87,81.07,74.75,76.8,78.65,66.0,D
22,Mathematics,3.1,77.35,69.43,62.61,77.74,41.2,81.0,64.11,66.57,D
19,Engineering,2.3,77.13,80.31,71.11,80.77,65.54,56.6,91.41,75.29,B
21,CS,0.9,82.43,62.42,90.32,83.94,81.02,68.0,73.61,78.94,A
22,Business,4.1,77.61,67.93,62.12,79.12,63.98,74.3,60.13,69.18,C
24,Engineering,6.4,73.52,68.62,68.43,79.96,74.41,100.0,82.86,78.89,A
24,CS,7.6,75.35,73.24,35.67,80.61,81.53,56.9,62.68,65.43,D
19,Engineering,7.8,83.19,69.92,85.17,94.28,70.67,61.1,75.25,81.81,A
22,CS,4.9,82.06,54.57,52.18,70.95,71.82,39.2,59.9,60.34,F
18,Mathematics,4.6,73.5,62.96,77.14,92.29,69.64,62.7,75.99,76.19,B
20,Business,5.0,77.73,60.77,68.27,77.04,88.72,95.0,62.64,75.76,B
23,Engineering,6.7,100.0,91.1,65.23,82.64,52.75,78.2,99.43,79.21,A
22,Mathematics,4.0,100.0,41.81,51.95,83.03,36.15,65.1,58.56,56.19,F
19,CS,9.7,98.43,41.64,51.93,71.28,79.77,46.6,80.26,64.1,D
23,Engineering,4.0,85.92,75.42,61.07,77.83,67.84,58.0,100.0,73.06,B
18,Business,1.7,78.73,53.28,60.29,82.75,77.1,58.2,94.34,68.82,C
23,CS,4.0,87.85,71.14,50.12,87.91,47.62,65.4,62.95,64.43,D
23,Business,3.0,76.32,50.49,63.78,97.41,60.78,61.2,100.0,70.58,C
21,Engineering,6.7,74.09,72.91,47.78,67.85,88.96,48.6,73.33,67.98,D
18,Engineering,7.0,60.16,73.27,89.33,58.31,53.1,60.7,61.11,73.85,B
24,Business,7.8,54.32,41.21,68.35,72.19,57.5,80.9,61.31,66.32,D
18,CS,3.1,72.14,74.18,94.63,65.22,86.54,91.4,78.89,84.57,A
21,Engineering,5.9,89.79,91.41,56.68,75.44,75.65,64.8,64.42,73.82,B
22,CS,5.8,85.84,57.2,42.16,87.05,66.06,44.3,70.94,61.48,F
22,Engineering,3.7,91.64,84.33,66.1,94.67,50.25,80.4,84.28,76.75,B
23,Engineering,5.0,59.91,51.49,53.91,91.7,60.67,67.7,65.97,65.19,D
21,Business,2.8,87.57,35.87,76.02,73.28,70.4,82.7,63.28,67.53,D
22,Engineering,8.4,91.08,54.03,46.95,87.39,51.34,79.1,75.8,65.39,D
23,Business,3.9,100.0,75.84,63.61,81.49,83.51,64.7,94.01,76.82,B
20,CS,0.7,77.21,72.97,65.2,69.86,70.62,45.2,83.4,68.44,D
23,Business,3.7,74.12,74.04,66.96,73.32,49.43,58.1,64.38,67.41,D
24,Engineering,5.3,86.9,44.84,74.63,61.93,57.83,67.6,100.0,68.73,C
22,Engineering,5.4,99.95,89.02,63.42,45.61,57.5,85.8,83.64,71.94,C
24,Business,2.3,80.09,83.04,67.84,62.42,79.92,52.9,72.93,72.04,C
24,CS,4.1,70.35,43.12,46.65,82.23,44.92,64.0,64.37,56.58,F
18,CS,3.8,95.67,90.19,91.59,73.65,85.24,65.5,59.61,83.76,A
23,Business,6.6,86.6,88.6,76.35,93.91,69.09,73.9,45.49,80.31,A
22,Business,1.6,84.37,60.23,69.28,52.0,85.24,76.5,92.04,71.07,C
24,Business,1.7,56.96,78.94,37.44,70.16,55.49,98.6,82.8,64.86,D
18,CS,3.5,75.85,89.53,53.57,85.99,74.11,99.7,52.99,75.01,B
19,Mathematics,5.2,72.05,55.23,49.81,92.95,61.28,49.5,87.68,65.44,D
21,Engineering,4.1,86.42,70.74,82.63,81.02,89.44,95.2,77.04,83.78,A
19,Business,3.7,71.88,64.79,40.92,72.15,72.57,83.4,75.52,64.68,D
18,Engineering,5.5,72.19,47.5,66.51,69.8,81.85,98.1,73.2,72.08,C
19,Engineering,8.4,67.14,66.48,74.22,94.06,40.08,91.1,80.87,77.08,A
23,Business,3.9,97.94,58.82,62.34,74.54,84.89,69.9,72.64,70.58,C
21,Business,2.3,67.02,91.99,80.34,87.14,56.59,87.3,82.63,82.2,A
21,Engineering,8.0,100.0,77.87,64.94,76.95,73.04,69.8,100.0,78.53,A
20,Mathematics,3.6,71.39,56.95,79.23,75.26,69.88,70.4,87.48,74.52,B
21,Business,4.8,83.01,92.75,49.12,72.07,45.47,70.9,53.7,65.78,D
23,Business,7.7,75.38,51.12,76.06,90.15,71.55,64.6,72.68,74.88,B
23,Business,3.1,93.31,67.28,44.84,91.82,62.47,78.7,76.65,67.14,D
24,CS,3.8,66.76,32.76,59.58,71.86,76.93,96.8,64.13,64.74,D
24,Engineering,4.9,77.07,85.16,71.53,40.65,83.29,46.9,59.31,70.15,C
24,CS,0.0,77.58,87.21,42.96,75.29,70.3,59.3,85.66,66.66,D
20,Mathematics,4.4,62.29,75.54,78.88,97.76,69.92,92.9,78.97,83.31,A
23,CS,7.6,68.57,89.0,60.58,72.26,87.1,65.5,76.88,77.92,A
20,Engineering,5.0,71.39,47.3,71.25,71.57,57.83,53.8,73.14,65.44,D
21,CS,6.3,87.78,63.67,56.07,88.65,65.77,86.9,94.01,73.96,B
21,Mathematics,3.4,87.17,71.47,89.22,91.58,79.86,70.6,58.1,81.35,A
18,Business,6.1,94.84,45.86,64.64,100.0,67.37,49.2,79.42,69.58,C
21,CS,7.3,54.24,68.3,38.62,71.96,73.12,84.8,46.42,63.78,D
22,Business,3.2,60.3,44.16,53.65,92.94,66.04,100.0,76.29,68.0,D
22,CS,5.6,93.77,74.12,100.0,69.15,54.59,95.9,71.09,82.88,A
20,CS,3.3,90.73,63.9,45.29,94.86,71.76,77.4,64.67,67.22,D
19,Engineering,4.8,84.76,66.7,61.63,63.52,77.38,54.0,96.34,70.4,C
19,Business,2.0,82.97,83.43,37.71,100.0,55.58,33.8,66.0,62.32,F
19,Business,4.5,77.99,80.19,57.9,88.28,34.78,100.0,84.25,72.54,C
21,Mathematics,7.3,73.01,66.62,68.81,56.42,59.1,54.0,82.41,68.59,C
20,CS,2.5,72.43,61.82,54.05,80.38,44.8,46.7,63.15,59.59,F
22,Business,4.6,94.09,52.69,93.54,81.18,45.47,83.2,82.24,76.44,B
24,Engineering,5.9,73.97,53.37,100.0,64.82,97.61,85.0,75.47,84.04,A
24,Business,3.6,63.63,54.47,65.03,79.74,74.16,66.0,88.03,70.69,C
20,CS,1.7,100.0,100.0,39.81,32.92,76.78,90.3,60.34,64.31,D
20,Business,5.3,82.69,67.81,96.84,65.81,43.54,59.7,66.63,74.3,B
22,Engineering,2.2,65.29,46.94,61.72,75.6,67.67,53.7,82.79,64.14,D
24,Engineering,7.9,74.83,76.65,66.88,69.85,92.95,59.9,80.43,77.8,A
22,Business,4.5,59.09,51.08,66.77,84.33,78.78,53.8,61.18,68.46,D
18,Mathematics,2.2,100.0,69.84,61.43,63.89,67.25,65.9,68.79,66.64,D
24,Business,5.3,71.86,86.18,40.41,60.77,56.53,77.8,40.53,61.44,F
21,CS,5.4,81.38,73.81,65.72,58.1,43.76,58.4,52.09,63.51,D
18,Mathematics,6.2,77.27,58.76,56.58,78.12,62.51,69.9,94.35,69.35,C
20,Mathematics,1.7,97.9,44.9,60.2,79.13,60.83,44.3,81.48,61.46,F
23,Business,3.7,99.92,60.33,73.02,90.35,77.21,62.4,68.06,74.0,B
18,Business,4.5,82.81,50.04,80.23,90.32,62.65,55.2,91.76,73.97,B
19,CS,1.8,77.26,43.4,66.36,72.51,91.85,78.7,72.92,69.3,C
23,Mathematics,2.9,77.34,61.87,33.09,59.64,87.04,33.8,64.18,55.55,F
20,CS,4.9,69.6,75.9,94.55,64.73,73.01,69.6,72.99,80.92,A
21,Business,4.8,62.96,70.09,45.88,58.61,49.67,58.0,75.32,59.76,F
21,Business,4.4,87.71,67.54,32.9,91.87,78.18,51.6,68.94,63.14,F
18,Engineering,3.4,83.47,78.87,28.46,60.35,36.94,41.6,63.49,51.11,F
24,CS,1.7,86.09,68.44,75.08,50.59,73.93,71.1,100.0,72.85,B
23,Business,5.2,73.48,65.29,79.98,88.14,73.72,77.0,61.51,77.78,A
23,CS,2.8,65.76,63.93,69.32,85.23,64.07,68.0,69.26,71.1,C
20,Mathematics,5.2,68.8,80.75,67.58,71.29,82.94,100.0,57.78,77.94,A
22,CS,3.2,100.0,69.29,57.68,88.2,67.54,68.0,77.96,70.72,C
24,Engineering,4.3,86.81,91.06,32.56,78.64,41.84,98.5,100.0,68.05,D
24,Business,2.9,100.0,44.12,51.39,85.66,93.46,40.4,54.97,62.1,F
24,Engineering,6.1,85.99,74.79,54.99,85.8,88.67,73.2,82.19,76.21,B
20,CS,6.5,72.92,68.64,53.6,78.49,76.3,70.5,56.59,68.99,C
20,CS,4.9,96.09,67.21,64.75,91.13,91.95,92.9,84.83,80.55,A
21,CS,5.5,82.46,91.49,56.73,68.7,49.32,53.6,97.59,70.89,C
23,Engineering,2.8,94.08,100.0,78.54,73.06,71.17,59.0,100.0,82.5,A
23,Business,2.2,75.31,57.31,68.37,82.7,66.74,43.2,73.58,67.17,D
24,Business,3.6,89.56,46.03,51.19,67.3,72.77,45.0,79.38,59.81,F
23,Engineering,4.2,94.01,95.44,78.69,87.08,43.87,63.9,88.24,79.65,A
19,CS,0.9,80.68,68.32,50.82,80.05,73.41,71.3,70.18,66.53,D
21,CS,4.9,90.9,61.54,48.76,77.55,48.94,65.7,89.83,63.91,D
21,Business,7.6,88.78,75.73,65.38,65.75,80.78,66.5,74.76,74.67,B
22,CS,5.3,100.0,68.32,66.86,88.43,76.81,83.0,93.26,78.78,A
21,Engineering,3.4,91.26,89.2,95.86,53.48,100.0,97.0,94.16,90.44,A
20,CS,2.5,67.46,78.43,55.18,83.84,73.87,75.6,75.41,72.25,C
24,Business,4.8,80.11,77.41,72.88,60.43,79.81,94.4,76.03,77.82,A
24,Business,4.2,86.17,77.13,65.29,84.38,94.58,61.2,73.38,77.41,A
18,Mathematics,6.0,95.51,69.35,48.96,75.16,58.75,57.4,71.66,64.55,D
20,CS,5.7,69.96,64.49,71.91,91.98,86.02,78.0,96.94,81.52,A
18,Mathematics,7.0,81.75,62.71,77.01,70.02,89.84,44.6,38.57,71.44,C
18,Mathematics,4.5,94.04,81.53,55.51,67.25,67.82,86.3,84.96,72.6,C
21,Business,1.8,69.42,65.37,62.06,73.84,58.45,74.4,78.61,67.74,D
24,CS,5.8,73.6,78.64,67.8,68.59,67.83,66.0,75.72,73.6,B
20,Engineering,5.6,88.42,79.46,42.36,45.26,69.89,86.8,73.23,64.68,D
24,Engineering,4.1,65.54,76.57,71.68,73.38,55.63,45.0,67.08,69.43,C
21,Engineering,6.6,100.0,76.02,57.82,64.97,93.93,79.6,100.0,77.64,A
24,Engineering,2.1,98.72,45.04,78.31,66.69,53.19,68.0,71.59,65.49,D
22,CS,8.8,91.06,57.22,65.3,66.88,93.98,72.4,66.96,73.5,B
24,Engineering,5.1,85.79,80.16,85.53,100.0,74.26,92.6,75.52,87.19,A
21,CS,4.8,80.4,31.62,59.85,100.0,51.96,61.3,96.24,65.23,D
21,Mathematics,2.0,74.87,46.31,67.22,77.92,62.2,79.1,79.68,67.32,D
23,Business,5.3,83.81,59.37,80.15,74.32,47.35,72.7,78.07,71.9,C
20,Business,1.0,58.23,71.05,63.42,84.36,90.41,76.6,68.62,74.47,B
20,Engineering,1.8,80.27,72.56,39.77,79.91,74.36,59.7,86.36,65.09,D
21,CS,3.1,77.84,45.61,66.48,76.09,85.69,70.9,58.1,67.78,D
20,CS,5.8,90.09,60.24,67.02,58.16,61.28,67.2,83.44,68.03,D
24,CS,1.7,64.13,69.38,82.95,89.81,34.8,53.7,72.62,70.93,C
18,Business,6.4,53.18,60.31,50.92,85.67,61.54,51.5,69.98,64.77,D
18,Business,4.1,79.06,58.07,34.16,79.55,56.71,45.0,71.91,56.04,F
24,Mathematics,5.8,95.02,60.88,60.41,76.62,94.95,65.6,62.68,71.76,C
20,CS,2.5,77.25,86.56,54.48,76.92,68.53,70.7,76.26,71.42,C
21,Business,1.7,63.96,53.91,70.29,85.54,57.18,64.5,100.0,70.58,C
19,Business,2.3,74.4,82.17,44.7,73.54,74.5,85.4,91.14,70.85,C
24,CS,5.7,81.26,38.54,53.03,85.5,73.45,42.0,84.15,62.92,F
24,Mathematics,5.5,91.76,75.54,77.38,73.82,65.0,35.7,96.19,75.08,B
21,CS,5.2,86.52,49.49,52.64,53.28,91.72,72.5,55.37,62.83,F
20,Business,4.5,71.6,72.11,83.1,57.43,99.7,69.2,85.68,80.66,A
19,Engineering,3.6,93.88,77.49,46.32,87.54,62.3,58.8,59.33,65.48,D
21,Business,3.8,100.0,43.77,68.96,76.31,74.08,51.5,52.24,64.27,D
24,CS,3.8,68.42,61.45,73.72,77.85,86.31,91.2,67.45,76.8,B
24,CS,6.8,74.78,86.96,56.65,70.07,62.55,52.0,69.27,69.81,C
23,Business,2.6,82.45,55.44,79.82,53.95,61.27,78.3,95.5,71.0,C
21,Business,4.5,80.49,76.56,87.42,68.95,88.14,77.5,88.16,83.92,A
24,Mathematics,3.4,79.25,58.57,75.58,91.39,54.68,84.9,63.7,72.86,B
20,Business,3.9,75.32,79.06,45.03,80.48,51.21,59.9,85.72,65.59,D
18,CS,7.7,74.47,75.07,69.48,71.96,68.32,73.0,53.99,73.45,B
18,Engineering,4.3,82.7,51.59,88.18,70.36,70.46,71.4,79.92,75.18,B
20,Engineering,3.2,61.3,41.67,58.57,69.6,83.38,83.4,90.38,67.83,D
23,Business,4.9,100.0,77.47,62.97,65.42,76.08,100.0,64.33,74.49,B
22,CS,2.7,82.02,82.85,58.33,70.34,94.1,57.4,82.56,74.08,B
21,CS,4.3,80.15,67.86,63.46,82.16,65.66,78.5,89.21,73.7,B
23,Engineering,4.7,75.45,72.95,52.5,71.42,91.91,63.5,96.08,73.15,B
20,Mathematics,5.6,72.26,47.07,80.06,71.96,78.71,100.0,97.79,78.61,A
21,Engineering,6.8,94.42,82.52,95.47,60.01,63.44,40.8,74.65,78.61,A
20,CS,4.5,68.25,41.25,37.66,81.81,75.7,79.3,66.08,59.96,F
18,CS,3.9,90.0,53.4,56.26,97.73,63.99,54.4,94.55,68.66,C
18,Mathematics,2.1,80.41,80.49,59.34,82.89,79.77,74.3,72.62,74.04,B
18,Mathematics,3.8,90.61,37.63,72.54,76.5,78.14,93.5,92.04,72.94,B
20,Mathematics,5.9,95.43,57.77,55.86,68.33,45.82,49.0,83.36,61.62,F
20,Business,2.8,70.6,75.62,32.07,56.94,83.35,67.8,71.88,61.16,F
23,Mathematics,7.6,77.95,46.97,48.71,83.21,75.32,69.6,87.73,67.32,D
20,Mathematics,0.3,70.18,72.0,79.17,75.82,43.88,69.0,76.13,70.77,C
24,Business,5.5,62.7,62.17,74.02,78.32,74.62,63.7,61.61,72.86,B
23,Business,3.6,63.7,72.36,50.33,68.63,52.15,90.3,72.66,65.78,D
21,Business,1.7,80.73,64.2,64.24,60.4,84.52,67.1,76.62,69.07,C
23,Engineering,2.2,74.23,61.06,42.38,66.62,74.91,100.0,100.0,67.26,D
18,Business,2.0,86.06,51.25,97.97,93.67,53.12,68.6,75.02,77.02,B
19,Business,6.4,100.0,70.95,60.75,56.72,66.82,73.8,68.25,68.35,D
24,Business,1.7,77.31,57.21,52.44,80.97,84.81,72.6,73.47,67.5,D
23,Business,4.9,85.09,57.45,81.37,53.35,66.85,36.5,73.72,67.4,D
21,CS,4.6,65.87,72.45,49.96,59.75,91.26,88.2,73.98,70.65,C
18,CS,4.7,61.05,56.13,45.66,76.03,95.08,38.6,72.89,64.09,D
22,Engineering,6.7,76.58,81.69,80.05,58.13,70.95,63.8,92.95,78.74,A
24,Engineering,2.6,66.24,63.67,44.07,93.0,64.57,82.8,67.46,65.92,D
23,CS,5.3,85.36,62.83,58.51,75.11,73.13,88.3,71.43,70.98,C
18,CS,6.9,88.97,91.22,63.85,88.75,79.87,48.3,73.22,78.29,A
22,CS,1.1,100.0,66.48,76.3,82.79,64.09,80.0,80.86,74.85,B
22,Engineering,5.0,84.43,73.29,60.93,82.53,55.21,56.9,83.78,70.17,C
23,Mathematics,7.6,80.74,100.0,39.06,83.38,70.01,63.4,64.76,71.34,C
22,Mathematics,3.9,100.0,78.65,52.45,68.08,87.18,78.9,74.74,72.07,C
20,Business,3.1,84.77,56.46,72.43,72.76,61.7,70.5,100.0,71.79,C
18,Business,5.8,68.14,83.21,53.67,79.28,44.34,86.2,71.96,70.0,C
24,Business,4.7,42.02,59.12,74.88,83.5,51.23,59.6,57.59,68.57,C
24,Mathematics,4.4,82.61,53.43,75.51,54.09,79.92,75.4,98.83,73.06,B
18,Business,3.3,100.0,65.84,86.81,77.89,50.36,58.9,68.35,72.82,B
21,Business,4.4,69.86,72.49,79.8,70.3,71.63,72.7,80.52,77.25,A
20,CS,5.2,97.7,42.19,55.49,58.29,94.11,16.5,73.95,59.59,F
18,Mathematics,5.3,50.89,86.07,71.13,69.08,78.01,64.6,84.1,78.14,A
18,CS,4.4,97.82,84.51,55.91,85.46,50.02,64.3,74.67,70.09,C
19,CS,6.7,73.19,69.3,60.51,82.81,80.98,94.6,58.49,75.24,B
20,Business,3.9,84.21,68.45,62.45,44.71,72.92,70.5,93.26,68.4,D
18,Business,4.1,87.1,82.76,54.35,77.94,74.1,50.5,91.52,71.91,C
21,CS,5.0,71.36,83.67,56.79,63.33,58.04,58.0,76.82,67.96,D
21,Engineering,5.8,74.57,54.89,90.7,37.39,49.4,71.8,72.84,68.57,C
23,Mathematics,6.3,94.12,91.7,75.62,65.17,65.28,56.2,87.08,78.07,A
19,Business,3.3,69.59,67.11,91.88,71.5,72.8,73.1,86.13,80.2,A
18,CS,3.2,79.51,89.82,69.1,78.14,60.85,43.8,86.65,74.19,B
18,CS,4.9,80.81,77.57,41.07,99.96,77.6,74.9,79.04,72.31,C
20,Business,3.0,91.6,73.43,61.27,71.88,31.82,41.0,71.27,61.35,F
22,Engineering,7.1,85.11,88.91,67.12,49.09,67.25,83.1,58.99,73.13,B
23,Business,5.8,86.36,68.29,76.42,67.58,87.8,83.4,86.76,79.81,A
22,CS,7.1,69.52,71.02,65.86,81.61,67.61,62.8,54.51,71.63,C
24,CS,7.1,91.73,71.14,45.33,76.07,72.26,79.9,81.25,69.74,C
23,Business,5.2,80.11,54.84,61.07,70.07,80.57,36.3,64.01,64.52,D
19,Mathematics,4.7,66.82,44.54,89.53,72.45,64.84,87.1,77.83,75.2,B
20,CS,5.2,63.15,55.0,57.59,65.61,66.52,48.6,94.93,65.05,D
24,Mathematics,3.9,76.82,84.43,61.44,76.9,43.18,64.4,90.29,70.75,C
20,Engineering,7.5,75.49,73.59,66.11,62.57,72.09,61.6,87.49,73.41,B
18,CS,4.2,90.23,56.64,27.82,97.23,79.36,63.3,75.3,62.12,F
18,Engineering,8.4,83.44,59.02,73.89,80.05,62.49,79.3,90.03,76.48,B
21,Business,4.1,79.6,44.06,66.03,80.11,41.62,79.8,100.0,66.91,D
23,CS,7.1,85.38,83.93,64.85,88.66,92.99,58.0,65.6,79.4,A
18,Engineering,5.8,97.91,55.21,86.01,90.52,65.51,54.2,64.6,75.03,B
21,Business,4.2,72.72,67.46,69.35,58.34,63.11,55.6,96.59,69.83,C
21,Engineering,3.7,77.36,97.81,57.3,56.1,57.16,54.2,84.85,69.5,C
18,Engineering,4.4,59.5,46.9,80.76,63.84,92.68,53.7,75.59,72.22,C
18,CS,4.6,59.58,64.91,56.49,71.02,60.25,93.0,81.4,69.36,C
23,Business,5.2,70.44,49.67,74.4,72.07,75.17,52.9,62.92,68.52,C
18,Mathematics,4.0,68.0,72.72,49.49,91.04,82.5,74.1,56.06,70.44,C
22,Business,3.3,77.82,43.58,62.71,81.19,59.11,44.3,87.48,63.4,D
19,Engineering,2.5,87.36,69.73,75.99,86.85,76.6,49.9,84.53,75.95,B
20,Mathematics,3.9,82.11,64.48,58.19,64.29,69.43,76.2,67.76,66.76,D
18,Business,4.2,77.72,44.22,68.19,100.0,51.5,75.5,67.87,68.46,D
22,Business,9.1,70.27,74.32,67.79,82.84,64.78,86.7,69.87,77.55,A
24,Engineering,4.7,100.0,59.74,72.13,89.03,69.6,87.9,49.89,73.51,B
18,CS,6.6,66.21,84.2,75.22,73.03,65.28,43.2,90.19,76.79,B
20,Mathematics,2.4,82.83,85.51,75.2,53.7,72.17,68.0,81.72,74.71,B
21,Business,3.1,87.98,80.84,88.71,50.32,100.0,89.2,72.94,83.09,A
24,CS,5.3,75.86,74.46,46.71,91.52,60.24,65.2,85.67,69.41,C
22,Mathematics,3.6,63.16,62.0,59.97,99.96,75.0,49.5,84.8,71.86,C
19,Business,6.1,65.55,59.7,40.68,77.21,75.05,57.4,66.57,62.43,F
21,Engineering,4.3,100.0,45.36,68.19,64.58,100.0,67.1,71.55,70.23,C
22,Mathematics,2.4,71.51,58.33,61.04,74.6,86.96,73.1,66.95,69.42,C
23,Mathematics,5.0,83.93,83.86,38.71,70.87,55.94,43.7,68.38,61.11,F
22,Engineering,3.2,67.81,59.17,100.0,62.18,70.06,61.9,93.11,78.77,A
18,Engineering,4.7,61.82,69.75,62.36,100.0,77.92,66.3,82.74,76.6,B
19,CS,3.5,88.1,53.56,49.53,99.47,69.97,100.0,79.27,70.66,C
18,CS,6.6,78.79,68.28,64.86,76.24,67.19,67.2,78.34,72.48,C
23,Engineering,6.3,100.0,52.08,67.93,79.08,73.77,55.7,96.44,72.09,C
20,Engineering,6.9,78.29,87.16,42.88,55.18,63.98,83.7,88.23,68.81,C
23,Engineering,2.8,75.42,73.13,62.05,76.34,48.75,60.9,71.18,66.61,D
